Started by user admin
[Pipeline] Start of Pipeline
[Pipeline] node
Running on stp-map-agent-3 in /home/jenkins/agent/workspace/EI-11-Job-B
[Pipeline] {
[Pipeline] stage
[Pipeline] { (Checkout exact R1)
[Pipeline] deleteDir
[Pipeline] sh
+ git clone --no-hardlinks /opt/ei11/sonar-java .
Cloning into '.'...
done.
+ git checkout --detach eed6922c776e5d029266459d04ed5a69e9d6fc8f
HEAD is now at eed6922c77 Add EI-11 diagnostic output
+ git rev-parse HEAD
+ test eed6922c776e5d029266459d04ed5a69e9d6fc8f = eed6922c776e5d029266459d04ed5a69e9d6fc8f
[Pipeline] writeFile
[Pipeline] sh
+ hostname
+ printf node=%s
workspace=%s
 stp-map-agent-3 /home/jenkins/agent/workspace/EI-11-Job-B
+ java -version
Picked up JAVA_TOOL_OPTIONS: -Xmx1024m
openjdk version "26.0.2" 2026-07-21
OpenJDK Runtime Environment Temurin-26.0.2+10 (build 26.0.2+10)
OpenJDK 64-Bit Server VM Temurin-26.0.2+10 (build 26.0.2+10, mixed mode, sharing)
+ mvn -version
Picked up JAVA_TOOL_OPTIONS: -Xmx1024m
Apache Maven 3.9.16 (2bdd9fddda4b155ebf8000e807eb73fd829a51d5)
Maven home: /opt/apache-maven
Java version: 26.0.2, vendor: Eclipse Adoptium, runtime: /usr/lib/jvm/temurin-26-jdk
Default locale: en, platform encoding: UTF-8
OS name: "linux", version: "7.0.12-linuxkit", arch: "aarch64", family: "unix"
[Pipeline] }
[Pipeline] // stage
[Pipeline] stage
[Pipeline] { (Lookup published R0 map)
[Pipeline] stpLookupCoverageMap
[EI-11-Job-B] $ java -jar /home/jenkins/agent/workspace/EI-11-Job-B@tmp/stp-mapping-tool-776643b4-05d1-4a14-aa37-68845706e908.jar lookup-latest /opt/ei11/map-storage SonarJava ei11-r0 /home/jenkins/agent/workspace/EI-11-Job-B/build/stp/resolved-r0-map.json 9bbe6d04d2db75e5b864f3a424bb78bfa4f36b4c
LOOKUP PASS revision=9bbe6d04d2db75e5b864f3a424bb78bfa4f36b4c
[STP] policy source=STORAGE outcome=FOUND context=MAP_LOOKUP action=CONTINUE reasonCode=SAFE_DOMAIN_RESULT retryability=NOT_RETRYABLE fallbackOccurred=false userActionRequired=false
[Pipeline] }
[Pipeline] // stage
[Pipeline] stage
[Pipeline] { (Generate authoritative R1 Maven inventory)
[Pipeline] stpHeadInventory
[EI-11-Job-B] $ git rev-parse --verify HEAD^{commit}
[EI-11-Job-B] $ git rev-parse --verify eed6922c776e5d029266459d04ed5a69e9d6fc8f^{commit}
[Pipeline] {
[Pipeline] sh
+ mvn -s .ei11-settings.xml -B -ntp -Ddevelocity.skip=true process-test-classes com.sap.oss.smart-test-picker:smart-test-picker-maven:0.1.0:generate-reactor-head-test-inventory -DsmartTestPicker.schemaVersion=3 -DsmartTestPicker.prHeadRevision=eed6922c776e5d029266459d04ed5a69e9d6fc8f
Picked up JAVA_TOOL_OPTIONS: -Xmx1024m
WARNING: A terminally deprecated method in sun.misc.Unsafe has been called
WARNING: sun.misc.Unsafe::objectFieldOffset has been called by com.gradle.maven.extension.internal.dep.com.google.common.util.concurrent.AbstractFuture$UnsafeAtomicHelper (file:/home/jenkins/.m2/repository/com/gradle/develocity-maven-extension/1.22.2/develocity-maven-extension-1.22.2.jar)
WARNING: Please consider reporting this to the maintainers of class com.gradle.maven.extension.internal.dep.com.google.common.util.concurrent.AbstractFuture$UnsafeAtomicHelper
WARNING: sun.misc.Unsafe::objectFieldOffset will be removed in a future release
WARNING: Final field server in class com.gradle.maven.common.configuration.model.DevelocityXmlConfiguration has been mutated reflectively by class org.eclipse.sisu.plexus.CompositeBeanHelper in unnamed module @1e730495 (file:/opt/apache-maven/lib/org.eclipse.sisu.plexus-1.0.0.jar)
WARNING: Use --enable-final-field-mutation=ALL-UNNAMED to avoid a warning
WARNING: Mutating final fields will be blocked in a future release unless final field mutation is enabled
[INFO] Scanning for projects...
[WARNING] This build will only read from the build cache, since the clean lifecycle is not part of the build invocation.
[WARNING] Unexpected error while contacting Develocity server at https://develocity.sonar.build/
[INFO] ------------------------------------------------------------------------
[INFO] Reactor Build Order:
[INFO] 
[INFO] SonarJava                                                          [pom]
[INFO] SonarQube Java :: Checks Test Sources :: Parent Pom                [pom]
[INFO] SonarQube Java :: Checks Test Sources :: AWS                       [jar]
[INFO] SonarQube Java :: Checks Test Sources :: Default                   [jar]
[INFO] SonarQube Java :: Checks Test Sources :: Java 17                   [jar]
[INFO] SonarQube Java :: Checks Test Sources :: Spring Boot 3.2           [jar]
[INFO] SonarQube Java :: Checks Test Sources :: Spring Web 4.0            [jar]
[INFO] SonarQube Java :: Checks Test Sources :: Quarkus ArC 3.15          [jar]
[INFO] SonarQube Java :: Checks Test Sources :: Test Classpath Reader     [jar]
[INFO] SonarQube Java :: Front-end                                        [jar]
[INFO] SonarQube Java :: Checks Test tool kit                             [jar]
[INFO] SonarQube Java :: Checks Common                                    [jar]
[INFO] SonarQube Java :: Checks                                           [jar]
[INFO] SonarQube Java :: AWS Checks                                       [jar]
[INFO] SonarQube Java :: Check List                                       [jar]
[INFO] SonarQube Java :: External Reports Sensor                          [jar]
[INFO] SonarQube Java :: Surefire                                         [jar]
[INFO] SonarQube Java :: JSP                                              [jar]
[INFO] SonarQube Java :: Plugin                                  [sonar-plugin]
[INFO] SonarQube Java :: ITs                                              [pom]
[INFO] SonarQube Java :: ITs :: Plugin                                    [pom]
[INFO] SonarQube Java :: ITs :: Plugin :: Plugins                         [pom]
[INFO] SonarQube Java :: ITS :: Plugin :: Java Extension Plugin  [sonar-plugin]
[INFO] SonarQube Java :: Documentation                                    [pom]
[INFO] SonarQube Java :: Documentation :: Custom Rules Example   [sonar-plugin]
[INFO] SonarQube Java :: ITs :: Plugin :: Tests                           [jar]
[INFO] SonarQube Java :: ITs :: Ruling                                    [jar]
[INFO] 
[INFO] ---------------------< org.sonarsource.java:java >----------------------
[INFO] Building SonarJava 8.44.0-SNAPSHOT                                [1/27]
[INFO]   from pom.xml
[INFO] --------------------------------[ pom ]---------------------------------
[INFO] 
[INFO] --- buildnumber:3.2.1:create (default) @ java ---
[INFO] Executing: /bin/sh -c cd '/home/jenkins/agent/workspace/EI-11-Job-B' && 'git' 'log' '-1' '--no-merges' '--format=format:%H %aI %aE %aN'
[INFO] Working directory: /home/jenkins/agent/workspace/EI-11-Job-B
[INFO] Storing buildNumber: eed6922c776e5d029266459d04ed5a69e9d6fc8f at timestamp: 1789313006595
[INFO] Executing: /bin/sh -c cd '/home/jenkins/agent/workspace/EI-11-Job-B' && 'git' 'symbolic-ref' 'HEAD'
[INFO] Working directory: /home/jenkins/agent/workspace/EI-11-Job-B
[WARNING] Cannot get the branch information from the git repository: 
Detecting the current branch failed: fatal: ref HEAD is not a symbolic ref

[INFO] Executing: /bin/sh -c cd '/home/jenkins/agent/workspace/EI-11-Job-B' && 'git' 'log' '-1' '--no-merges' '--format=format:%H %aI %aE %aN'
[INFO] Working directory: /home/jenkins/agent/workspace/EI-11-Job-B
[INFO] Storing scmBranch: UNKNOWN
[INFO] 
[INFO] --- enforcer:3.5.0:enforce (enforce) @ java ---
[INFO] Rule 0: org.apache.maven.enforcer.rules.property.RequireProperty passed
[INFO] Rule 1: org.apache.maven.enforcer.rules.property.RequireProperty passed
[INFO] Rule 2: org.apache.maven.enforcer.rules.property.RequireProperty passed
[INFO] Rule 3: org.apache.maven.enforcer.rules.property.RequireProperty passed
[INFO] Rule 4: org.apache.maven.enforcer.rules.property.RequireProperty passed
[INFO] Rule 5: org.apache.maven.enforcer.rules.property.RequireProperty passed
[INFO] Rule 6: org.apache.maven.enforcer.rules.version.RequireMavenVersion passed
[INFO] Rule 7: org.apache.maven.enforcer.rules.version.RequireJavaVersion passed
[INFO] Rule 8: org.apache.maven.enforcer.rules.RequirePluginVersions passed
[INFO] 
[INFO] --- license:4.6:check (enforce-license-headers) @ java ---
[INFO] Checking licenses...
[INFO] 
[INFO] --- bsh:1.4:run (compute-artifact-display-version) @ java ---
[INFO] Executing Script
[INFO] file class java.lang.Object
[INFO] script class java.lang.String
[INFO] evaluating script if (! "8.44.0-SNAPSHOT".endsWith("-SNAPSHOT")) { [+ 14 omitted line(s)]
[INFO] 
[INFO] --- dependency:3.8.1:copy (download-jacoco-agent) @ java ---
[INFO] Configured Artifact: org.jacoco:org.jacoco.agent:runtime:0.8.15:jar
[INFO] Configured Artifact: org.mockito:mockito-core:5.23.0:jar
[INFO] 
[INFO] -----------< org.sonarsource.java:java-checks-test-sources >------------
[INFO] Building SonarQube Java :: Checks Test Sources :: Parent Pom 8.44.0-SNAPSHOT [2/27]
[INFO]   from java-checks-test-sources/pom.xml
[INFO] --------------------------------[ pom ]---------------------------------
[INFO] 
[INFO] --- buildnumber:3.2.1:create (default) @ java-checks-test-sources ---
[INFO] 
[INFO] --- enforcer:3.5.0:enforce (enforce) @ java-checks-test-sources ---
[INFO] Rule 0: org.apache.maven.enforcer.rules.property.RequireProperty passed
[INFO] Rule 1: org.apache.maven.enforcer.rules.property.RequireProperty passed
[INFO] Rule 2: org.apache.maven.enforcer.rules.property.RequireProperty passed
[INFO] Rule 3: org.apache.maven.enforcer.rules.property.RequireProperty passed
[INFO] Rule 4: org.apache.maven.enforcer.rules.property.RequireProperty passed
[INFO] Rule 5: org.apache.maven.enforcer.rules.property.RequireProperty passed
[INFO] Rule 8: org.apache.maven.enforcer.rules.RequirePluginVersions passed
[INFO] 
[INFO] --- license:4.6:check (enforce-license-headers) @ java-checks-test-sources ---
[INFO] Checking licenses...
[INFO] 
[INFO] --- dependency:3.8.1:build-classpath (build-classpath) @ java-checks-test-sources ---
[INFO] No dependencies found.
[INFO] Wrote classpath file '/home/jenkins/agent/workspace/EI-11-Job-B/java-checks-test-sources/target/test-classpath.txt'.
[INFO] 
[INFO] --- bsh:1.4:run (compute-artifact-display-version) @ java-checks-test-sources ---
[INFO] Executing Script
[INFO] file class java.lang.Object
[INFO] script class java.lang.String
[INFO] evaluating script if (! "8.44.0-SNAPSHOT".endsWith("-SNAPSHOT")) { [+ 14 omitted line(s)]
[INFO] 
[INFO] --- dependency:3.8.1:copy (download-jacoco-agent) @ java-checks-test-sources ---
[INFO] Configured Artifact: org.jacoco:org.jacoco.agent:runtime:0.8.15:jar
[INFO] Configured Artifact: org.mockito:mockito-core:5.23.0:jar
[INFO] 
[INFO] --- dependency:3.8.1:copy (copy) @ java-checks-test-sources ---
[INFO] Configured Artifact: org.testng:testng:7.5.1:jar
[INFO] 
[INFO] ----------------------< org.sonarsource.java:aws >----------------------
[INFO] Building SonarQube Java :: Checks Test Sources :: AWS 8.44.0-SNAPSHOT [3/27]
[INFO]   from java-checks-test-sources/aws/pom.xml
[INFO] --------------------------------[ jar ]---------------------------------
[INFO] 
[INFO] --- buildnumber:3.2.1:create (default) @ aws ---
[INFO] 
[INFO] --- enforcer:3.5.0:enforce (enforce) @ aws ---
[INFO] Rule 0: org.apache.maven.enforcer.rules.property.RequireProperty passed
[INFO] Rule 1: org.apache.maven.enforcer.rules.property.RequireProperty passed
[INFO] Rule 2: org.apache.maven.enforcer.rules.property.RequireProperty passed
[INFO] Rule 3: org.apache.maven.enforcer.rules.property.RequireProperty passed
[INFO] Rule 4: org.apache.maven.enforcer.rules.property.RequireProperty passed
[INFO] Rule 5: org.apache.maven.enforcer.rules.property.RequireProperty passed
[INFO] Rule 8: org.apache.maven.enforcer.rules.RequirePluginVersions passed
[INFO] 
[INFO] --- license:4.6:check (enforce-license-headers) @ aws ---
[INFO] Checking licenses...
[INFO] 
[INFO] --- dependency:3.8.1:build-classpath (build-classpath) @ aws ---
[INFO] Wrote classpath file '/home/jenkins/agent/workspace/EI-11-Job-B/java-checks-test-sources/aws/target/test-classpath.txt'.
[INFO] 
[INFO] --- bsh:1.4:run (compute-artifact-display-version) @ aws ---
[INFO] Executing Script
[INFO] file class java.lang.Object
[INFO] script class java.lang.String
[INFO] evaluating script if (! "8.44.0-SNAPSHOT".endsWith("-SNAPSHOT")) { [+ 14 omitted line(s)]
[INFO] 
[INFO] --- resources:3.3.1:resources (default-resources) @ aws ---
[INFO] skip non existing resourceDirectory /home/jenkins/agent/workspace/EI-11-Job-B/java-checks-test-sources/aws/src/main/resources
[INFO] 
[INFO] --- compiler:3.13.0:compile (default-compile) @ aws ---
[WARNING] The following annotation processors were found on the classpath: 
[lombok.launch.AnnotationProcessorHider$AnnotationProcessor, lombok.launch.AnnotationProcessorHider$ClaimingProcessor], provided by /home/jenkins/.m2/repository/org/projectlombok/lombok/1.18.30/lombok-1.18.30.jar
Compile avoidance has been deactivated.
Please use the maven-compiler-plugin version 3.5 or above and use the <annotationProcessorPaths> configuration element to declare the processors instead.
If you did not intend to use the processors above (e.g. they were leaked by a dependency), you can use the <proc>none</proc> option to disable annotation processing.

For more information see https://gradle.com/help/maven-extension-compile-avoidance.
[INFO] Recompiling the module because of changed source code.
[INFO] Compiling 9 source files with javac [debug release 21] to target/classes
[INFO] 
[INFO] --- resources:3.3.1:testResources (default-testResources) @ aws ---
[INFO] skip non existing resourceDirectory /home/jenkins/agent/workspace/EI-11-Job-B/java-checks-test-sources/aws/src/test/resources
[INFO] 
[INFO] --- dependency:3.8.1:copy (download-jacoco-agent) @ aws ---
[INFO] Configured Artifact: org.jacoco:org.jacoco.agent:runtime:0.8.15:jar
[INFO] Configured Artifact: org.mockito:mockito-core:5.23.0:jar
[INFO] 
[INFO] --- compiler:3.13.0:testCompile (default-testCompile) @ aws ---
[WARNING] The following annotation processors were found on the classpath: 
[lombok.launch.AnnotationProcessorHider$AnnotationProcessor, lombok.launch.AnnotationProcessorHider$ClaimingProcessor], provided by /home/jenkins/.m2/repository/org/projectlombok/lombok/1.18.30/lombok-1.18.30.jar
Compile avoidance has been deactivated.
Please use the maven-compiler-plugin version 3.5 or above and use the <annotationProcessorPaths> configuration element to declare the processors instead.
If you did not intend to use the processors above (e.g. they were leaked by a dependency), you can use the <proc>none</proc> option to disable annotation processing.

For more information see https://gradle.com/help/maven-extension-compile-avoidance.
[INFO] No sources to compile
[INFO] 
[INFO] --------------------< org.sonarsource.java:default >--------------------
[INFO] Building SonarQube Java :: Checks Test Sources :: Default 8.44.0-SNAPSHOT [4/27]
[INFO]   from java-checks-test-sources/default/pom.xml
[INFO] --------------------------------[ jar ]---------------------------------
[WARNING] 6 problems were encountered while building the effective model for org.openjfx:javafx-controls:jar:20 during dependency collection step for project (use -X to see details)
[WARNING] 1 problem was encountered while building the effective model for org.javassist:javassist:jar:3.20.0-GA during dependency collection step for project (use -X to see details)
[INFO] 
[INFO] --- buildnumber:3.2.1:create (default) @ default ---
[INFO] 
[INFO] --- enforcer:3.5.0:enforce (enforce) @ default ---
[INFO] Rule 0: org.apache.maven.enforcer.rules.property.RequireProperty passed
[INFO] Rule 1: org.apache.maven.enforcer.rules.property.RequireProperty passed
[INFO] Rule 2: org.apache.maven.enforcer.rules.property.RequireProperty passed
[INFO] Rule 3: org.apache.maven.enforcer.rules.property.RequireProperty passed
[INFO] Rule 4: org.apache.maven.enforcer.rules.property.RequireProperty passed
[INFO] Rule 5: org.apache.maven.enforcer.rules.property.RequireProperty passed
[INFO] Rule 8: org.apache.maven.enforcer.rules.RequirePluginVersions passed
[INFO] 
[INFO] --- license:4.6:check (enforce-license-headers) @ default ---
[INFO] Checking licenses...
[INFO] 
[INFO] --- dependency:3.8.1:build-classpath (build-classpath) @ default ---
[INFO] Wrote classpath file '/home/jenkins/agent/workspace/EI-11-Job-B/java-checks-test-sources/default/target/test-classpath.txt'.
[INFO] 
[INFO] --- bsh:1.4:run (compute-artifact-display-version) @ default ---
[INFO] Executing Script
[INFO] file class java.lang.Object
[INFO] script class java.lang.String
[INFO] evaluating script if (! "8.44.0-SNAPSHOT".endsWith("-SNAPSHOT")) { [+ 14 omitted line(s)]
[INFO] 
[INFO] --- resources:3.3.1:resources (default-resources) @ default ---
[INFO] skip non existing resourceDirectory /home/jenkins/agent/workspace/EI-11-Job-B/java-checks-test-sources/default/src/main/resources
[INFO] 
[INFO] --- compiler:3.13.0:compile (default-compile) @ default ---
[INFO] Recompiling the module because of changed source code.
[INFO] Compiling 1062 source files with javac [debug release 26] to target/classes
[WARNING] /home/jenkins/agent/workspace/EI-11-Job-B/java-checks-test-sources/default/src/main/java/checks/ArrayForVarArgCheckSample.java:[52,15] non-varargs call of varargs method with inexact argument type for last parameter;
  cast to java.lang.Object for a varargs call
  cast to java.lang.Object[] for a non-varargs call and to suppress this warning
[WARNING] /home/jenkins/agent/workspace/EI-11-Job-B/java-checks-test-sources/default/src/main/java/checks/ArrayForVarArgCheckSample.java:[53,15] non-varargs call of varargs method with inexact argument type for last parameter;
  cast to java.lang.Object for a varargs call
  cast to java.lang.Object[] for a non-varargs call and to suppress this warning
[WARNING] /home/jenkins/agent/workspace/EI-11-Job-B/java-checks-test-sources/default/src/main/java/checks/ArrayForVarArgCheckSample.java:[54,15] non-varargs call of varargs method with inexact argument type for last parameter;
  cast to java.lang.Object for a varargs call
  cast to java.lang.Object[] for a non-varargs call and to suppress this warning
[WARNING] /home/jenkins/agent/workspace/EI-11-Job-B/java-checks-test-sources/default/src/main/java/checks/ArrayForVarArgCheckSample.java:[55,15] non-varargs call of varargs method with inexact argument type for last parameter;
  cast to java.lang.Object for a varargs call
  cast to java.lang.Object[] for a non-varargs call and to suppress this warning
[WARNING] /home/jenkins/agent/workspace/EI-11-Job-B/java-checks-test-sources/default/src/main/java/checks/ConfusingVarargCheck.java:[15,14] non-varargs call of varargs method with inexact argument type for last parameter;
  cast to java.lang.String for a varargs call
  cast to java.lang.String[] for a non-varargs call and to suppress this warning
[WARNING] /home/jenkins/agent/workspace/EI-11-Job-B/java-checks-test-sources/default/src/main/java/checks/ConfusingVarargCheck.java:[21,12] non-varargs call of varargs method with inexact argument type for last parameter;
  cast to java.lang.Object for a varargs call
  cast to java.lang.Object[] for a non-varargs call and to suppress this warning
[WARNING] /home/jenkins/agent/workspace/EI-11-Job-B/java-checks-test-sources/default/src/main/java/checks/ConfusingVarargCheck.java:[23,12] non-varargs call of varargs method with inexact argument type for last parameter;
  cast to java.lang.Object for a varargs call
  cast to java.lang.Object[] for a non-varargs call and to suppress this warning
[WARNING] /home/jenkins/agent/workspace/EI-11-Job-B/java-checks-test-sources/default/src/main/java/checks/ConfusingVarargCheck.java:[28,12] non-varargs call of varargs method with inexact argument type for last parameter;
  cast to java.lang.Object for a varargs call
  cast to java.lang.Object[] for a non-varargs call and to suppress this warning
[WARNING] /home/jenkins/agent/workspace/EI-11-Job-B/java-checks-test-sources/default/src/main/java/checks/ConfusingVarargCheck.java:[79,65] non-varargs call of varargs method with inexact argument type for last parameter;
  cast to java.lang.Class<?> for a varargs call
  cast to java.lang.Class<?>[] for a non-varargs call and to suppress this warning
[WARNING] /home/jenkins/agent/workspace/EI-11-Job-B/java-checks-test-sources/default/src/main/java/checks/ConfusingVarargCheck.java:[80,25] non-varargs call of varargs method with inexact argument type for last parameter;
  cast to java.lang.Object for a varargs call
  cast to java.lang.Object[] for a non-varargs call and to suppress this warning
[WARNING] /home/jenkins/agent/workspace/EI-11-Job-B/java-checks-test-sources/default/src/main/java/checks/ConfusingVarargCheck.java:[82,65] non-varargs call of varargs method with inexact argument type for last parameter;
  cast to java.lang.Object for a varargs call
  cast to java.lang.Object[] for a non-varargs call and to suppress this warning
[WARNING] /home/jenkins/agent/workspace/EI-11-Job-B/java-checks-test-sources/default/src/main/java/checks/DisallowedThreadGroupCheck.java:[20,21] checkAccess() in java.lang.ThreadGroup has been deprecated and marked for removal
[WARNING] /home/jenkins/agent/workspace/EI-11-Job-B/java-checks-test-sources/default/src/main/java/checks/DisallowedThreadGroupCheck.java:[21,7] destroy() in java.lang.ThreadGroup has been deprecated and marked for removal
[WARNING] /home/jenkins/agent/workspace/EI-11-Job-B/java-checks-test-sources/default/src/main/java/checks/DisallowedThreadGroupCheck.java:[30,7] isDaemon() in java.lang.ThreadGroup has been deprecated and marked for removal
[WARNING] /home/jenkins/agent/workspace/EI-11-Job-B/java-checks-test-sources/default/src/main/java/checks/DisallowedThreadGroupCheck.java:[31,7] isDestroyed() in java.lang.ThreadGroup has been deprecated and marked for removal
[WARNING] /home/jenkins/agent/workspace/EI-11-Job-B/java-checks-test-sources/default/src/main/java/checks/DisallowedThreadGroupCheck.java:[32,7] setDaemon(boolean) in java.lang.ThreadGroup has been deprecated and marked for removal
[WARNING] /home/jenkins/agent/workspace/EI-11-Job-B/java-checks-test-sources/default/src/main/java/checks/FinalizeFieldsSetCheckSample.java:[10,20] finalize() in java.lang.Object has been deprecated and marked for removal
[WARNING] /home/jenkins/agent/workspace/EI-11-Job-B/java-checks-test-sources/default/src/main/java/checks/FinalizeFieldsSetCheckSample.java:[35,20] finalize() in java.lang.Object has been deprecated and marked for removal
[WARNING] /home/jenkins/agent/workspace/EI-11-Job-B/java-checks-test-sources/default/src/main/java/checks/FinalizeFieldsSetCheckSample.java:[55,21] finalize() in java.lang.Object has been deprecated and marked for removal
[WARNING] /home/jenkins/agent/workspace/EI-11-Job-B/java-checks-test-sources/default/src/main/java/checks/FinalizeFieldsSetCheckSample.java:[71,21] finalize() in java.lang.Object has been deprecated and marked for removal
[WARNING] /home/jenkins/agent/workspace/EI-11-Job-B/java-checks-test-sources/default/src/main/java/checks/FinalizerAttackCheckSample.java:[232,26] finalize() in java.lang.Object has been deprecated and marked for removal
[WARNING] /home/jenkins/agent/workspace/EI-11-Job-B/java-checks-test-sources/default/src/main/java/checks/FinalizerAttackCheckSample.java:[304,20] finalize() in java.lang.Object has been deprecated and marked for removal
[WARNING] /home/jenkins/agent/workspace/EI-11-Job-B/java-checks-test-sources/default/src/main/java/checks/FinalizerAttackCheckSample.java:[465,26] finalize() in java.lang.Object has been deprecated and marked for removal
[WARNING] /home/jenkins/agent/workspace/EI-11-Job-B/java-checks-test-sources/default/src/main/java/checks/FinalizerAttackCheckSample.java:[701,26] finalize() in java.lang.Object has been deprecated and marked for removal
[WARNING] /home/jenkins/agent/workspace/EI-11-Job-B/java-checks-test-sources/default/src/main/java/checks/FinalizerAttackCheckSample.java:[715,26] finalize() in java.lang.Object has been deprecated and marked for removal
[WARNING] /home/jenkins/agent/workspace/EI-11-Job-B/java-checks-test-sources/default/src/main/java/checks/GarbageCollectorCalledCheckSample.java:[24,11] runFinalization() in java.lang.System has been deprecated and marked for removal
[WARNING] /home/jenkins/agent/workspace/EI-11-Job-B/java-checks-test-sources/default/src/main/java/checks/GarbageCollectorCalledCheckSample.java:[29,25] runFinalization() in java.lang.Runtime has been deprecated and marked for removal
[WARNING] /home/jenkins/agent/workspace/EI-11-Job-B/java-checks-test-sources/default/src/main/java/checks/GarbageCollectorCalledCheckSample.java:[31,21] runFinalization() in java.lang.Runtime has been deprecated and marked for removal
[WARNING] /home/jenkins/agent/workspace/EI-11-Job-B/java-checks-test-sources/default/src/main/java/checks/GarbageCollectorCalledCheckSample.java:[33,10] runFinalization() in java.lang.Runtime has been deprecated and marked for removal
[WARNING] /home/jenkins/agent/workspace/EI-11-Job-B/java-checks-test-sources/default/src/main/java/checks/GarbageCollectorCalledCheckSample.java:[35,12] runFinalization() in java.lang.Runtime has been deprecated and marked for removal
[WARNING] /home/jenkins/agent/workspace/EI-11-Job-B/java-checks-test-sources/default/src/main/java/checks/MethodOnlyCallsSuperCheckSample.java:[284,29] as of release 17, all floating-point expressions are evaluated strictly and 'strictfp' is not required
[WARNING] /home/jenkins/agent/workspace/EI-11-Job-B/java-checks-test-sources/default/src/main/java/checks/MethodOnlyCallsSuperCheckSample.java:[284,29] as of release 17, all floating-point expressions are evaluated strictly and 'strictfp' is not required
[WARNING] /home/jenkins/agent/workspace/EI-11-Job-B/java-checks-test-sources/default/src/main/java/checks/MethodOnlyCallsSuperCheckSample.java:[284,29] as of release 17, all floating-point expressions are evaluated strictly and 'strictfp' is not required
[WARNING] /home/jenkins/agent/workspace/EI-11-Job-B/java-checks-test-sources/default/src/main/java/checks/MethodOnlyCallsSuperCheckSample.java:[284,29] as of release 17, all floating-point expressions are evaluated strictly and 'strictfp' is not required
[WARNING] /home/jenkins/agent/workspace/EI-11-Job-B/java-checks-test-sources/default/src/main/java/checks/MethodOnlyCallsSuperCheckSample.java:[284,29] as of release 17, all floating-point expressions are evaluated strictly and 'strictfp' is not required
[WARNING] /home/jenkins/agent/workspace/EI-11-Job-B/java-checks-test-sources/default/src/main/java/checks/MissingDeprecatedCheckSample.java:[22,15] deprecated item is not annotated with @Deprecated
[WARNING] /home/jenkins/agent/workspace/EI-11-Job-B/java-checks-test-sources/default/src/main/java/checks/MissingDeprecatedCheckSample.java:[131,15] deprecated item is not annotated with @Deprecated
[WARNING] /home/jenkins/agent/workspace/EI-11-Job-B/java-checks-test-sources/default/src/main/java/checks/MissingDeprecatedCheckSample.java:[126,1] deprecated item is not annotated with @Deprecated
[WARNING] /home/jenkins/agent/workspace/EI-11-Job-B/java-checks-test-sources/default/src/main/java/checks/MissingDeprecatedCheckSample.java:[144,15] deprecated item is not annotated with @Deprecated
[WARNING] /home/jenkins/agent/workspace/EI-11-Job-B/java-checks-test-sources/default/src/main/java/checks/ObjectFinalizeCheckSample.java:[9,20] finalize() in java.lang.Object has been deprecated and marked for removal
[WARNING] /home/jenkins/agent/workspace/EI-11-Job-B/java-checks-test-sources/default/src/main/java/checks/ObjectFinalizeCheckSample.java:[10,12] finalize() in java.lang.Object has been deprecated and marked for removal
[WARNING] /home/jenkins/agent/workspace/EI-11-Job-B/java-checks-test-sources/default/src/main/java/checks/ObjectFinalizeCheckSample.java:[26,10] finalize() in java.lang.Object has been deprecated and marked for removal
[WARNING] /home/jenkins/agent/workspace/EI-11-Job-B/java-checks-test-sources/default/src/main/java/checks/ObjectFinalizeCheckSample.java:[27,9] finalize() in java.lang.Object has been deprecated and marked for removal
[WARNING] /home/jenkins/agent/workspace/EI-11-Job-B/java-checks-test-sources/default/src/main/java/checks/ObjectFinalizeCheckSample.java:[28,5] finalize() in java.lang.Object has been deprecated and marked for removal
[WARNING] /home/jenkins/agent/workspace/EI-11-Job-B/java-checks-test-sources/default/src/main/java/checks/ObjectFinalizeOverriddenCallsSuperFinalizeCheckSample.java:[130,18] finalize() in java.lang.Object has been deprecated and marked for removal
[WARNING] /home/jenkins/agent/workspace/EI-11-Job-B/java-checks-test-sources/default/src/main/java/checks/ObjectFinalizeOverriddenCallsSuperFinalizeCheckSample.java:[140,18] finalize() in java.lang.Object has been deprecated and marked for removal
[WARNING] /home/jenkins/agent/workspace/EI-11-Job-B/java-checks-test-sources/default/src/main/java/checks/ObjectFinalizeOverriddenCallsSuperFinalizeCheckSample.java:[141,10] finalize() in java.lang.Object has been deprecated and marked for removal
[WARNING] /home/jenkins/agent/workspace/EI-11-Job-B/java-checks-test-sources/default/src/main/java/checks/ObjectFinalizeOverriddenCallsSuperFinalizeCheckSample.java:[150,14] finalize() in java.lang.Object has been deprecated and marked for removal
[WARNING] /home/jenkins/agent/workspace/EI-11-Job-B/java-checks-test-sources/default/src/main/java/checks/ObjectFinalizeOverriddenCheckSample.java:[24,20] finalize() in java.lang.Object has been deprecated and marked for removal
[WARNING] /home/jenkins/agent/workspace/EI-11-Job-B/java-checks-test-sources/default/src/main/java/checks/ObjectFinalizeOverriddenCheckSample.java:[35,26] finalize() in java.lang.Object has been deprecated and marked for removal
[WARNING] /home/jenkins/agent/workspace/EI-11-Job-B/java-checks-test-sources/default/src/main/java/checks/ObjectFinalizeOverriddenCheckSample.java:[44,26] finalize() in java.lang.Object has been deprecated and marked for removal
[WARNING] /home/jenkins/agent/workspace/EI-11-Job-B/java-checks-test-sources/default/src/main/java/checks/ObjectFinalizeOverriddenCheckSample.java:[52,20] finalize() in java.lang.Object has been deprecated and marked for removal
[WARNING] /home/jenkins/agent/workspace/EI-11-Job-B/java-checks-test-sources/default/src/main/java/checks/ObjectFinalizeOverriddenNotPublicCheckSample.java:[5,15] finalize() in java.lang.Object has been deprecated and marked for removal
[WARNING] /home/jenkins/agent/workspace/EI-11-Job-B/java-checks-test-sources/default/src/main/java/checks/ObjectFinalizeOverriddenNotPublicCheckSample.java:[13,18] finalize() in java.lang.Object has been deprecated and marked for removal
[WARNING] /home/jenkins/agent/workspace/EI-11-Job-B/java-checks-test-sources/default/src/main/java/checks/ObjectFinalizeOverriddenNotPublicCheckSample.java:[32,15] finalize() in java.lang.Object has been deprecated and marked for removal
[WARNING] /home/jenkins/agent/workspace/EI-11-Job-B/java-checks-test-sources/default/src/main/java/checks/OverrideAnnotationCheck_QuickFixes.java:[20,17] finalize() in java.lang.Object has been deprecated and marked for removal
[WARNING] /home/jenkins/agent/workspace/EI-11-Job-B/java-checks-test-sources/default/src/main/java/checks/OverrideAnnotationCheck_QuickFixes.java:[21,12] finalize() in java.lang.Object has been deprecated and marked for removal
[WARNING] /home/jenkins/agent/workspace/EI-11-Job-B/java-checks-test-sources/default/src/main/java/checks/SyncGetterAndSetterCheckSample.java:[43,5] attempt to synchronize on an instance of a value-based class
[WARNING] /home/jenkins/agent/workspace/EI-11-Job-B/java-checks-test-sources/default/src/main/java/checks/SynchronizationOnStringOrBoxedCheckSample.java:[25,5] attempt to synchronize on an instance of a value-based class
[WARNING] /home/jenkins/agent/workspace/EI-11-Job-B/java-checks-test-sources/default/src/main/java/checks/SynchronizationOnStringOrBoxedCheckSample.java:[29,5] attempt to synchronize on an instance of a value-based class
[WARNING] /home/jenkins/agent/workspace/EI-11-Job-B/java-checks-test-sources/default/src/main/java/checks/SynchronizationOnStringOrBoxedCheckSample.java:[35,5] attempt to synchronize on an instance of a value-based class
[WARNING] /home/jenkins/agent/workspace/EI-11-Job-B/java-checks-test-sources/default/src/main/java/checks/SynchronizationOnStringOrBoxedCheckSample.java:[38,5] attempt to synchronize on an instance of a value-based class
[WARNING] /home/jenkins/agent/workspace/EI-11-Job-B/java-checks-test-sources/default/src/main/java/checks/SynchronizationOnStringOrBoxedCheckSample.java:[41,5] attempt to synchronize on an instance of a value-based class
[WARNING] /home/jenkins/agent/workspace/EI-11-Job-B/java-checks-test-sources/default/src/main/java/checks/SynchronizationOnStringOrBoxedCheckSample.java:[44,5] attempt to synchronize on an instance of a value-based class
[WARNING] /home/jenkins/agent/workspace/EI-11-Job-B/java-checks-test-sources/default/src/main/java/checks/SynchronizationOnStringOrBoxedCheckSample.java:[47,5] attempt to synchronize on an instance of a value-based class
[WARNING] /home/jenkins/agent/workspace/EI-11-Job-B/java-checks-test-sources/default/src/main/java/checks/UnreachableCatchCheck.java:[17,7] unreachable catch clause
  thrown type checks.UnreachableCatchCheck.ExtendsCustomException has already been caught
[WARNING] /home/jenkins/agent/workspace/EI-11-Job-B/java-checks-test-sources/default/src/main/java/checks/UnreachableCatchCheck.java:[27,14] unreachable catch clause
  thrown type checks.UnreachableCatchCheck.ExtendsCustomException has already been caught
[WARNING] /home/jenkins/agent/workspace/EI-11-Job-B/java-checks-test-sources/default/src/main/java/checks/UnreachableCatchCheck.java:[41,14] unreachable catch clause
  thrown type checks.UnreachableCatchCheck.ExtendsExtendsCustomException has already been caught
[WARNING] /home/jenkins/agent/workspace/EI-11-Job-B/java-checks-test-sources/default/src/main/java/checks/UnreachableCatchCheck.java:[41,39] unreachable catch clause
  thrown type checks.UnreachableCatchCheck.ExtendsOtherExtendsCustomException has already been caught
[WARNING] /home/jenkins/agent/workspace/EI-11-Job-B/java-checks-test-sources/default/src/main/java/checks/UnreachableCatchCheck.java:[50,7] unreachable catch clause
  thrown type checks.UnreachableCatchCheck.ExtendsCustomException has already been caught
[WARNING] /home/jenkins/agent/workspace/EI-11-Job-B/java-checks-test-sources/default/src/main/java/checks/UnreachableCatchCheck.java:[66,7] unreachable catch clause
  thrown type checks.UnreachableCatchCheck.ExtendsExtendsCustomException has already been caught
[WARNING] /home/jenkins/agent/workspace/EI-11-Job-B/java-checks-test-sources/default/src/main/java/checks/UnreachableCatchCheck.java:[68,7] unreachable catch clause
  thrown type checks.UnreachableCatchCheck.ExtendsExtendsCustomException has already been caught
[WARNING] /home/jenkins/agent/workspace/EI-11-Job-B/java-checks-test-sources/default/src/main/java/checks/UnreachableCatchCheck.java:[78,7] unreachable catch clause
  thrown type checks.UnreachableCatchCheck.ExtendsCustomException has already been caught
[WARNING] /home/jenkins/agent/workspace/EI-11-Job-B/java-checks-test-sources/default/src/main/java/checks/UnreachableCatchCheck.java:[89,7] unreachable catch clause
  thrown type checks.UnreachableCatchCheck.ExtendsCustomException has already been caught
[WARNING] /home/jenkins/agent/workspace/EI-11-Job-B/java-checks-test-sources/default/src/main/java/checks/UnreachableCatchCheck.java:[99,7] unreachable catch clause
  thrown type checks.UnreachableCatchCheck.ExtendsExtendsCustomException has already been caught
[WARNING] /home/jenkins/agent/workspace/EI-11-Job-B/java-checks-test-sources/default/src/main/java/checks/UnreachableCatchCheck.java:[114,7] unreachable catch clause
  thrown type checks.UnreachableCatchCheck.ExtendsCustomException has already been caught
[WARNING] /home/jenkins/agent/workspace/EI-11-Job-B/java-checks-test-sources/default/src/main/java/checks/UnreachableCatchCheck.java:[209,7] unreachable catch clause
  thrown type checks.UnreachableCatchCheck.ExtendsCustomException has already been caught
[WARNING] /home/jenkins/agent/workspace/EI-11-Job-B/java-checks-test-sources/default/src/main/java/checks/UnreachableCatchCheck.java:[223,7] unreachable catch clause
  thrown type java.io.FileNotFoundException has already been caught
[INFO] /home/jenkins/agent/workspace/EI-11-Job-B/java-checks-test-sources/default/src/main/java/annotations/nullability/no_default/NullabilityAtVariableLevel.java: Some input files use or override a deprecated API.
[INFO] /home/jenkins/agent/workspace/EI-11-Job-B/java-checks-test-sources/default/src/main/java/annotations/nullability/no_default/NullabilityAtVariableLevel.java: Recompile with -Xlint:deprecation for details.
[INFO] /home/jenkins/agent/workspace/EI-11-Job-B/java-checks-test-sources/default/src/main/java/annotations/nullability/no_default/NullabilityWithGenerics.java: Some input files use unchecked or unsafe operations.
[INFO] /home/jenkins/agent/workspace/EI-11-Job-B/java-checks-test-sources/default/src/main/java/annotations/nullability/no_default/NullabilityWithGenerics.java: Recompile with -Xlint:unchecked for details.
[INFO] 
[INFO] --- resources:3.3.1:testResources (default-testResources) @ default ---
[INFO] skip non existing resourceDirectory /home/jenkins/agent/workspace/EI-11-Job-B/java-checks-test-sources/default/src/test/resources
[INFO] 
[INFO] --- dependency:3.8.1:copy (download-jacoco-agent) @ default ---
[INFO] Configured Artifact: org.jacoco:org.jacoco.agent:runtime:0.8.15:jar
[INFO] Configured Artifact: org.mockito:mockito-core:5.23.0:jar
[INFO] 
[INFO] --- compiler:3.13.0:testCompile (default-testCompile) @ default ---
[INFO] Recompiling the module because of changed dependency.
[INFO] Compiling 115 source files with javac [debug release 26] to target/test-classes
[WARNING] /home/jenkins/agent/workspace/EI-11-Job-B/java-checks-test-sources/default/src/test/java/checks/tests/AssertionTypesCheck_AssertJ.java:[138,35] non-varargs call of varargs method with inexact argument type for last parameter;
  cast to java.lang.Object for a varargs call
  cast to java.lang.Object[] for a non-varargs call and to suppress this warning
[INFO] /home/jenkins/agent/workspace/EI-11-Job-B/java-checks-test-sources/default/src/test/java/checks/tests/AssertJAssertionsInConsumerCheckSample.java: Some input files use or override a deprecated API.
[INFO] /home/jenkins/agent/workspace/EI-11-Job-B/java-checks-test-sources/default/src/test/java/checks/tests/AssertJAssertionsInConsumerCheckSample.java: Recompile with -Xlint:deprecation for details.
[INFO] /home/jenkins/agent/workspace/EI-11-Job-B/java-checks-test-sources/default/src/test/java/checks/tests/AssertJChainSimplificationCheckTest.java: Some input files use unchecked or unsafe operations.
[INFO] /home/jenkins/agent/workspace/EI-11-Job-B/java-checks-test-sources/default/src/test/java/checks/tests/AssertJChainSimplificationCheckTest.java: Recompile with -Xlint:unchecked for details.
[INFO] 
[INFO] --------------------< org.sonarsource.java:java-17 >--------------------
[INFO] Building SonarQube Java :: Checks Test Sources :: Java 17 8.44.0-SNAPSHOT [5/27]
[INFO]   from java-checks-test-sources/java-17/pom.xml
[INFO] --------------------------------[ jar ]---------------------------------
[INFO] 
[INFO] --- buildnumber:3.2.1:create (default) @ java-17 ---
[INFO] 
[INFO] --- enforcer:3.5.0:enforce (enforce) @ java-17 ---
[INFO] Rule 0: org.apache.maven.enforcer.rules.property.RequireProperty passed
[INFO] Rule 1: org.apache.maven.enforcer.rules.property.RequireProperty passed
[INFO] Rule 2: org.apache.maven.enforcer.rules.property.RequireProperty passed
[INFO] Rule 3: org.apache.maven.enforcer.rules.property.RequireProperty passed
[INFO] Rule 4: org.apache.maven.enforcer.rules.property.RequireProperty passed
[INFO] Rule 5: org.apache.maven.enforcer.rules.property.RequireProperty passed
[INFO] Rule 8: org.apache.maven.enforcer.rules.RequirePluginVersions passed
[INFO] 
[INFO] --- license:4.6:check (enforce-license-headers) @ java-17 ---
[INFO] Checking licenses...
[INFO] 
[INFO] --- dependency:3.8.1:build-classpath (build-classpath) @ java-17 ---
[INFO] Wrote classpath file '/home/jenkins/agent/workspace/EI-11-Job-B/java-checks-test-sources/java-17/target/test-classpath.txt'.
[INFO] 
[INFO] --- bsh:1.4:run (compute-artifact-display-version) @ java-17 ---
[INFO] Executing Script
[INFO] file class java.lang.Object
[INFO] script class java.lang.String
[INFO] evaluating script if (! "8.44.0-SNAPSHOT".endsWith("-SNAPSHOT")) { [+ 14 omitted line(s)]
[INFO] 
[INFO] --- resources:3.3.1:resources (default-resources) @ java-17 ---
[INFO] skip non existing resourceDirectory /home/jenkins/agent/workspace/EI-11-Job-B/java-checks-test-sources/java-17/src/main/resources
[INFO] 
[INFO] --- compiler:3.13.0:compile (default-compile) @ java-17 ---
[INFO] Recompiling the module because of changed source code.
[INFO] Compiling 1 source file with javac [debug release 17] to target/classes
[WARNING] /home/jenkins/agent/workspace/EI-11-Job-B/java-checks-test-sources/java-17/src/main/java/checks/DisallowedThreadGroupCheck.java:[5,7] allowThreadSuspension(boolean) in java.lang.ThreadGroup has been deprecated and marked for removal
[WARNING] /home/jenkins/agent/workspace/EI-11-Job-B/java-checks-test-sources/java-17/src/main/java/checks/DisallowedThreadGroupCheck.java:[6,7] resume() in java.lang.ThreadGroup has been deprecated and marked for removal
[WARNING] /home/jenkins/agent/workspace/EI-11-Job-B/java-checks-test-sources/java-17/src/main/java/checks/DisallowedThreadGroupCheck.java:[7,7] stop() in java.lang.ThreadGroup has been deprecated and marked for removal
[WARNING] /home/jenkins/agent/workspace/EI-11-Job-B/java-checks-test-sources/java-17/src/main/java/checks/DisallowedThreadGroupCheck.java:[8,7] suspend() in java.lang.ThreadGroup has been deprecated and marked for removal
[INFO] 
[INFO] --- resources:3.3.1:testResources (default-testResources) @ java-17 ---
[INFO] skip non existing resourceDirectory /home/jenkins/agent/workspace/EI-11-Job-B/java-checks-test-sources/java-17/src/test/resources
[INFO] 
[INFO] --- dependency:3.8.1:copy (download-jacoco-agent) @ java-17 ---
[INFO] Configured Artifact: org.jacoco:org.jacoco.agent:runtime:0.8.15:jar
[INFO] Configured Artifact: org.mockito:mockito-core:3.9.0:jar
[INFO] 
[INFO] --- compiler:3.13.0:testCompile (default-testCompile) @ java-17 ---
[INFO] Recompiling the module because of changed dependency.
[INFO] Compiling 1 source file with javac [debug release 17] to target/test-classes
[INFO] /home/jenkins/agent/workspace/EI-11-Job-B/java-checks-test-sources/java-17/src/test/java/checks/tests/MockitoAnnotatedObjectsShouldBeInitialized.java: /home/jenkins/agent/workspace/EI-11-Job-B/java-checks-test-sources/java-17/src/test/java/checks/tests/MockitoAnnotatedObjectsShouldBeInitialized.java uses or overrides a deprecated API.
[INFO] /home/jenkins/agent/workspace/EI-11-Job-B/java-checks-test-sources/java-17/src/test/java/checks/tests/MockitoAnnotatedObjectsShouldBeInitialized.java: Recompile with -Xlint:deprecation for details.
[INFO] 
[INFO] ------------------< org.sonarsource.java:spring-3.2 >-------------------
[INFO] Building SonarQube Java :: Checks Test Sources :: Spring Boot 3.2 8.44.0-SNAPSHOT [6/27]
[INFO]   from java-checks-test-sources/spring-3.2/pom.xml
[INFO] --------------------------------[ jar ]---------------------------------
[INFO] 
[INFO] --- buildnumber:3.2.1:create (default) @ spring-3.2 ---
[INFO] 
[INFO] --- enforcer:3.5.0:enforce (enforce) @ spring-3.2 ---
[INFO] Rule 0: org.apache.maven.enforcer.rules.property.RequireProperty passed
[INFO] Rule 1: org.apache.maven.enforcer.rules.property.RequireProperty passed
[INFO] Rule 2: org.apache.maven.enforcer.rules.property.RequireProperty passed
[INFO] Rule 3: org.apache.maven.enforcer.rules.property.RequireProperty passed
[INFO] Rule 4: org.apache.maven.enforcer.rules.property.RequireProperty passed
[INFO] Rule 5: org.apache.maven.enforcer.rules.property.RequireProperty passed
[INFO] Rule 8: org.apache.maven.enforcer.rules.RequirePluginVersions passed
[INFO] 
[INFO] --- license:4.6:check (enforce-license-headers) @ spring-3.2 ---
[INFO] Checking licenses...
[INFO] 
[INFO] --- dependency:3.8.1:build-classpath (build-classpath) @ spring-3.2 ---
[INFO] Wrote classpath file '/home/jenkins/agent/workspace/EI-11-Job-B/java-checks-test-sources/spring-3.2/target/test-classpath.txt'.
[INFO] 
[INFO] --- bsh:1.4:run (compute-artifact-display-version) @ spring-3.2 ---
[INFO] Executing Script
[INFO] file class java.lang.Object
[INFO] script class java.lang.String
[INFO] evaluating script if (! "8.44.0-SNAPSHOT".endsWith("-SNAPSHOT")) { [+ 14 omitted line(s)]
[INFO] 
[INFO] --- resources:3.3.1:resources (default-resources) @ spring-3.2 ---
[INFO] skip non existing resourceDirectory /home/jenkins/agent/workspace/EI-11-Job-B/java-checks-test-sources/spring-3.2/src/main/resources
[INFO] 
[INFO] --- compiler:3.13.0:compile (default-compile) @ spring-3.2 ---
[INFO] Recompiling the module because of changed source code.
[INFO] Compiling 7 source files with javac [debug release 26] to target/classes
[WARNING] /home/jenkins/agent/workspace/EI-11-Job-B/java-checks-test-sources/spring-3.2/src/main/java/checks/WeakSSLContextCheckSample.java:[29,80] non-varargs call of varargs method with inexact argument type for last parameter;
  cast to java.lang.String for a varargs call
  cast to java.lang.String[] for a non-varargs call and to suppress this warning
[INFO] /home/jenkins/agent/workspace/EI-11-Job-B/java-checks-test-sources/spring-3.2/src/main/java/checks/CookieHttpOnlyCheckSample.java: /home/jenkins/agent/workspace/EI-11-Job-B/java-checks-test-sources/spring-3.2/src/main/java/checks/CookieHttpOnlyCheckSample.java uses or overrides a deprecated API.
[INFO] /home/jenkins/agent/workspace/EI-11-Job-B/java-checks-test-sources/spring-3.2/src/main/java/checks/CookieHttpOnlyCheckSample.java: Recompile with -Xlint:deprecation for details.
[INFO] /home/jenkins/agent/workspace/EI-11-Job-B/java-checks-test-sources/spring-3.2/src/main/java/checks/SQLInjectionCheckSample.java: /home/jenkins/agent/workspace/EI-11-Job-B/java-checks-test-sources/spring-3.2/src/main/java/checks/SQLInjectionCheckSample.java uses unchecked or unsafe operations.
[INFO] /home/jenkins/agent/workspace/EI-11-Job-B/java-checks-test-sources/spring-3.2/src/main/java/checks/SQLInjectionCheckSample.java: Recompile with -Xlint:unchecked for details.
[INFO] 
[INFO] --- resources:3.3.1:testResources (default-testResources) @ spring-3.2 ---
[INFO] skip non existing resourceDirectory /home/jenkins/agent/workspace/EI-11-Job-B/java-checks-test-sources/spring-3.2/src/test/resources
[INFO] 
[INFO] --- dependency:3.8.1:copy (download-jacoco-agent) @ spring-3.2 ---
[INFO] Configured Artifact: org.jacoco:org.jacoco.agent:runtime:0.8.15:jar
[INFO] Configured Artifact: org.mockito:mockito-core:5.23.0:jar
[INFO] 
[INFO] --- compiler:3.13.0:testCompile (default-testCompile) @ spring-3.2 ---
[INFO] No sources to compile
[INFO] 
[INFO] ----------------< org.sonarsource.java:spring-web-4.0 >-----------------
[INFO] Building SonarQube Java :: Checks Test Sources :: Spring Web 4.0 8.44.0-SNAPSHOT [7/27]
[INFO]   from java-checks-test-sources/spring-web-4.0/pom.xml
[INFO] --------------------------------[ jar ]---------------------------------
[INFO] 
[INFO] --- buildnumber:3.2.1:create (default) @ spring-web-4.0 ---
[INFO] 
[INFO] --- enforcer:3.5.0:enforce (enforce) @ spring-web-4.0 ---
[INFO] Rule 0: org.apache.maven.enforcer.rules.property.RequireProperty passed
[INFO] Rule 1: org.apache.maven.enforcer.rules.property.RequireProperty passed
[INFO] Rule 2: org.apache.maven.enforcer.rules.property.RequireProperty passed
[INFO] Rule 3: org.apache.maven.enforcer.rules.property.RequireProperty passed
[INFO] Rule 4: org.apache.maven.enforcer.rules.property.RequireProperty passed
[INFO] Rule 5: org.apache.maven.enforcer.rules.property.RequireProperty passed
[INFO] Rule 8: org.apache.maven.enforcer.rules.RequirePluginVersions passed
[INFO] 
[INFO] --- license:4.6:check (enforce-license-headers) @ spring-web-4.0 ---
[INFO] Checking licenses...
[INFO] 
[INFO] --- dependency:3.8.1:build-classpath (build-classpath) @ spring-web-4.0 ---
[INFO] Wrote classpath file '/home/jenkins/agent/workspace/EI-11-Job-B/java-checks-test-sources/spring-web-4.0/target/test-classpath.txt'.
[INFO] 
[INFO] --- bsh:1.4:run (compute-artifact-display-version) @ spring-web-4.0 ---
[INFO] Executing Script
[INFO] file class java.lang.Object
[INFO] script class java.lang.String
[INFO] evaluating script if (! "8.44.0-SNAPSHOT".endsWith("-SNAPSHOT")) { [+ 14 omitted line(s)]
[INFO] 
[INFO] --- resources:3.3.1:resources (default-resources) @ spring-web-4.0 ---
[INFO] skip non existing resourceDirectory /home/jenkins/agent/workspace/EI-11-Job-B/java-checks-test-sources/spring-web-4.0/src/main/resources
[INFO] 
[INFO] --- compiler:3.13.0:compile (default-compile) @ spring-web-4.0 ---
[INFO] Recompiling the module because of changed source code.
[INFO] Compiling 1 source file with javac [debug release 26] to target/classes
[INFO] 
[INFO] --- resources:3.3.1:testResources (default-testResources) @ spring-web-4.0 ---
[INFO] skip non existing resourceDirectory /home/jenkins/agent/workspace/EI-11-Job-B/java-checks-test-sources/spring-web-4.0/src/test/resources
[INFO] 
[INFO] --- dependency:3.8.1:copy (download-jacoco-agent) @ spring-web-4.0 ---
[INFO] Configured Artifact: org.jacoco:org.jacoco.agent:runtime:0.8.15:jar
[INFO] Configured Artifact: org.mockito:mockito-core:5.23.0:jar
[INFO] 
[INFO] --- compiler:3.13.0:testCompile (default-testCompile) @ spring-web-4.0 ---
[INFO] No sources to compile
[INFO] 
[INFO] ---------------< org.sonarsource.java:quarkus-arc-3.15 >----------------
[INFO] Building SonarQube Java :: Checks Test Sources :: Quarkus ArC 3.15 8.44.0-SNAPSHOT [8/27]
[INFO]   from java-checks-test-sources/quarkus-arc-3.15/pom.xml
[INFO] --------------------------------[ jar ]---------------------------------
[INFO] 
[INFO] --- buildnumber:3.2.1:create (default) @ quarkus-arc-3.15 ---
[INFO] 
[INFO] --- enforcer:3.5.0:enforce (enforce) @ quarkus-arc-3.15 ---
[INFO] Rule 0: org.apache.maven.enforcer.rules.property.RequireProperty passed
[INFO] Rule 1: org.apache.maven.enforcer.rules.property.RequireProperty passed
[INFO] Rule 2: org.apache.maven.enforcer.rules.property.RequireProperty passed
[INFO] Rule 3: org.apache.maven.enforcer.rules.property.RequireProperty passed
[INFO] Rule 4: org.apache.maven.enforcer.rules.property.RequireProperty passed
[INFO] Rule 5: org.apache.maven.enforcer.rules.property.RequireProperty passed
[INFO] Rule 8: org.apache.maven.enforcer.rules.RequirePluginVersions passed
[INFO] 
[INFO] --- license:4.6:check (enforce-license-headers) @ quarkus-arc-3.15 ---
[INFO] Checking licenses...
[INFO] 
[INFO] --- dependency:3.8.1:build-classpath (build-classpath) @ quarkus-arc-3.15 ---
[INFO] Wrote classpath file '/home/jenkins/agent/workspace/EI-11-Job-B/java-checks-test-sources/quarkus-arc-3.15/target/test-classpath.txt'.
[INFO] 
[INFO] --- bsh:1.4:run (compute-artifact-display-version) @ quarkus-arc-3.15 ---
[INFO] Executing Script
[INFO] file class java.lang.Object
[INFO] script class java.lang.String
[INFO] evaluating script if (! "8.44.0-SNAPSHOT".endsWith("-SNAPSHOT")) { [+ 14 omitted line(s)]
[INFO] 
[INFO] --- resources:3.3.1:resources (default-resources) @ quarkus-arc-3.15 ---
[INFO] skip non existing resourceDirectory /home/jenkins/agent/workspace/EI-11-Job-B/java-checks-test-sources/quarkus-arc-3.15/src/main/resources
[INFO] 
[INFO] --- compiler:3.13.0:compile (default-compile) @ quarkus-arc-3.15 ---
[INFO] Recompiling the module because of changed source code.
[INFO] Compiling 1 source file with javac [debug release 17] to target/classes
[INFO] 
[INFO] --- resources:3.3.1:testResources (default-testResources) @ quarkus-arc-3.15 ---
[INFO] skip non existing resourceDirectory /home/jenkins/agent/workspace/EI-11-Job-B/java-checks-test-sources/quarkus-arc-3.15/src/test/resources
[INFO] 
[INFO] --- dependency:3.8.1:copy (download-jacoco-agent) @ quarkus-arc-3.15 ---
[INFO] Configured Artifact: org.jacoco:org.jacoco.agent:runtime:0.8.15:jar
[INFO] Configured Artifact: org.mockito:mockito-core:5.23.0:jar
[INFO] 
[INFO] --- compiler:3.13.0:testCompile (default-testCompile) @ quarkus-arc-3.15 ---
[INFO] No sources to compile
[INFO] 
[INFO] -------------< org.sonarsource.java:test-classpath-reader >-------------
[INFO] Building SonarQube Java :: Checks Test Sources :: Test Classpath Reader 8.44.0-SNAPSHOT [9/27]
[INFO]   from java-checks-test-sources/test-classpath-reader/pom.xml
[INFO] --------------------------------[ jar ]---------------------------------
[INFO] 
[INFO] --- buildnumber:3.2.1:create (default) @ test-classpath-reader ---
[INFO] 
[INFO] --- enforcer:3.5.0:enforce (enforce) @ test-classpath-reader ---
[INFO] Rule 0: org.apache.maven.enforcer.rules.property.RequireProperty passed
[INFO] Rule 1: org.apache.maven.enforcer.rules.property.RequireProperty passed
[INFO] Rule 2: org.apache.maven.enforcer.rules.property.RequireProperty passed
[INFO] Rule 3: org.apache.maven.enforcer.rules.property.RequireProperty passed
[INFO] Rule 4: org.apache.maven.enforcer.rules.property.RequireProperty passed
[INFO] Rule 5: org.apache.maven.enforcer.rules.property.RequireProperty passed
[INFO] Rule 8: org.apache.maven.enforcer.rules.RequirePluginVersions passed
[INFO] 
[INFO] --- license:4.6:check (enforce-license-headers) @ test-classpath-reader ---
[INFO] Checking licenses...
[INFO] 
[INFO] --- dependency:3.8.1:build-classpath (build-classpath) @ test-classpath-reader ---
[INFO] Wrote classpath file '/home/jenkins/agent/workspace/EI-11-Job-B/java-checks-test-sources/test-classpath-reader/target/test-classpath.txt'.
[INFO] 
[INFO] --- bsh:1.4:run (compute-artifact-display-version) @ test-classpath-reader ---
[INFO] Executing Script
[INFO] file class java.lang.Object
[INFO] script class java.lang.String
[INFO] evaluating script if (! "8.44.0-SNAPSHOT".endsWith("-SNAPSHOT")) { [+ 14 omitted line(s)]
[INFO] 
[INFO] --- resources:3.3.1:resources (default-resources) @ test-classpath-reader ---
[INFO] skip non existing resourceDirectory /home/jenkins/agent/workspace/EI-11-Job-B/java-checks-test-sources/test-classpath-reader/src/main/resources
[INFO] 
[INFO] --- compiler:3.13.0:compile (default-compile) @ test-classpath-reader ---
[INFO] Recompiling the module because of changed source code.
[INFO] Compiling 2 source files with javac [debug release 17] to target/classes
[INFO] 
[INFO] --- resources:3.3.1:testResources (default-testResources) @ test-classpath-reader ---
[INFO] Copying 2 resources from src/test/resources to target/test-classes
[INFO] 
[INFO] --- dependency:3.8.1:copy (download-jacoco-agent) @ test-classpath-reader ---
[INFO] Configured Artifact: org.jacoco:org.jacoco.agent:runtime:0.8.15:jar
[INFO] Configured Artifact: org.mockito:mockito-core:5.23.0:jar
[INFO] 
[INFO] --- compiler:3.13.0:testCompile (default-testCompile) @ test-classpath-reader ---
[INFO] Recompiling the module because of changed dependency.
[INFO] Compiling 1 source file with javac [debug release 17] to target/test-classes
[INFO] 
[INFO] -----------------< org.sonarsource.java:java-frontend >-----------------
[INFO] Building SonarQube Java :: Front-end 8.44.0-SNAPSHOT             [10/27]
[INFO]   from java-frontend/pom.xml
[INFO] --------------------------------[ jar ]---------------------------------
[INFO] 
[INFO] --- buildnumber:3.2.1:create (default) @ java-frontend ---
[INFO] 
[INFO] --- enforcer:3.5.0:enforce (enforce) @ java-frontend ---
[INFO] Rule 0: org.apache.maven.enforcer.rules.property.RequireProperty passed
[INFO] Rule 1: org.apache.maven.enforcer.rules.property.RequireProperty passed
[INFO] Rule 2: org.apache.maven.enforcer.rules.property.RequireProperty passed
[INFO] Rule 3: org.apache.maven.enforcer.rules.property.RequireProperty passed
[INFO] Rule 4: org.apache.maven.enforcer.rules.property.RequireProperty passed
[INFO] Rule 5: org.apache.maven.enforcer.rules.property.RequireProperty passed
[INFO] Rule 8: org.apache.maven.enforcer.rules.RequirePluginVersions passed
[INFO] 
[INFO] --- license:4.6:check (enforce-license-headers) @ java-frontend ---
[INFO] Checking licenses...
[INFO] 
[INFO] --- bsh:1.4:run (compute-artifact-display-version) @ java-frontend ---
[INFO] Executing Script
[INFO] file class java.lang.Object
[INFO] script class java.lang.String
[INFO] evaluating script if (! "8.44.0-SNAPSHOT".endsWith("-SNAPSHOT")) { [+ 14 omitted line(s)]
[INFO] 
[INFO] --- resources:3.3.1:resources (default-resources) @ java-frontend ---
[INFO] skip non existing resourceDirectory /home/jenkins/agent/workspace/EI-11-Job-B/java-frontend/src/main/resources
[INFO] 
[INFO] --- compiler:3.13.0:compile (default-compile) @ java-frontend ---
[INFO] Recompiling the module because of changed source code.
[INFO] Compiling 360 source files with javac [debug release 21] to target/classes
[WARNING] /home/jenkins/agent/workspace/EI-11-Job-B/java-frontend/src/main/java/org/sonar/java/model/InternalSyntaxToken.java:[91,14] column() in org.sonar.plugins.java.api.tree.SyntaxToken has been deprecated and marked for removal
[WARNING] /home/jenkins/agent/workspace/EI-11-Job-B/java-frontend/src/main/java/org/sonar/java/model/InternalSyntaxToken.java:[86,14] line() in org.sonar.plugins.java.api.tree.SyntaxToken has been deprecated and marked for removal
[WARNING] /home/jenkins/agent/workspace/EI-11-Job-B/java-frontend/src/main/java/org/sonar/java/model/InternalSyntaxTrivia.java:[122,14] column() in org.sonar.plugins.java.api.tree.SyntaxTrivia has been deprecated and marked for removal
[WARNING] /home/jenkins/agent/workspace/EI-11-Job-B/java-frontend/src/main/java/org/sonar/java/model/InternalSyntaxTrivia.java:[92,14] startLine() in org.sonar.plugins.java.api.tree.SyntaxTrivia has been deprecated and marked for removal
[WARNING] /home/jenkins/agent/workspace/EI-11-Job-B/java-frontend/src/main/java/org/sonar/java/model/expression/NewClassTreeImpl.java:[161,17] constructorSymbol() in org.sonar.plugins.java.api.tree.NewClassTree has been deprecated and marked for removal
[WARNING] /home/jenkins/agent/workspace/EI-11-Job-B/java-frontend/src/main/java/org/sonar/java/model/expression/MethodInvocationTreeImpl.java:[88,17] symbol() in org.sonar.plugins.java.api.tree.MethodInvocationTree has been deprecated and marked for removal
[WARNING] /home/jenkins/agent/workspace/EI-11-Job-B/java-frontend/src/main/java/org/sonar/java/model/expression/InstanceOfTreeImpl.java:[89,23] variable() in org.sonar.plugins.java.api.tree.PatternInstanceOfTree has been deprecated and marked for removal
[INFO] /home/jenkins/agent/workspace/EI-11-Job-B/java-frontend/src/main/java/org/sonar/java/AnalysisWarningsWrapper.java: Some input files use or override a deprecated API.
[INFO] /home/jenkins/agent/workspace/EI-11-Job-B/java-frontend/src/main/java/org/sonar/java/AnalysisWarningsWrapper.java: Recompile with -Xlint:deprecation for details.
[INFO] /home/jenkins/agent/workspace/EI-11-Job-B/java-frontend/src/main/java/org/sonar/java/SonarComponents.java: Some input files use unchecked or unsafe operations.
[INFO] /home/jenkins/agent/workspace/EI-11-Job-B/java-frontend/src/main/java/org/sonar/java/SonarComponents.java: Recompile with -Xlint:unchecked for details.
[INFO] 
[INFO] --- dependency:3.8.1:unpack (unpack-test-projects) @ java-frontend ---
[INFO] Configured Artifact: commons-collections:commons-collections:sources:3.2.1:jar
[INFO] Configured Artifact: commons-collections:commons-collections:3.2.1:jar
[INFO] Configured Artifact: org.apache.struts:struts-core:sources:1.3.9:jar
[INFO] Configured Artifact: org.apache.struts:struts-core:1.3.9:jar
[INFO] 
[INFO] --- resources:3.3.1:testResources (default-testResources) @ java-frontend ---
[INFO] Copying 9 resources from src/test/resources to target/test-classes
[INFO] 
[INFO] --- dependency:3.8.1:copy (download-jacoco-agent) @ java-frontend ---
[INFO] Configured Artifact: org.jacoco:org.jacoco.agent:runtime:0.8.15:jar
[INFO] Configured Artifact: org.mockito:mockito-core:5.23.0:jar
[INFO] 
[INFO] --- compiler:3.13.0:testCompile (default-testCompile) @ java-frontend ---
[INFO] Recompiling the module because of changed dependency.
[INFO] Compiling 149 source files with javac [debug release 21] to target/test-classes
[WARNING] /home/jenkins/agent/workspace/EI-11-Job-B/java-frontend/src/test/java/org/sonar/java/model/InternalSyntaxTokenTest.java:[31,21] line() in org.sonar.plugins.java.api.tree.SyntaxToken has been deprecated and marked for removal
[WARNING] /home/jenkins/agent/workspace/EI-11-Job-B/java-frontend/src/test/java/org/sonar/java/model/InternalSyntaxTokenTest.java:[32,21] column() in org.sonar.plugins.java.api.tree.SyntaxToken has been deprecated and marked for removal
[WARNING] /home/jenkins/agent/workspace/EI-11-Job-B/java-frontend/src/test/java/org/sonar/java/model/InternalSyntaxTokenTest.java:[36,21] line() in org.sonar.plugins.java.api.tree.SyntaxToken has been deprecated and marked for removal
[WARNING] /home/jenkins/agent/workspace/EI-11-Job-B/java-frontend/src/test/java/org/sonar/java/model/InternalSyntaxTokenTest.java:[37,21] column() in org.sonar.plugins.java.api.tree.SyntaxToken has been deprecated and marked for removal
[WARNING] /home/jenkins/agent/workspace/EI-11-Job-B/java-frontend/src/test/java/org/sonar/java/model/InternalSyntaxTriviaTest.java:[38,22] startLine() in org.sonar.plugins.java.api.tree.SyntaxTrivia has been deprecated and marked for removal
[WARNING] /home/jenkins/agent/workspace/EI-11-Job-B/java-frontend/src/test/java/org/sonar/java/model/InternalSyntaxTriviaTest.java:[39,22] column() in org.sonar.plugins.java.api.tree.SyntaxTrivia has been deprecated and marked for removal
[WARNING] /home/jenkins/agent/workspace/EI-11-Job-B/java-frontend/src/test/java/org/sonar/java/model/InternalSyntaxTriviaTest.java:[56,22] startLine() in org.sonar.plugins.java.api.tree.SyntaxTrivia has been deprecated and marked for removal
[WARNING] /home/jenkins/agent/workspace/EI-11-Job-B/java-frontend/src/test/java/org/sonar/java/model/InternalSyntaxTriviaTest.java:[57,22] column() in org.sonar.plugins.java.api.tree.SyntaxTrivia has been deprecated and marked for removal
[WARNING] /home/jenkins/agent/workspace/EI-11-Job-B/java-frontend/src/test/java/org/sonar/java/model/InternalSyntaxTriviaTest.java:[70,22] startLine() in org.sonar.plugins.java.api.tree.SyntaxTrivia has been deprecated and marked for removal
[WARNING] /home/jenkins/agent/workspace/EI-11-Job-B/java-frontend/src/test/java/org/sonar/java/model/InternalSyntaxTriviaTest.java:[71,22] column() in org.sonar.plugins.java.api.tree.SyntaxTrivia has been deprecated and marked for removal
[WARNING] /home/jenkins/agent/workspace/EI-11-Job-B/java-frontend/src/test/java/org/sonar/java/model/InternalSyntaxTriviaTest.java:[84,22] startLine() in org.sonar.plugins.java.api.tree.SyntaxTrivia has been deprecated and marked for removal
[WARNING] /home/jenkins/agent/workspace/EI-11-Job-B/java-frontend/src/test/java/org/sonar/java/model/InternalSyntaxTriviaTest.java:[85,22] column() in org.sonar.plugins.java.api.tree.SyntaxTrivia has been deprecated and marked for removal
[WARNING] /home/jenkins/agent/workspace/EI-11-Job-B/java-frontend/src/test/java/org/sonar/java/model/JParserSemanticTest.java:[609,46] variable() in org.sonar.plugins.java.api.tree.PatternInstanceOfTree has been deprecated and marked for removal
[WARNING] /home/jenkins/agent/workspace/EI-11-Job-B/java-frontend/src/test/java/org/sonar/java/model/expression/InstanceOfTreeImplTest.java:[63,20] variable() in org.sonar.plugins.java.api.tree.PatternInstanceOfTree has been deprecated and marked for removal
[WARNING] /home/jenkins/agent/workspace/EI-11-Job-B/java-frontend/src/test/java/org/sonar/java/model/expression/InstanceOfTreeImplTest.java:[100,33] variable() in org.sonar.plugins.java.api.tree.PatternInstanceOfTree has been deprecated and marked for removal
[WARNING] /home/jenkins/agent/workspace/EI-11-Job-B/java-frontend/src/test/java/org/sonar/plugins/java/api/CheckRegistrarTest.java:[81,32] repositoryKey() in org.sonar.plugins.java.api.CheckRegistrar.RegistrarContext has been deprecated and marked for removal
[WARNING] /home/jenkins/agent/workspace/EI-11-Job-B/java-frontend/src/test/java/org/sonar/plugins/java/api/CheckRegistrarTest.java:[82,32] checkClasses() in org.sonar.plugins.java.api.CheckRegistrar.RegistrarContext has been deprecated and marked for removal
[WARNING] /home/jenkins/agent/workspace/EI-11-Job-B/java-frontend/src/test/java/org/sonar/plugins/java/api/CheckRegistrarTest.java:[83,32] testCheckClasses() in org.sonar.plugins.java.api.CheckRegistrar.RegistrarContext has been deprecated and marked for removal
[INFO] /home/jenkins/agent/workspace/EI-11-Job-B/java-frontend/src/test/java/org/sonar/java/BatchGeneratorTest.java: Some input files use or override a deprecated API.
[INFO] /home/jenkins/agent/workspace/EI-11-Job-B/java-frontend/src/test/java/org/sonar/java/BatchGeneratorTest.java: Recompile with -Xlint:deprecation for details.
[INFO] /home/jenkins/agent/workspace/EI-11-Job-B/java-frontend/src/test/java/org/sonar/java/SonarComponentsTest.java: Some input files use unchecked or unsafe operations.
[INFO] /home/jenkins/agent/workspace/EI-11-Job-B/java-frontend/src/test/java/org/sonar/java/SonarComponentsTest.java: Recompile with -Xlint:unchecked for details.
[INFO] 
[INFO] --------------< org.sonarsource.java:java-checks-testkit >--------------
[INFO] Building SonarQube Java :: Checks Test tool kit 8.44.0-SNAPSHOT  [11/27]
[INFO]   from java-checks-testkit/pom.xml
[INFO] --------------------------------[ jar ]---------------------------------
[INFO] 
[INFO] --- buildnumber:3.2.1:create (default) @ java-checks-testkit ---
[INFO] 
[INFO] --- enforcer:3.5.0:enforce (enforce) @ java-checks-testkit ---
[INFO] Rule 0: org.apache.maven.enforcer.rules.property.RequireProperty passed
[INFO] Rule 1: org.apache.maven.enforcer.rules.property.RequireProperty passed
[INFO] Rule 2: org.apache.maven.enforcer.rules.property.RequireProperty passed
[INFO] Rule 3: org.apache.maven.enforcer.rules.property.RequireProperty passed
[INFO] Rule 4: org.apache.maven.enforcer.rules.property.RequireProperty passed
[INFO] Rule 5: org.apache.maven.enforcer.rules.property.RequireProperty passed
[INFO] Rule 8: org.apache.maven.enforcer.rules.RequirePluginVersions passed
[INFO] 
[INFO] --- license:4.6:check (enforce-license-headers) @ java-checks-testkit ---
[INFO] Checking licenses...
[INFO] 
[INFO] --- bsh:1.4:run (compute-artifact-display-version) @ java-checks-testkit ---
[INFO] Executing Script
[INFO] file class java.lang.Object
[INFO] script class java.lang.String
[INFO] evaluating script if (! "8.44.0-SNAPSHOT".endsWith("-SNAPSHOT")) { [+ 14 omitted line(s)]
[INFO] 
[INFO] --- resources:3.3.1:resources (default-resources) @ java-checks-testkit ---
[INFO] skip non existing resourceDirectory /home/jenkins/agent/workspace/EI-11-Job-B/java-checks-testkit/src/main/resources
[INFO] 
[INFO] --- compiler:3.13.0:compile (default-compile) @ java-checks-testkit ---
[INFO] Recompiling the module because of changed dependency.
[INFO] Compiling 23 source files with javac [debug release 21] to target/classes
[INFO] /home/jenkins/agent/workspace/EI-11-Job-B/java-checks-testkit/src/main/java/org/sonar/java/checks/verifier/internal/InternalSensorContext.java: Some input files use or override a deprecated API.
[INFO] /home/jenkins/agent/workspace/EI-11-Job-B/java-checks-testkit/src/main/java/org/sonar/java/checks/verifier/internal/InternalSensorContext.java: Recompile with -Xlint:deprecation for details.
[INFO] /home/jenkins/agent/workspace/EI-11-Job-B/java-checks-testkit/src/main/java/org/sonar/java/checks/verifier/TestCheckRegistrarContext.java: Some input files use unchecked or unsafe operations.
[INFO] /home/jenkins/agent/workspace/EI-11-Job-B/java-checks-testkit/src/main/java/org/sonar/java/checks/verifier/TestCheckRegistrarContext.java: Recompile with -Xlint:unchecked for details.
[INFO] 
[INFO] --- resources:3.3.1:testResources (default-testResources) @ java-checks-testkit ---
[INFO] Copying 5 resources from src/test/resources to target/test-classes
[INFO] 
[INFO] --- dependency:3.8.1:copy (download-jacoco-agent) @ java-checks-testkit ---
[INFO] Configured Artifact: org.jacoco:org.jacoco.agent:runtime:0.8.15:jar
[INFO] Configured Artifact: org.mockito:mockito-core:5.23.0:jar
[INFO] 
[INFO] --- compiler:3.13.0:testCompile (default-testCompile) @ java-checks-testkit ---
[INFO] Recompiling the module because of changed dependency.
[INFO] Compiling 19 source files with javac [debug release 21] to target/test-classes
[WARNING] /home/jenkins/agent/workspace/EI-11-Job-B/java-checks-testkit/src/test/java/org/sonar/java/checks/verifier/CheckVerifierTest.java:[57,18] newInternalVerifier() in org.sonar.java.checks.verifier.CheckVerifier has been deprecated and marked for removal
[WARNING] /home/jenkins/agent/workspace/EI-11-Job-B/java-checks-testkit/src/test/java/org/sonar/java/checks/verifier/CheckVerifierTest.java:[75,43] newInternalVerifier() in org.sonar.java.checks.verifier.CheckVerifier has been deprecated and marked for removal
[WARNING] /home/jenkins/agent/workspace/EI-11-Job-B/java-checks-testkit/src/test/java/org/sonar/java/checks/verifier/CheckVerifierTest.java:[95,43] newInternalVerifier() in org.sonar.java.checks.verifier.CheckVerifier has been deprecated and marked for removal
[WARNING] /home/jenkins/agent/workspace/EI-11-Job-B/java-checks-testkit/src/test/java/org/sonar/java/checks/verifier/CheckVerifierTest.java:[105,43] newInternalVerifier() in org.sonar.java.checks.verifier.CheckVerifier has been deprecated and marked for removal
[WARNING] /home/jenkins/agent/workspace/EI-11-Job-B/java-checks-testkit/src/test/java/org/sonar/java/checks/verifier/CheckVerifierTest.java:[116,18] newInternalVerifier() in org.sonar.java.checks.verifier.CheckVerifier has been deprecated and marked for removal
[WARNING] /home/jenkins/agent/workspace/EI-11-Job-B/java-checks-testkit/src/test/java/org/sonar/java/checks/verifier/CheckVerifierTest.java:[134,43] newInternalVerifier() in org.sonar.java.checks.verifier.CheckVerifier has been deprecated and marked for removal
[WARNING] /home/jenkins/agent/workspace/EI-11-Job-B/java-checks-testkit/src/test/java/org/sonar/java/checks/verifier/CheckVerifierTest.java:[140,18] newInternalVerifier() in org.sonar.java.checks.verifier.CheckVerifier has been deprecated and marked for removal
[WARNING] /home/jenkins/agent/workspace/EI-11-Job-B/java-checks-testkit/src/test/java/org/sonar/java/checks/verifier/CheckVerifierTest.java:[158,18] newInternalVerifier() in org.sonar.java.checks.verifier.CheckVerifier has been deprecated and marked for removal
[WARNING] /home/jenkins/agent/workspace/EI-11-Job-B/java-checks-testkit/src/test/java/org/sonar/java/checks/verifier/CheckVerifierTest.java:[180,18] newInternalVerifier() in org.sonar.java.checks.verifier.CheckVerifier has been deprecated and marked for removal
[WARNING] /home/jenkins/agent/workspace/EI-11-Job-B/java-checks-testkit/src/test/java/org/sonar/java/checks/verifier/CheckVerifierTest.java:[188,43] newInternalVerifier() in org.sonar.java.checks.verifier.CheckVerifier has been deprecated and marked for removal
[WARNING] /home/jenkins/agent/workspace/EI-11-Job-B/java-checks-testkit/src/test/java/org/sonar/java/checks/verifier/CheckVerifierTest.java:[199,43] newInternalVerifier() in org.sonar.java.checks.verifier.CheckVerifier has been deprecated and marked for removal
[WARNING] /home/jenkins/agent/workspace/EI-11-Job-B/java-checks-testkit/src/test/java/org/sonar/java/checks/verifier/CheckVerifierTest.java:[211,43] newInternalVerifier() in org.sonar.java.checks.verifier.CheckVerifier has been deprecated and marked for removal
[WARNING] /home/jenkins/agent/workspace/EI-11-Job-B/java-checks-testkit/src/test/java/org/sonar/java/checks/verifier/CheckVerifierTest.java:[222,43] newInternalVerifier() in org.sonar.java.checks.verifier.CheckVerifier has been deprecated and marked for removal
[WARNING] /home/jenkins/agent/workspace/EI-11-Job-B/java-checks-testkit/src/test/java/org/sonar/java/checks/verifier/CheckVerifierTest.java:[234,43] newInternalVerifier() in org.sonar.java.checks.verifier.CheckVerifier has been deprecated and marked for removal
[WARNING] /home/jenkins/agent/workspace/EI-11-Job-B/java-checks-testkit/src/test/java/org/sonar/java/checks/verifier/CheckVerifierTest.java:[246,43] newInternalVerifier() in org.sonar.java.checks.verifier.CheckVerifier has been deprecated and marked for removal
[WARNING] /home/jenkins/agent/workspace/EI-11-Job-B/java-checks-testkit/src/test/java/org/sonar/java/checks/verifier/CheckVerifierTest.java:[279,18] newInternalVerifier() in org.sonar.java.checks.verifier.CheckVerifier has been deprecated and marked for removal
[WARNING] /home/jenkins/agent/workspace/EI-11-Job-B/java-checks-testkit/src/test/java/org/sonar/java/checks/verifier/CheckVerifierTest.java:[298,43] newInternalVerifier() in org.sonar.java.checks.verifier.CheckVerifier has been deprecated and marked for removal
[WARNING] /home/jenkins/agent/workspace/EI-11-Job-B/java-checks-testkit/src/test/java/org/sonar/java/checks/verifier/CheckVerifierTest.java:[317,43] newInternalVerifier() in org.sonar.java.checks.verifier.CheckVerifier has been deprecated and marked for removal
[WARNING] /home/jenkins/agent/workspace/EI-11-Job-B/java-checks-testkit/src/test/java/org/sonar/java/checks/verifier/CheckVerifierTest.java:[339,61] newInternalVerifier() in org.sonar.java.checks.verifier.CheckVerifier has been deprecated and marked for removal
[WARNING] /home/jenkins/agent/workspace/EI-11-Job-B/java-checks-testkit/src/test/java/org/sonar/java/checks/verifier/CheckVerifierTest.java:[358,61] newInternalVerifier() in org.sonar.java.checks.verifier.CheckVerifier has been deprecated and marked for removal
[WARNING] /home/jenkins/agent/workspace/EI-11-Job-B/java-checks-testkit/src/test/java/org/sonar/java/checks/verifier/CheckVerifierTest.java:[372,43] newInternalVerifier() in org.sonar.java.checks.verifier.CheckVerifier has been deprecated and marked for removal
[WARNING] /home/jenkins/agent/workspace/EI-11-Job-B/java-checks-testkit/src/test/java/org/sonar/java/checks/verifier/CheckVerifierTest.java:[390,18] newInternalVerifier() in org.sonar.java.checks.verifier.CheckVerifier has been deprecated and marked for removal
[WARNING] /home/jenkins/agent/workspace/EI-11-Job-B/java-checks-testkit/src/test/java/org/sonar/java/checks/verifier/CheckVerifierTest.java:[407,18] newInternalVerifier() in org.sonar.java.checks.verifier.CheckVerifier has been deprecated and marked for removal
[WARNING] /home/jenkins/agent/workspace/EI-11-Job-B/java-checks-testkit/src/test/java/org/sonar/java/checks/verifier/CheckVerifierTest.java:[416,26] newInternalVerifier() in org.sonar.java.checks.verifier.CheckVerifier has been deprecated and marked for removal
[WARNING] /home/jenkins/agent/workspace/EI-11-Job-B/java-checks-testkit/src/test/java/org/sonar/java/checks/verifier/CheckVerifierTest.java:[427,26] newInternalVerifier() in org.sonar.java.checks.verifier.CheckVerifier has been deprecated and marked for removal
[WARNING] /home/jenkins/agent/workspace/EI-11-Job-B/java-checks-testkit/src/test/java/org/sonar/java/checks/verifier/CheckVerifierTest.java:[458,18] newInternalVerifier() in org.sonar.java.checks.verifier.CheckVerifier has been deprecated and marked for removal
[WARNING] /home/jenkins/agent/workspace/EI-11-Job-B/java-checks-testkit/src/test/java/org/sonar/java/checks/verifier/CheckVerifierTest.java:[478,26] newInternalVerifier() in org.sonar.java.checks.verifier.CheckVerifier has been deprecated and marked for removal
[INFO] /home/jenkins/agent/workspace/EI-11-Job-B/java-checks-testkit/src/test/java/org/sonar/java/checks/verifier/internal/InternalFileSystemTest.java: Some input files use or override a deprecated API.
[INFO] /home/jenkins/agent/workspace/EI-11-Job-B/java-checks-testkit/src/test/java/org/sonar/java/checks/verifier/internal/InternalFileSystemTest.java: Recompile with -Xlint:deprecation for details.
[INFO] /home/jenkins/agent/workspace/EI-11-Job-B/java-checks-testkit/src/test/java/org/sonar/java/checks/verifier/internal/ExpectationsTest.java: /home/jenkins/agent/workspace/EI-11-Job-B/java-checks-testkit/src/test/java/org/sonar/java/checks/verifier/internal/ExpectationsTest.java uses unchecked or unsafe operations.
[INFO] /home/jenkins/agent/workspace/EI-11-Job-B/java-checks-testkit/src/test/java/org/sonar/java/checks/verifier/internal/ExpectationsTest.java: Recompile with -Xlint:unchecked for details.
[INFO] 
[INFO] --------------< org.sonarsource.java:java-checks-common >---------------
[INFO] Building SonarQube Java :: Checks Common 8.44.0-SNAPSHOT         [12/27]
[INFO]   from java-checks-common/pom.xml
[INFO] --------------------------------[ jar ]---------------------------------
[INFO] 
[INFO] --- buildnumber:3.2.1:create (default) @ java-checks-common ---
[INFO] 
[INFO] --- enforcer:3.5.0:enforce (enforce) @ java-checks-common ---
[INFO] Rule 0: org.apache.maven.enforcer.rules.property.RequireProperty passed
[INFO] Rule 1: org.apache.maven.enforcer.rules.property.RequireProperty passed
[INFO] Rule 2: org.apache.maven.enforcer.rules.property.RequireProperty passed
[INFO] Rule 3: org.apache.maven.enforcer.rules.property.RequireProperty passed
[INFO] Rule 4: org.apache.maven.enforcer.rules.property.RequireProperty passed
[INFO] Rule 5: org.apache.maven.enforcer.rules.property.RequireProperty passed
[INFO] Rule 8: org.apache.maven.enforcer.rules.RequirePluginVersions passed
[INFO] 
[INFO] --- license:4.6:check (enforce-license-headers) @ java-checks-common ---
[INFO] Checking licenses...
[INFO] 
[INFO] --- bsh:1.4:run (compute-artifact-display-version) @ java-checks-common ---
[INFO] Executing Script
[INFO] file class java.lang.Object
[INFO] script class java.lang.String
[INFO] evaluating script if (! "8.44.0-SNAPSHOT".endsWith("-SNAPSHOT")) { [+ 14 omitted line(s)]
[INFO] 
[INFO] --- resources:3.3.1:resources (default-resources) @ java-checks-common ---
[INFO] skip non existing resourceDirectory /home/jenkins/agent/workspace/EI-11-Job-B/java-checks-common/src/main/resources
[INFO] 
[INFO] --- compiler:3.13.0:compile (default-compile) @ java-checks-common ---
[INFO] Recompiling the module because of changed dependency.
[INFO] Compiling 9 source files with javac [debug release 21] to target/classes
[INFO] 
[INFO] --- resources:3.3.1:testResources (default-testResources) @ java-checks-common ---
[INFO] Copying 1 resource from src/test/resources to target/test-classes
[INFO] 
[INFO] --- dependency:3.8.1:copy (download-jacoco-agent) @ java-checks-common ---
[INFO] Configured Artifact: org.jacoco:org.jacoco.agent:runtime:0.8.15:jar
[INFO] Configured Artifact: org.mockito:mockito-core:5.23.0:jar
[INFO] 
[INFO] --- compiler:3.13.0:testCompile (default-testCompile) @ java-checks-common ---
[INFO] Recompiling the module because of changed dependency.
[INFO] Compiling 8 source files with javac [debug release 21] to target/test-classes
[INFO] /home/jenkins/agent/workspace/EI-11-Job-B/java-checks-common/src/test/java/org/sonar/java/checks/helpers/ExpressionsHelperTest.java: Some input files use or override a deprecated API.
[INFO] /home/jenkins/agent/workspace/EI-11-Job-B/java-checks-common/src/test/java/org/sonar/java/checks/helpers/ExpressionsHelperTest.java: Recompile with -Xlint:deprecation for details.
[INFO] 
[INFO] ------------------< org.sonarsource.java:java-checks >------------------
[INFO] Building SonarQube Java :: Checks 8.44.0-SNAPSHOT                [13/27]
[INFO]   from java-checks/pom.xml
[INFO] --------------------------------[ jar ]---------------------------------
[INFO] 
[INFO] --- buildnumber:3.2.1:create (default) @ java-checks ---
[INFO] 
[INFO] --- enforcer:3.5.0:enforce (enforce) @ java-checks ---
[INFO] Rule 0: org.apache.maven.enforcer.rules.property.RequireProperty passed
[INFO] Rule 1: org.apache.maven.enforcer.rules.property.RequireProperty passed
[INFO] Rule 2: org.apache.maven.enforcer.rules.property.RequireProperty passed
[INFO] Rule 3: org.apache.maven.enforcer.rules.property.RequireProperty passed
[INFO] Rule 4: org.apache.maven.enforcer.rules.property.RequireProperty passed
[INFO] Rule 5: org.apache.maven.enforcer.rules.property.RequireProperty passed
[INFO] Rule 8: org.apache.maven.enforcer.rules.RequirePluginVersions passed
[INFO] 
[INFO] --- license:4.6:check (enforce-license-headers) @ java-checks ---
[INFO] Checking licenses...
[INFO] 
[INFO] --- bsh:1.4:run (compute-artifact-display-version) @ java-checks ---
[INFO] Executing Script
[INFO] file class java.lang.Object
[INFO] script class java.lang.String
[INFO] evaluating script if (! "8.44.0-SNAPSHOT".endsWith("-SNAPSHOT")) { [+ 14 omitted line(s)]
[INFO] 
[INFO] --- resources:3.3.1:resources (default-resources) @ java-checks ---
[INFO] skip non existing resourceDirectory /home/jenkins/agent/workspace/EI-11-Job-B/java-checks/src/main/resources
[INFO] 
[INFO] --- compiler:3.13.0:compile (default-compile) @ java-checks ---
[INFO] Recompiling the module because of changed dependency.
[INFO] Compiling 821 source files with javac [debug release 21] to target/classes
[INFO] /home/jenkins/agent/workspace/EI-11-Job-B/java-checks/src/main/java/org/sonar/java/checks/HardCodedPasswordCheck.java: Some input files use or override a deprecated API.
[INFO] /home/jenkins/agent/workspace/EI-11-Job-B/java-checks/src/main/java/org/sonar/java/checks/HardCodedPasswordCheck.java: Recompile with -Xlint:deprecation for details.
[INFO] /home/jenkins/agent/workspace/EI-11-Job-B/java-checks/src/main/java/org/sonar/java/checks/helpers/QuickFixHelper.java: Some input files use unchecked or unsafe operations.
[INFO] /home/jenkins/agent/workspace/EI-11-Job-B/java-checks/src/main/java/org/sonar/java/checks/helpers/QuickFixHelper.java: Recompile with -Xlint:unchecked for details.
[INFO] 
[INFO] --- resources:3.3.1:testResources (default-testResources) @ java-checks ---
[INFO] Copying 1 resource from src/test/resources to target/test-classes
[INFO] 
[INFO] --- dependency:3.8.1:copy (download-jacoco-agent) @ java-checks ---
[INFO] Configured Artifact: org.jacoco:org.jacoco.agent:runtime:0.8.15:jar
[INFO] Configured Artifact: org.mockito:mockito-core:5.23.0:jar
[INFO] 
[INFO] --- compiler:3.13.0:testCompile (default-testCompile) @ java-checks ---
[INFO] Recompiling the module because of changed dependency.
[INFO] Compiling 775 source files with javac [debug release 21] to target/test-classes
[INFO] /home/jenkins/agent/workspace/EI-11-Job-B/java-checks/src/test/java/org/sonar/java/checks/helpers/BoundedIntegerRangeTest.java: Some input files use or override a deprecated API.
[INFO] /home/jenkins/agent/workspace/EI-11-Job-B/java-checks/src/test/java/org/sonar/java/checks/helpers/BoundedIntegerRangeTest.java: Recompile with -Xlint:deprecation for details.
[INFO] 
[INFO] ----------------< org.sonarsource.java:java-checks-aws >----------------
[INFO] Building SonarQube Java :: AWS Checks 8.44.0-SNAPSHOT            [14/27]
[INFO]   from java-checks-aws/pom.xml
[INFO] --------------------------------[ jar ]---------------------------------
[INFO] 
[INFO] --- buildnumber:3.2.1:create (default) @ java-checks-aws ---
[INFO] 
[INFO] --- enforcer:3.5.0:enforce (enforce) @ java-checks-aws ---
[INFO] Rule 0: org.apache.maven.enforcer.rules.property.RequireProperty passed
[INFO] Rule 1: org.apache.maven.enforcer.rules.property.RequireProperty passed
[INFO] Rule 2: org.apache.maven.enforcer.rules.property.RequireProperty passed
[INFO] Rule 3: org.apache.maven.enforcer.rules.property.RequireProperty passed
[INFO] Rule 4: org.apache.maven.enforcer.rules.property.RequireProperty passed
[INFO] Rule 5: org.apache.maven.enforcer.rules.property.RequireProperty passed
[INFO] Rule 8: org.apache.maven.enforcer.rules.RequirePluginVersions passed
[INFO] 
[INFO] --- license:4.6:check (enforce-license-headers) @ java-checks-aws ---
[INFO] Checking licenses...
[INFO] 
[INFO] --- bsh:1.4:run (compute-artifact-display-version) @ java-checks-aws ---
[INFO] Executing Script
[INFO] file class java.lang.Object
[INFO] script class java.lang.String
[INFO] evaluating script if (! "8.44.0-SNAPSHOT".endsWith("-SNAPSHOT")) { [+ 14 omitted line(s)]
[INFO] 
[INFO] --- resources:3.3.1:resources (default-resources) @ java-checks-aws ---
[INFO] Copying 1 resource from src/main/resources to target/classes
[INFO] 
[INFO] --- compiler:3.13.0:compile (default-compile) @ java-checks-aws ---
[INFO] Recompiling the module because of changed dependency.
[INFO] Compiling 12 source files with javac [debug release 21] to target/classes
[INFO] 
[INFO] --- resources:3.3.1:testResources (default-testResources) @ java-checks-aws ---
[INFO] skip non existing resourceDirectory /home/jenkins/agent/workspace/EI-11-Job-B/java-checks-aws/src/test/resources
[INFO] 
[INFO] --- dependency:3.8.1:copy (download-jacoco-agent) @ java-checks-aws ---
[INFO] Configured Artifact: org.jacoco:org.jacoco.agent:runtime:0.8.15:jar
[INFO] Configured Artifact: org.mockito:mockito-core:5.23.0:jar
[INFO] 
[INFO] --- compiler:3.13.0:testCompile (default-testCompile) @ java-checks-aws ---
[INFO] Recompiling the module because of changed dependency.
[INFO] Compiling 8 source files with javac [debug release 21] to target/test-classes
[INFO] 
[INFO] ------------------< org.sonarsource.java:check-list >-------------------
[INFO] Building SonarQube Java :: Check List 8.44.0-SNAPSHOT            [15/27]
[INFO]   from check-list/pom.xml
[INFO] --------------------------------[ jar ]---------------------------------
[INFO] 
[INFO] --- buildnumber:3.2.1:create (default) @ check-list ---
[INFO] 
[INFO] --- enforcer:3.5.0:enforce (enforce) @ check-list ---
[INFO] Rule 0: org.apache.maven.enforcer.rules.property.RequireProperty passed
[INFO] Rule 1: org.apache.maven.enforcer.rules.property.RequireProperty passed
[INFO] Rule 2: org.apache.maven.enforcer.rules.property.RequireProperty passed
[INFO] Rule 3: org.apache.maven.enforcer.rules.property.RequireProperty passed
[INFO] Rule 4: org.apache.maven.enforcer.rules.property.RequireProperty passed
[INFO] Rule 5: org.apache.maven.enforcer.rules.property.RequireProperty passed
[INFO] Rule 8: org.apache.maven.enforcer.rules.RequirePluginVersions passed
[INFO] 
[INFO] --- license:4.6:check (enforce-license-headers) @ check-list ---
[INFO] Checking licenses...
[INFO] 
[INFO] --- bsh:1.4:run (compute-artifact-display-version) @ check-list ---
[INFO] Executing Script
[INFO] file class java.lang.Object
[INFO] script class java.lang.String
[INFO] evaluating script if (! "8.44.0-SNAPSHOT".endsWith("-SNAPSHOT")) { [+ 14 omitted line(s)]
[INFO] 
[INFO] --- resources:3.3.1:resources (default-resources) @ check-list ---
[INFO] skip non existing resourceDirectory /home/jenkins/agent/workspace/EI-11-Job-B/check-list/src/main/resources
[INFO] 
[INFO] --- compiler:3.13.0:compile (default-compile) @ check-list ---
[INFO] Recompiling the module because of changed dependency.
[INFO] Compiling 2 source files with javac [debug release 21] to target/classes
[INFO] 
[INFO] --- exec:3.6.3:java (default) @ check-list ---
SLF4J(W): No SLF4J providers were found.
SLF4J(W): Defaulting to no-operation (NOP) logger implementation
SLF4J(W): See https://www.slf4j.org/codes.html#noProviders for further details.
[INFO] 
[INFO] --- build-helper:3.6.1:add-source (default) @ check-list ---
[INFO] Source directory: /home/jenkins/agent/workspace/EI-11-Job-B/check-list/target/generated-sources added.
[INFO] 
[INFO] --- compiler:3.13.0:compile (default) @ check-list ---
[INFO] Recompiling the module because of changed dependency.
[INFO] Compiling 3 source files with javac [debug release 21] to target/classes
[INFO] 
[INFO] --- resources:3.3.1:testResources (default-testResources) @ check-list ---
[INFO] skip non existing resourceDirectory /home/jenkins/agent/workspace/EI-11-Job-B/check-list/src/test/resources
[INFO] 
[INFO] --- dependency:3.8.1:copy (download-jacoco-agent) @ check-list ---
[INFO] Configured Artifact: org.jacoco:org.jacoco.agent:runtime:0.8.15:jar
[INFO] Configured Artifact: org.mockito:mockito-core:5.23.0:jar
[INFO] 
[INFO] --- compiler:3.13.0:testCompile (default-testCompile) @ check-list ---
[INFO] Recompiling the module because of changed dependency.
[INFO] Compiling 1 source file with javac [debug release 21] to target/test-classes
[INFO] 
[INFO] ---------------< org.sonarsource.java:external-reports >----------------
[INFO] Building SonarQube Java :: External Reports Sensor 8.44.0-SNAPSHOT [16/27]
[INFO]   from external-reports/pom.xml
[INFO] --------------------------------[ jar ]---------------------------------
[INFO] 
[INFO] --- buildnumber:3.2.1:create (default) @ external-reports ---
[INFO] 
[INFO] --- enforcer:3.5.0:enforce (enforce) @ external-reports ---
[INFO] Rule 0: org.apache.maven.enforcer.rules.property.RequireProperty passed
[INFO] Rule 1: org.apache.maven.enforcer.rules.property.RequireProperty passed
[INFO] Rule 2: org.apache.maven.enforcer.rules.property.RequireProperty passed
[INFO] Rule 3: org.apache.maven.enforcer.rules.property.RequireProperty passed
[INFO] Rule 4: org.apache.maven.enforcer.rules.property.RequireProperty passed
[INFO] Rule 5: org.apache.maven.enforcer.rules.property.RequireProperty passed
[INFO] Rule 8: org.apache.maven.enforcer.rules.RequirePluginVersions passed
[INFO] 
[INFO] --- license:4.6:check (enforce-license-headers) @ external-reports ---
[INFO] Checking licenses...
[INFO] 
[INFO] --- bsh:1.4:run (compute-artifact-display-version) @ external-reports ---
[INFO] Executing Script
[INFO] file class java.lang.Object
[INFO] script class java.lang.String
[INFO] evaluating script if (! "8.44.0-SNAPSHOT".endsWith("-SNAPSHOT")) { [+ 14 omitted line(s)]
[INFO] 
[INFO] --- resources:3.3.1:resources (default-resources) @ external-reports ---
[INFO] Copying 5 resources from src/main/resources to target/classes
[INFO] 
[INFO] --- compiler:3.13.0:compile (default-compile) @ external-reports ---
[INFO] Recompiling the module because of changed source code.
[INFO] Compiling 9 source files with javac [debug release 21] to target/classes
[INFO] 
[INFO] --- resources:3.3.1:testResources (default-testResources) @ external-reports ---
[INFO] Copying 23 resources from src/test/resources to target/test-classes
[INFO] 
[INFO] --- dependency:3.8.1:copy (download-jacoco-agent) @ external-reports ---
[INFO] Configured Artifact: org.jacoco:org.jacoco.agent:runtime:0.8.15:jar
[INFO] Configured Artifact: org.mockito:mockito-core:5.23.0:jar
[INFO] 
[INFO] --- compiler:3.13.0:testCompile (default-testCompile) @ external-reports ---
[INFO] Recompiling the module because of changed dependency.
[INFO] Compiling 6 source files with javac [debug release 21] to target/test-classes
[INFO] 
[INFO] -----------------< org.sonarsource.java:java-surefire >-----------------
[INFO] Building SonarQube Java :: Surefire 8.44.0-SNAPSHOT              [17/27]
[INFO]   from java-surefire/pom.xml
[INFO] --------------------------------[ jar ]---------------------------------
[INFO] 
[INFO] --- buildnumber:3.2.1:create (default) @ java-surefire ---
[INFO] 
[INFO] --- enforcer:3.5.0:enforce (enforce) @ java-surefire ---
[INFO] Rule 0: org.apache.maven.enforcer.rules.property.RequireProperty passed
[INFO] Rule 1: org.apache.maven.enforcer.rules.property.RequireProperty passed
[INFO] Rule 2: org.apache.maven.enforcer.rules.property.RequireProperty passed
[INFO] Rule 3: org.apache.maven.enforcer.rules.property.RequireProperty passed
[INFO] Rule 4: org.apache.maven.enforcer.rules.property.RequireProperty passed
[INFO] Rule 5: org.apache.maven.enforcer.rules.property.RequireProperty passed
[INFO] Rule 8: org.apache.maven.enforcer.rules.RequirePluginVersions passed
[INFO] 
[INFO] --- license:4.6:check (enforce-license-headers) @ java-surefire ---
[INFO] Checking licenses...
[INFO] 
[INFO] --- bsh:1.4:run (compute-artifact-display-version) @ java-surefire ---
[INFO] Executing Script
[INFO] file class java.lang.Object
[INFO] script class java.lang.String
[INFO] evaluating script if (! "8.44.0-SNAPSHOT".endsWith("-SNAPSHOT")) { [+ 14 omitted line(s)]
[INFO] 
[INFO] --- resources:3.3.1:resources (default-resources) @ java-surefire ---
[INFO] skip non existing resourceDirectory /home/jenkins/agent/workspace/EI-11-Job-B/java-surefire/src/main/resources
[INFO] 
[INFO] --- compiler:3.13.0:compile (default-compile) @ java-surefire ---
[INFO] Recompiling the module because of changed dependency.
[INFO] Compiling 12 source files with javac [debug release 21] to target/classes
[INFO] /home/jenkins/agent/workspace/EI-11-Job-B/java-surefire/src/main/java/org/sonar/plugins/surefire/SurefireJavaParser.java: /home/jenkins/agent/workspace/EI-11-Job-B/java-surefire/src/main/java/org/sonar/plugins/surefire/SurefireJavaParser.java uses or overrides a deprecated API.
[INFO] /home/jenkins/agent/workspace/EI-11-Job-B/java-surefire/src/main/java/org/sonar/plugins/surefire/SurefireJavaParser.java: Recompile with -Xlint:deprecation for details.
[INFO] 
[INFO] --- resources:3.3.1:testResources (default-testResources) @ java-surefire ---
[INFO] skip non existing resourceDirectory /home/jenkins/agent/workspace/EI-11-Job-B/java-surefire/src/main/resources
[INFO] Copying 68 resources from src/test/resources to target/test-classes
[INFO] 
[INFO] --- dependency:3.8.1:copy (download-jacoco-agent) @ java-surefire ---
[INFO] Configured Artifact: org.jacoco:org.jacoco.agent:runtime:0.8.15:jar
[INFO] Configured Artifact: org.mockito:mockito-core:5.23.0:jar
[INFO] 
[INFO] --- compiler:3.13.0:testCompile (default-testCompile) @ java-surefire ---
[INFO] Recompiling the module because of changed dependency.
[INFO] Compiling 8 source files with javac [debug release 21] to target/test-classes
[INFO] /home/jenkins/agent/workspace/EI-11-Job-B/java-surefire/src/test/java/org/sonar/plugins/surefire/SurefireExtensionsTest.java: /home/jenkins/agent/workspace/EI-11-Job-B/java-surefire/src/test/java/org/sonar/plugins/surefire/SurefireExtensionsTest.java uses unchecked or unsafe operations.
[INFO] /home/jenkins/agent/workspace/EI-11-Job-B/java-surefire/src/test/java/org/sonar/plugins/surefire/SurefireExtensionsTest.java: Recompile with -Xlint:unchecked for details.
[INFO] 
[INFO] -------------------< org.sonarsource.java:java-jsp >--------------------
[INFO] Building SonarQube Java :: JSP 8.44.0-SNAPSHOT                   [18/27]
[INFO]   from java-jsp/pom.xml
[INFO] --------------------------------[ jar ]---------------------------------
[INFO] 
[INFO] --- buildnumber:3.2.1:create (default) @ java-jsp ---
[INFO] 
[INFO] --- enforcer:3.5.0:enforce (enforce) @ java-jsp ---
[INFO] Rule 0: org.apache.maven.enforcer.rules.property.RequireProperty passed
[INFO] Rule 1: org.apache.maven.enforcer.rules.property.RequireProperty passed
[INFO] Rule 2: org.apache.maven.enforcer.rules.property.RequireProperty passed
[INFO] Rule 3: org.apache.maven.enforcer.rules.property.RequireProperty passed
[INFO] Rule 4: org.apache.maven.enforcer.rules.property.RequireProperty passed
[INFO] Rule 5: org.apache.maven.enforcer.rules.property.RequireProperty passed
[INFO] Rule 8: org.apache.maven.enforcer.rules.RequirePluginVersions passed
[INFO] 
[INFO] --- license:4.6:check (enforce-license-headers) @ java-jsp ---
[INFO] Checking licenses...
[INFO] 
[INFO] --- bsh:1.4:run (compute-artifact-display-version) @ java-jsp ---
[INFO] Executing Script
[INFO] file class java.lang.Object
[INFO] script class java.lang.String
[INFO] evaluating script if (! "8.44.0-SNAPSHOT".endsWith("-SNAPSHOT")) { [+ 14 omitted line(s)]
[INFO] 
[INFO] --- resources:3.3.1:resources (default-resources) @ java-jsp ---
[INFO] skip non existing resourceDirectory /home/jenkins/agent/workspace/EI-11-Job-B/java-jsp/src/main/resources
[INFO] 
[INFO] --- compiler:3.13.0:compile (default-compile) @ java-jsp ---
[INFO] Recompiling the module because of changed dependency.
[INFO] Compiling 3 source files with javac [debug release 21] to target/classes
[INFO] /home/jenkins/agent/workspace/EI-11-Job-B/java-jsp/src/main/java/org/sonar/java/jsp/Jasper.java: Some input files use or override a deprecated API.
[INFO] /home/jenkins/agent/workspace/EI-11-Job-B/java-jsp/src/main/java/org/sonar/java/jsp/Jasper.java: Recompile with -Xlint:deprecation for details.
[INFO] 
[INFO] --- resources:3.3.1:testResources (default-testResources) @ java-jsp ---
[INFO] skip non existing resourceDirectory /home/jenkins/agent/workspace/EI-11-Job-B/java-jsp/src/test/resources
[INFO] 
[INFO] --- dependency:3.8.1:copy (download-jacoco-agent) @ java-jsp ---
[INFO] Configured Artifact: org.jacoco:org.jacoco.agent:runtime:0.8.15:jar
[INFO] Configured Artifact: org.mockito:mockito-core:5.23.0:jar
[INFO] 
[INFO] --- compiler:3.13.0:testCompile (default-testCompile) @ java-jsp ---
[INFO] Recompiling the module because of changed dependency.
[INFO] Compiling 2 source files with javac [debug release 21] to target/test-classes
[INFO] /home/jenkins/agent/workspace/EI-11-Job-B/java-jsp/src/test/java/org/sonar/java/jsp/JasperTest.java: /home/jenkins/agent/workspace/EI-11-Job-B/java-jsp/src/test/java/org/sonar/java/jsp/JasperTest.java uses or overrides a deprecated API.
[INFO] /home/jenkins/agent/workspace/EI-11-Job-B/java-jsp/src/test/java/org/sonar/java/jsp/JasperTest.java: Recompile with -Xlint:deprecation for details.
[INFO] 
[INFO] --- dependency:3.8.1:copy (copy) @ java-jsp ---
[INFO] Configured Artifact: org.springframework:spring-webmvc:5.2.3.RELEASE:jar
[INFO] Configured Artifact: javax:javaee-web-api:6.0:jar
[INFO] Configured Artifact: javax.servlet:jstl:1.2:jar
[INFO] 
[INFO] ---------------< org.sonarsource.java:sonar-java-plugin >---------------
[INFO] Building SonarQube Java :: Plugin 8.44.0-SNAPSHOT                [19/27]
[INFO]   from sonar-java-plugin/pom.xml
[INFO] ----------------------------[ sonar-plugin ]----------------------------
[INFO] 
[INFO] --- buildnumber:3.2.1:create (default) @ sonar-java-plugin ---
[INFO] 
[INFO] --- enforcer:3.5.0:enforce (enforce) @ sonar-java-plugin ---
[INFO] Rule 0: org.apache.maven.enforcer.rules.property.RequireProperty passed
[INFO] Rule 1: org.apache.maven.enforcer.rules.property.RequireProperty passed
[INFO] Rule 2: org.apache.maven.enforcer.rules.property.RequireProperty passed
[INFO] Rule 3: org.apache.maven.enforcer.rules.property.RequireProperty passed
[INFO] Rule 4: org.apache.maven.enforcer.rules.property.RequireProperty passed
[INFO] Rule 5: org.apache.maven.enforcer.rules.property.RequireProperty passed
[INFO] Rule 8: org.apache.maven.enforcer.rules.RequirePluginVersions passed
[INFO] 
[INFO] --- license:4.6:check (enforce-license-headers) @ sonar-java-plugin ---
[INFO] Checking licenses...
[INFO] 
[INFO] --- sonar-packaging:1.25.0.11:check (default-check) @ sonar-java-plugin ---
[INFO] 
[INFO] --- bsh:1.4:run (compute-artifact-display-version) @ sonar-java-plugin ---
[INFO] Executing Script
[INFO] file class java.lang.Object
[INFO] script class java.lang.String
[INFO] evaluating script if (! "8.44.0-SNAPSHOT".endsWith("-SNAPSHOT")) { [+ 14 omitted line(s)]
[INFO] 
[INFO] --- license:2.7.1:download-licenses (download-licenses) @ sonar-java-plugin ---
[INFO] 
[INFO] --- exec:3.6.3:exec (generate-built-in-profiles) @ sonar-java-plugin ---
[ERROR] Picked up JAVA_TOOL_OPTIONS: -Xmx1024m
[INFO] 
[INFO] --- resources:3.5.0:copy-resources (copy-main-license) @ sonar-java-plugin ---
[INFO] Copying 1 resource from .. to target/temp-licenses
[INFO] 
[INFO] --- resources:3.5.0:resources (default-resources) @ sonar-java-plugin ---
[INFO] Copying 2554 resources from src/main/resources to target/classes
[INFO] Copying 2 resources from target/generated-resources/profiles to target/classes
[INFO] 
[INFO] --- compiler:3.13.0:compile (default-compile) @ sonar-java-plugin ---
[INFO] Recompiling the module because of changed dependency.
[INFO] Compiling 11 source files with javac [debug release 21] to target/classes
[INFO] /home/jenkins/agent/workspace/EI-11-Job-B/sonar-java-plugin/src/main/java/org/sonar/plugins/java/BuiltInJavaQualityProfile.java: /home/jenkins/agent/workspace/EI-11-Job-B/sonar-java-plugin/src/main/java/org/sonar/plugins/java/BuiltInJavaQualityProfile.java uses unchecked or unsafe operations.
[INFO] /home/jenkins/agent/workspace/EI-11-Job-B/sonar-java-plugin/src/main/java/org/sonar/plugins/java/BuiltInJavaQualityProfile.java: Recompile with -Xlint:unchecked for details.
[INFO] 
[INFO] --- resources:3.5.0:testResources (default-testResources) @ sonar-java-plugin ---
[INFO] skip non existing resourceDirectory /home/jenkins/agent/workspace/EI-11-Job-B/sonar-java-plugin/src/test/resources
[INFO] 
[INFO] --- dependency:3.8.1:copy (download-jacoco-agent) @ sonar-java-plugin ---
[INFO] Configured Artifact: org.jacoco:org.jacoco.agent:runtime:0.8.15:jar
[INFO] Configured Artifact: org.mockito:mockito-core:5.23.0:jar
[INFO] 
[INFO] --- compiler:3.13.0:testCompile (default-testCompile) @ sonar-java-plugin ---
[INFO] Recompiling the module because of changed dependency.
[INFO] Compiling 13 source files with javac [debug release 21] to target/test-classes
[WARNING] /home/jenkins/agent/workspace/EI-11-Job-B/sonar-java-plugin/src/test/java/org/sonar/plugins/java/GeneratedCheckListTest.java:[99,15] setMarkdownDescription(java.lang.String) in org.sonar.api.server.rule.RulesDefinition.NewRule has been deprecated and marked for removal
[WARNING] /home/jenkins/agent/workspace/EI-11-Job-B/sonar-java-plugin/src/test/java/org/sonar/plugins/java/GeneratedCheckListTest.java:[145,22] markdownDescription() in org.sonar.api.server.rule.RulesDefinition.Rule has been deprecated and marked for removal
[INFO] /home/jenkins/agent/workspace/EI-11-Job-B/sonar-java-plugin/src/test/java/org/sonar/plugins/java/JavaPluginTest.java: Some input files use unchecked or unsafe operations.
[INFO] /home/jenkins/agent/workspace/EI-11-Job-B/sonar-java-plugin/src/test/java/org/sonar/plugins/java/JavaPluginTest.java: Recompile with -Xlint:unchecked for details.
[INFO] 
[INFO] -------------------< org.sonarsource.java:java-its >--------------------
[INFO] Building SonarQube Java :: ITs 8.44.0-SNAPSHOT                   [20/27]
[INFO]   from its/pom.xml
[INFO] --------------------------------[ pom ]---------------------------------
[INFO] 
[INFO] --- buildnumber:3.2.1:create (default) @ java-its ---
[INFO] 
[INFO] --- enforcer:3.5.0:enforce (enforce) @ java-its ---
[INFO] Rule 0: org.apache.maven.enforcer.rules.property.RequireProperty passed
[INFO] Rule 1: org.apache.maven.enforcer.rules.property.RequireProperty passed
[INFO] Rule 2: org.apache.maven.enforcer.rules.property.RequireProperty passed
[INFO] Rule 3: org.apache.maven.enforcer.rules.property.RequireProperty passed
[INFO] Rule 4: org.apache.maven.enforcer.rules.property.RequireProperty passed
[INFO] Rule 5: org.apache.maven.enforcer.rules.property.RequireProperty passed
[INFO] Rule 8: org.apache.maven.enforcer.rules.RequirePluginVersions passed
[INFO] 
[INFO] --- license:4.6:check (enforce-license-headers) @ java-its ---
[INFO] Checking licenses...
[INFO] 
[INFO] --- bsh:1.4:run (compute-artifact-display-version) @ java-its ---
[INFO] Executing Script
[INFO] file class java.lang.Object
[INFO] script class java.lang.String
[INFO] evaluating script if (! "8.44.0-SNAPSHOT".endsWith("-SNAPSHOT")) { [+ 14 omitted line(s)]
[INFO] 
[INFO] --- dependency:3.8.1:copy (download-jacoco-agent) @ java-its ---
[INFO] Configured Artifact: org.jacoco:org.jacoco.agent:runtime:0.8.15:jar
[INFO] Configured Artifact: org.mockito:mockito-core:5.23.0:jar
[INFO] 
[INFO] ----------------< org.sonarsource.java:it-java-plugin >-----------------
[INFO] Building SonarQube Java :: ITs :: Plugin 8.44.0-SNAPSHOT         [21/27]
[INFO]   from its/plugin/pom.xml
[INFO] --------------------------------[ pom ]---------------------------------
[INFO] 
[INFO] --- buildnumber:3.2.1:create (default) @ it-java-plugin ---
[INFO] 
[INFO] --- enforcer:3.5.0:enforce (enforce) @ it-java-plugin ---
[INFO] Rule 0: org.apache.maven.enforcer.rules.property.RequireProperty passed
[INFO] Rule 1: org.apache.maven.enforcer.rules.property.RequireProperty passed
[INFO] Rule 2: org.apache.maven.enforcer.rules.property.RequireProperty passed
[INFO] Rule 3: org.apache.maven.enforcer.rules.property.RequireProperty passed
[INFO] Rule 4: org.apache.maven.enforcer.rules.property.RequireProperty passed
[INFO] Rule 5: org.apache.maven.enforcer.rules.property.RequireProperty passed
[INFO] Rule 8: org.apache.maven.enforcer.rules.RequirePluginVersions passed
[INFO] 
[INFO] --- license:4.6:check (enforce-license-headers) @ it-java-plugin ---
[INFO] Checking licenses...
[INFO] 
[INFO] --- bsh:1.4:run (compute-artifact-display-version) @ it-java-plugin ---
[INFO] Executing Script
[INFO] file class java.lang.Object
[INFO] script class java.lang.String
[INFO] evaluating script if (! "8.44.0-SNAPSHOT".endsWith("-SNAPSHOT")) { [+ 14 omitted line(s)]
[INFO] 
[INFO] --- dependency:3.8.1:copy (download-jacoco-agent) @ it-java-plugin ---
[INFO] Configured Artifact: org.jacoco:org.jacoco.agent:runtime:0.8.15:jar
[INFO] Configured Artifact: org.mockito:mockito-core:5.23.0:jar
[INFO] 
[INFO] ------------< org.sonarsource.java:it-java-plugin-plugins >-------------
[INFO] Building SonarQube Java :: ITs :: Plugin :: Plugins 8.44.0-SNAPSHOT [22/27]
[INFO]   from its/plugin/plugins/pom.xml
[INFO] --------------------------------[ pom ]---------------------------------
[INFO] 
[INFO] --- buildnumber:3.2.1:create (default) @ it-java-plugin-plugins ---
[INFO] 
[INFO] --- enforcer:3.5.0:enforce (enforce) @ it-java-plugin-plugins ---
[INFO] Rule 0: org.apache.maven.enforcer.rules.property.RequireProperty passed
[INFO] Rule 1: org.apache.maven.enforcer.rules.property.RequireProperty passed
[INFO] Rule 2: org.apache.maven.enforcer.rules.property.RequireProperty passed
[INFO] Rule 3: org.apache.maven.enforcer.rules.property.RequireProperty passed
[INFO] Rule 4: org.apache.maven.enforcer.rules.property.RequireProperty passed
[INFO] Rule 5: org.apache.maven.enforcer.rules.property.RequireProperty passed
[INFO] Rule 8: org.apache.maven.enforcer.rules.RequirePluginVersions passed
[INFO] 
[INFO] --- license:4.6:check (enforce-license-headers) @ it-java-plugin-plugins ---
[INFO] Checking licenses...
[INFO] 
[INFO] --- bsh:1.4:run (compute-artifact-display-version) @ it-java-plugin-plugins ---
[INFO] Executing Script
[INFO] file class java.lang.Object
[INFO] script class java.lang.String
[INFO] evaluating script if (! "8.44.0-SNAPSHOT".endsWith("-SNAPSHOT")) { [+ 14 omitted line(s)]
[INFO] 
[INFO] --- dependency:3.8.1:copy (download-jacoco-agent) @ it-java-plugin-plugins ---
[INFO] Configured Artifact: org.jacoco:org.jacoco.agent:runtime:0.8.15:jar
[INFO] Configured Artifact: org.mockito:mockito-core:5.23.0:jar
[INFO] 
[INFO] -------------< org.sonarsource.java:java-extension-plugin >-------------
[INFO] Building SonarQube Java :: ITS :: Plugin :: Java Extension Plugin 8.44.0-SNAPSHOT [23/27]
[INFO]   from its/plugin/plugins/java-extension-plugin/pom.xml
[INFO] ----------------------------[ sonar-plugin ]----------------------------
[INFO] 
[INFO] --- buildnumber:3.2.1:create (default) @ java-extension-plugin ---
[INFO] 
[INFO] --- enforcer:3.5.0:enforce (enforce) @ java-extension-plugin ---
[INFO] Rule 0: org.apache.maven.enforcer.rules.property.RequireProperty passed
[INFO] Rule 1: org.apache.maven.enforcer.rules.property.RequireProperty passed
[INFO] Rule 2: org.apache.maven.enforcer.rules.property.RequireProperty passed
[INFO] Rule 3: org.apache.maven.enforcer.rules.property.RequireProperty passed
[INFO] Rule 4: org.apache.maven.enforcer.rules.property.RequireProperty passed
[INFO] Rule 5: org.apache.maven.enforcer.rules.property.RequireProperty passed
[INFO] Rule 8: org.apache.maven.enforcer.rules.RequirePluginVersions passed
[INFO] 
[INFO] --- license:4.6:check (enforce-license-headers) @ java-extension-plugin ---
[INFO] Checking licenses...
[INFO] 
[INFO] --- sonar-packaging:1.25.0.11:check (default-check) @ java-extension-plugin ---
[INFO] 
[INFO] --- bsh:1.4:run (compute-artifact-display-version) @ java-extension-plugin ---
[INFO] Executing Script
[INFO] file class java.lang.Object
[INFO] script class java.lang.String
[INFO] evaluating script if (! "8.44.0-SNAPSHOT".endsWith("-SNAPSHOT")) { [+ 14 omitted line(s)]
[INFO] 
[INFO] --- resources:3.3.1:resources (default-resources) @ java-extension-plugin ---
[INFO] skip non existing resourceDirectory /home/jenkins/agent/workspace/EI-11-Job-B/its/plugin/plugins/java-extension-plugin/src/main/resources
[INFO] 
[INFO] --- compiler:3.13.0:compile (default-compile) @ java-extension-plugin ---
[INFO] Recompiling the module because of changed dependency.
[INFO] Compiling 9 source files with javac [debug release 21] to target/classes
[INFO] /home/jenkins/agent/workspace/EI-11-Job-B/its/plugin/plugins/java-extension-plugin/src/main/java/org/sonar/samples/java/JspCodeCheck.java: Some input files use or override a deprecated API.
[INFO] /home/jenkins/agent/workspace/EI-11-Job-B/its/plugin/plugins/java-extension-plugin/src/main/java/org/sonar/samples/java/JspCodeCheck.java: Recompile with -Xlint:deprecation for details.
[INFO] /home/jenkins/agent/workspace/EI-11-Job-B/its/plugin/plugins/java-extension-plugin/src/main/java/org/sonar/samples/java/JavaExtensionsCheckRegistrar.java: /home/jenkins/agent/workspace/EI-11-Job-B/its/plugin/plugins/java-extension-plugin/src/main/java/org/sonar/samples/java/JavaExtensionsCheckRegistrar.java uses unchecked or unsafe operations.
[INFO] /home/jenkins/agent/workspace/EI-11-Job-B/its/plugin/plugins/java-extension-plugin/src/main/java/org/sonar/samples/java/JavaExtensionsCheckRegistrar.java: Recompile with -Xlint:unchecked for details.
[INFO] 
[INFO] --- resources:3.3.1:testResources (default-testResources) @ java-extension-plugin ---
[INFO] skip non existing resourceDirectory /home/jenkins/agent/workspace/EI-11-Job-B/its/plugin/plugins/java-extension-plugin/src/test/resources
[INFO] 
[INFO] --- dependency:3.8.1:copy (download-jacoco-agent) @ java-extension-plugin ---
[INFO] Configured Artifact: org.jacoco:org.jacoco.agent:runtime:0.8.15:jar
[INFO] Configured Artifact: org.mockito:mockito-core:5.23.0:jar
[INFO] 
[INFO] --- compiler:3.13.0:testCompile (default-testCompile) @ java-extension-plugin ---
[INFO] Recompiling the module because of changed dependency.
[INFO] Compiling 1 source file with javac [debug release 21] to target/test-classes
[INFO] 
[INFO] ---------------------< org.sonarsource.java:docs >----------------------
[INFO] Building SonarQube Java :: Documentation 8.44.0-SNAPSHOT         [24/27]
[INFO]   from docs/pom.xml
[INFO] --------------------------------[ pom ]---------------------------------
[INFO] 
[INFO] --- buildnumber:3.2.1:create (default) @ docs ---
[INFO] 
[INFO] --- enforcer:3.5.0:enforce (enforce) @ docs ---
[INFO] Rule 0: org.apache.maven.enforcer.rules.property.RequireProperty passed
[INFO] Rule 1: org.apache.maven.enforcer.rules.property.RequireProperty passed
[INFO] Rule 2: org.apache.maven.enforcer.rules.property.RequireProperty passed
[INFO] Rule 3: org.apache.maven.enforcer.rules.property.RequireProperty passed
[INFO] Rule 4: org.apache.maven.enforcer.rules.property.RequireProperty passed
[INFO] Rule 5: org.apache.maven.enforcer.rules.property.RequireProperty passed
[INFO] Rule 8: org.apache.maven.enforcer.rules.RequirePluginVersions passed
[INFO] 
[INFO] --- license:4.6:check (enforce-license-headers) @ docs ---
[INFO] Checking licenses...
[INFO] 
[INFO] --- bsh:1.4:run (compute-artifact-display-version) @ docs ---
[INFO] Executing Script
[INFO] file class java.lang.Object
[INFO] script class java.lang.String
[INFO] evaluating script if (! "8.44.0-SNAPSHOT".endsWith("-SNAPSHOT")) { [+ 14 omitted line(s)]
[INFO] 
[INFO] --- dependency:3.8.1:copy (download-jacoco-agent) @ docs ---
[INFO] Configured Artifact: org.jacoco:org.jacoco.agent:runtime:0.8.15:jar
[INFO] Configured Artifact: org.mockito:mockito-core:5.23.0:jar
[INFO] 
[INFO] -----------< org.sonarsource.java:java-custom-rules-example >-----------
[INFO] Building SonarQube Java :: Documentation :: Custom Rules Example 8.44.0-SNAPSHOT [25/27]
[INFO]   from docs/java-custom-rules-example/pom.xml
[INFO] ----------------------------[ sonar-plugin ]----------------------------
[INFO] 
[INFO] --- buildnumber:3.2.1:create (default) @ java-custom-rules-example ---
[INFO] 
[INFO] --- enforcer:3.5.0:enforce (enforce) @ java-custom-rules-example ---
[INFO] Rule 0: org.apache.maven.enforcer.rules.property.RequireProperty passed
[INFO] Rule 1: org.apache.maven.enforcer.rules.property.RequireProperty passed
[INFO] Rule 2: org.apache.maven.enforcer.rules.property.RequireProperty passed
[INFO] Rule 3: org.apache.maven.enforcer.rules.property.RequireProperty passed
[INFO] Rule 4: org.apache.maven.enforcer.rules.property.RequireProperty passed
[INFO] Rule 5: org.apache.maven.enforcer.rules.property.RequireProperty passed
[INFO] Rule 8: org.apache.maven.enforcer.rules.RequirePluginVersions passed
[INFO] 
[INFO] --- license:4.6:check (enforce-license-headers) @ java-custom-rules-example ---
[INFO] Checking licenses...
[INFO] 
[INFO] --- sonar-packaging:1.25.0.11:check (default-check) @ java-custom-rules-example ---
[INFO] 
[INFO] --- jacoco:0.8.13:prepare-agent (prepare-agent) @ java-custom-rules-example ---
[INFO] argLine set to -javaagent:/home/jenkins/.m2/repository/org/jacoco/org.jacoco.agent/0.8.13/org.jacoco.agent-0.8.13-runtime.jar=destfile=/home/jenkins/agent/workspace/EI-11-Job-B/docs/java-custom-rules-example/target/jacoco.exec -Xmx512m
[INFO] 
[INFO] --- bsh:1.4:run (compute-artifact-display-version) @ java-custom-rules-example ---
[INFO] Executing Script
[INFO] file class java.lang.Object
[INFO] script class java.lang.String
[INFO] evaluating script if (! "8.44.0-SNAPSHOT".endsWith("-SNAPSHOT")) { [+ 14 omitted line(s)]
[INFO] 
[INFO] --- resources:3.3.1:resources (default-resources) @ java-custom-rules-example ---
[INFO] Copying 19 resources from src/main/resources to target/classes
[INFO] 
[INFO] --- compiler:3.13.0:compile (default-compile) @ java-custom-rules-example ---
[INFO] Recompiling the module because of changed dependency.
[INFO] Compiling 18 source files with javac [debug release 21] to target/classes
[INFO] 
[INFO] --- resources:3.3.1:testResources (default-testResources) @ java-custom-rules-example ---
[INFO] skip non existing resourceDirectory /home/jenkins/agent/workspace/EI-11-Job-B/docs/java-custom-rules-example/src/test/resources
[INFO] 
[INFO] --- dependency:3.8.1:copy (download-jacoco-agent) @ java-custom-rules-example ---
[INFO] Configured Artifact: org.jacoco:org.jacoco.agent:runtime:0.8.15:jar
[INFO] Configured Artifact: org.mockito:mockito-core:5.23.0:jar
[INFO] 
[INFO] --- compiler:3.13.0:testCompile (default-testCompile) @ java-custom-rules-example ---
[INFO] Recompiling the module because of changed dependency.
[INFO] Compiling 14 source files with javac [debug release 21] to target/test-classes
[INFO] /home/jenkins/agent/workspace/EI-11-Job-B/docs/java-custom-rules-example/src/test/java/org/sonar/samples/java/MyJavaRulesDefinitionTest.java: /home/jenkins/agent/workspace/EI-11-Job-B/docs/java-custom-rules-example/src/test/java/org/sonar/samples/java/MyJavaRulesDefinitionTest.java uses or overrides a deprecated API.
[INFO] /home/jenkins/agent/workspace/EI-11-Job-B/docs/java-custom-rules-example/src/test/java/org/sonar/samples/java/MyJavaRulesDefinitionTest.java: Recompile with -Xlint:deprecation for details.
[INFO] /home/jenkins/agent/workspace/EI-11-Job-B/docs/java-custom-rules-example/src/test/java/org/sonar/samples/java/MyJavaRulesPluginTest.java: /home/jenkins/agent/workspace/EI-11-Job-B/docs/java-custom-rules-example/src/test/java/org/sonar/samples/java/MyJavaRulesPluginTest.java uses unchecked or unsafe operations.
[INFO] /home/jenkins/agent/workspace/EI-11-Job-B/docs/java-custom-rules-example/src/test/java/org/sonar/samples/java/MyJavaRulesPluginTest.java: Recompile with -Xlint:unchecked for details.
[INFO] 
[INFO] --- dependency:3.8.1:copy (copy) @ java-custom-rules-example ---
[INFO] Configured Artifact: org.slf4j:slf4j-api:1.7.30:jar
[INFO] Configured Artifact: org.apache.commons:commons-collections4:4.0:jar
[INFO] Configured Artifact: javax:javaee-api:6.0:jar
[INFO] Configured Artifact: org.springframework:spring-webmvc:4.3.3.RELEASE:jar
[INFO] Configured Artifact: org.springframework:spring-web:4.3.3.RELEASE:jar
[INFO] Configured Artifact: org.springframework:spring-context:4.3.3.RELEASE:jar
[INFO] Configured Artifact: junit:junit:4.13.2:jar
[INFO] 
[INFO] -------------< org.sonarsource.java:it-java-plugin-tests >--------------
[INFO] Building SonarQube Java :: ITs :: Plugin :: Tests 8.44.0-SNAPSHOT [26/27]
[INFO]   from its/plugin/tests/pom.xml
[INFO] --------------------------------[ jar ]---------------------------------
[INFO] 
[INFO] --- buildnumber:3.2.1:create (default) @ it-java-plugin-tests ---
[INFO] 
[INFO] --- enforcer:3.5.0:enforce (enforce) @ it-java-plugin-tests ---
[INFO] Rule 0: org.apache.maven.enforcer.rules.property.RequireProperty passed
[INFO] Rule 1: org.apache.maven.enforcer.rules.property.RequireProperty passed
[INFO] Rule 2: org.apache.maven.enforcer.rules.property.RequireProperty passed
[INFO] Rule 3: org.apache.maven.enforcer.rules.property.RequireProperty passed
[INFO] Rule 4: org.apache.maven.enforcer.rules.property.RequireProperty passed
[INFO] Rule 5: org.apache.maven.enforcer.rules.property.RequireProperty passed
[INFO] Rule 8: org.apache.maven.enforcer.rules.RequirePluginVersions passed
[INFO] 
[INFO] --- license:4.6:check (enforce-license-headers) @ it-java-plugin-tests ---
[INFO] Checking licenses...
[INFO] 
[INFO] --- bsh:1.4:run (compute-artifact-display-version) @ it-java-plugin-tests ---
[INFO] Executing Script
[INFO] file class java.lang.Object
[INFO] script class java.lang.String
[INFO] evaluating script if (! "8.44.0-SNAPSHOT".endsWith("-SNAPSHOT")) { [+ 14 omitted line(s)]
[INFO] 
[INFO] --- resources:3.3.1:resources (default-resources) @ it-java-plugin-tests ---
[INFO] skip non existing resourceDirectory /home/jenkins/agent/workspace/EI-11-Job-B/its/plugin/tests/src/main/resources
[INFO] 
[INFO] --- compiler:3.13.0:compile (default-compile) @ it-java-plugin-tests ---
[INFO] No sources to compile
[INFO] 
[INFO] --- download:1.13.0:wget (unpack-jre) @ it-java-plugin-tests ---
[INFO] Expanding: /home/jenkins/.m2/repository/.cache/download-maven-plugin/OpenJDK8U-jre_x64_linux_hotspot_8u265b01.tar.gz_b16e3dc421b290af208693f1c3a376ef into /home/jenkins/agent/workspace/EI-11-Job-B/its/plugin/tests/target/jre
[INFO] 
[INFO] --- resources:3.3.1:testResources (default-testResources) @ it-java-plugin-tests ---
[INFO] Copying 16 resources from src/test/resources to target/test-classes
[INFO] 
[INFO] --- dependency:3.8.1:copy (download-jacoco-agent) @ it-java-plugin-tests ---
[INFO] Configured Artifact: org.jacoco:org.jacoco.agent:runtime:0.8.15:jar
[INFO] Configured Artifact: org.mockito:mockito-core:5.23.0:jar
[INFO] 
[INFO] --- compiler:3.13.0:testCompile (default-testCompile) @ it-java-plugin-tests ---
[INFO] Recompiling the module because of changed dependency.
[INFO] Compiling 18 source files with javac [debug release 21] to target/test-classes
[INFO] 
[INFO] ----------------< org.sonarsource.java:it-java-ruling >-----------------
[INFO] Building SonarQube Java :: ITs :: Ruling 8.44.0-SNAPSHOT         [27/27]
[INFO]   from its/ruling/pom.xml
[INFO] --------------------------------[ jar ]---------------------------------
[INFO] 
[INFO] --- buildnumber:3.2.1:create (default) @ it-java-ruling ---
[INFO] 
[INFO] --- enforcer:3.5.0:enforce (enforce) @ it-java-ruling ---
[INFO] Rule 0: org.apache.maven.enforcer.rules.property.RequireProperty passed
[INFO] Rule 1: org.apache.maven.enforcer.rules.property.RequireProperty passed
[INFO] Rule 2: org.apache.maven.enforcer.rules.property.RequireProperty passed
[INFO] Rule 3: org.apache.maven.enforcer.rules.property.RequireProperty passed
[INFO] Rule 4: org.apache.maven.enforcer.rules.property.RequireProperty passed
[INFO] Rule 5: org.apache.maven.enforcer.rules.property.RequireProperty passed
[INFO] Rule 8: org.apache.maven.enforcer.rules.RequirePluginVersions passed
[INFO] 
[INFO] --- license:4.6:check (enforce-license-headers) @ it-java-ruling ---
[INFO] Checking licenses...
[INFO] 
[INFO] --- bsh:1.4:run (compute-artifact-display-version) @ it-java-ruling ---
[INFO] Executing Script
[INFO] file class java.lang.Object
[INFO] script class java.lang.String
[INFO] evaluating script if (! "8.44.0-SNAPSHOT".endsWith("-SNAPSHOT")) { [+ 14 omitted line(s)]
[INFO] 
[INFO] --- resources:3.3.1:resources (default-resources) @ it-java-ruling ---
[INFO] skip non existing resourceDirectory /home/jenkins/agent/workspace/EI-11-Job-B/its/ruling/src/main/resources
[INFO] 
[INFO] --- compiler:3.13.0:compile (default-compile) @ it-java-ruling ---
[INFO] No sources to compile
[INFO] 
[INFO] --- resources:3.3.1:testResources (default-testResources) @ it-java-ruling ---
[INFO] Copying 1233 resources from src/test/resources to target/test-classes
[INFO] 
[INFO] --- dependency:3.8.1:copy (download-jacoco-agent) @ it-java-ruling ---
[INFO] Configured Artifact: org.jacoco:org.jacoco.agent:runtime:0.8.15:jar
[INFO] Configured Artifact: org.mockito:mockito-core:5.23.0:jar
[INFO] 
[INFO] --- compiler:3.13.0:testCompile (default-testCompile) @ it-java-ruling ---
[INFO] Recompiling the module because of changed dependency.
[INFO] Compiling 3 source files with javac [debug release 21] to target/test-classes
[INFO] /home/jenkins/agent/workspace/EI-11-Job-B/its/ruling/src/test/java/org/sonar/java/it/ProfileGenerator.java: /home/jenkins/agent/workspace/EI-11-Job-B/its/ruling/src/test/java/org/sonar/java/it/ProfileGenerator.java uses or overrides a deprecated API.
[INFO] /home/jenkins/agent/workspace/EI-11-Job-B/its/ruling/src/test/java/org/sonar/java/it/ProfileGenerator.java: Recompile with -Xlint:deprecation for details.
[INFO] 
[INFO] ---------------------< org.sonarsource.java:java >----------------------
[INFO] Building SonarJava 8.44.0-SNAPSHOT                               [28/27]
[INFO]   from pom.xml
[INFO] --------------------------------[ pom ]---------------------------------
[INFO] 
[INFO] --- smart-test-picker:0.1.0:generate-reactor-head-test-inventory (default-cli) @ java ---
[INFO] [SmartTestPicker] Module maven:java-checks-test-sources/test-classpath-reader: 16 logical JUnit tests
[INFO] [SmartTestPicker] Module maven:java-frontend: 1509 logical JUnit tests
[INFO] [SmartTestPicker] Module maven:java-checks-testkit: 229 logical JUnit tests
[INFO] [SmartTestPicker] Module maven:java-checks-common: 45 logical JUnit tests
[INFO] [SmartTestPicker] Module maven:java-checks: 2180 logical JUnit tests
[INFO] [SmartTestPicker] Module maven:java-checks-aws: 12 logical JUnit tests
[INFO] [SmartTestPicker] Module maven:check-list: 15 logical JUnit tests
[INFO] [SmartTestPicker] Module maven:external-reports: 26 logical JUnit tests
[INFO] [SmartTestPicker] Module maven:java-surefire: 44 logical JUnit tests
[INFO] [SmartTestPicker] Module maven:java-jsp: 18 logical JUnit tests
[INFO] [SmartTestPicker] Module maven:sonar-java-plugin: 52 logical JUnit tests
[INFO] [SmartTestPicker] Module maven:docs/java-custom-rules-example: 15 logical JUnit tests
[INFO] [SmartTestPicker] Discovered 4161 executable JUnit tests
[INFO] ------------------------------------------------------------------------
[INFO] Reactor Summary for SonarJava 8.44.0-SNAPSHOT:
[INFO] 
[INFO] SonarJava .......................................... SUCCESS [  0.733 s]
[INFO] SonarQube Java :: Checks Test Sources :: Parent Pom  SUCCESS [  0.026 s]
[INFO] SonarQube Java :: Checks Test Sources :: AWS ....... SUCCESS [  2.691 s]
[INFO] SonarQube Java :: Checks Test Sources :: Default ... SUCCESS [  4.829 s]
[INFO] SonarQube Java :: Checks Test Sources :: Java 17 ... SUCCESS [  0.093 s]
[INFO] SonarQube Java :: Checks Test Sources :: Spring Boot 3.2 SUCCESS [  0.084 s]
[INFO] SonarQube Java :: Checks Test Sources :: Spring Web 4.0 SUCCESS [  0.037 s]
[INFO] SonarQube Java :: Checks Test Sources :: Quarkus ArC 3.15 SUCCESS [  0.105 s]
[INFO] SonarQube Java :: Checks Test Sources :: Test Classpath Reader SUCCESS [  0.098 s]
[INFO] SonarQube Java :: Front-end ........................ SUCCESS [  2.174 s]
[INFO] SonarQube Java :: Checks Test tool kit ............. SUCCESS [  0.245 s]
[INFO] SonarQube Java :: Checks Common .................... SUCCESS [  0.127 s]
[INFO] SonarQube Java :: Checks ........................... SUCCESS [  1.525 s]
[INFO] SonarQube Java :: AWS Checks ....................... SUCCESS [  0.103 s]
[INFO] SonarQube Java :: Check List ....................... SUCCESS [  0.345 s]
[INFO] SonarQube Java :: External Reports Sensor .......... SUCCESS [  0.125 s]
[INFO] SonarQube Java :: Surefire ......................... SUCCESS [  0.145 s]
[INFO] SonarQube Java :: JSP .............................. SUCCESS [  0.121 s]
[INFO] SonarQube Java :: Plugin ........................... SUCCESS [  1.044 s]
[INFO] SonarQube Java :: ITs .............................. SUCCESS [  0.012 s]
[INFO] SonarQube Java :: ITs :: Plugin .................... SUCCESS [  0.044 s]
[INFO] SonarQube Java :: ITs :: Plugin :: Plugins ......... SUCCESS [  0.011 s]
[INFO] SonarQube Java :: ITS :: Plugin :: Java Extension Plugin SUCCESS [  0.205 s]
[INFO] SonarQube Java :: Documentation .................... SUCCESS [  0.010 s]
[INFO] SonarQube Java :: Documentation :: Custom Rules Example SUCCESS [  0.179 s]
[INFO] SonarQube Java :: ITs :: Plugin :: Tests ........... SUCCESS [  0.677 s]
[INFO] SonarQube Java :: ITs :: Ruling .................... SUCCESS [  0.155 s]
[INFO] ------------------------------------------------------------------------
[INFO] BUILD SUCCESS
[INFO] ------------------------------------------------------------------------
[INFO] Total time:  26.872 s
[INFO] Finished at: 2026-09-13T15:23:42Z
[INFO] ------------------------------------------------------------------------
[INFO] 243 goals, 243 executed
[WARNING] Unexpected error while contacting Develocity server at https://develocity.sonar.build/
[WARNING] No build scan will be published: Develocity features were not enabled due to an unexpected error while contacting Develocity.
[Pipeline] }
[EI-11-Job-B] $ git rev-parse --verify HEAD^{commit}
[STP] Revision-bound head inventory: revision=eed6922c776e5d029266459d04ed5a69e9d6fc8f tests=4161
[Pipeline] // stpHeadInventory
[Pipeline] }
[Pipeline] // stage
[Pipeline] stage
[Pipeline] { (Explicit R0 to R1 selection)
[Pipeline] stpExplicitPrSelect
[EI-11-Job-B] $ git rev-parse --verify HEAD^{commit}
[EI-11-Job-B] $ git rev-parse --verify eed6922c776e5d029266459d04ed5a69e9d6fc8f^{commit}
[EI-11-Job-B] $ java -jar /home/jenkins/agent/workspace/EI-11-Job-B@tmp/stp-explicit-selector-e3e641dd-4015-4445-bfd6-3f1557a172d9/stp-selector.jar explicit-select --workspace /home/jenkins/agent/workspace/EI-11-Job-B --coverage-map /home/jenkins/agent/workspace/EI-11-Job-B/build/stp/resolved-r0-map.json --head-inventory /home/jenkins/agent/workspace/EI-11-Job-B/target/head-test-inventory.json --integration-revision 9bbe6d04d2db75e5b864f3a424bb78bfa4f36b4c --pr-base-revision 9bbe6d04d2db75e5b864f3a424bb78bfa4f36b4c --pr-head-revision eed6922c776e5d029266459d04ed5a69e9d6fc8f --max-commit-distance 500 --result-output /home/jenkins/agent/workspace/EI-11-Job-B/build/stp/selection-result.json --plan-output /home/jenkins/agent/workspace/EI-11-Job-B/build/stp/execution-plan.json --raw-output /home/jenkins/agent/workspace/EI-11-Job-B@tmp/stp-explicit-selector-e3e641dd-4015-4445-bfd6-3f1557a172d9/raw-result.json
Picked up JAVA_TOOL_OPTIONS: -Xmx1024m
[SmartTestPicker] Using explicit map: /home/jenkins/agent/workspace/EI-11-Job-B/build/stp/resolved-r0-map.json
Coverage map:      /home/jenkins/agent/workspace/EI-11-Job-B/build/stp/resolved-r0-map.json
Head inventory:    /home/jenkins/agent/workspace/EI-11-Job-B/target/head-test-inventory.json
Project dir:       /home/jenkins/agent/workspace/EI-11-Job-B
Output:            /home/jenkins/agent/workspace/EI-11-Job-B@tmp/stp-explicit-selector-e3e641dd-4015-4445-bfd6-3f1557a172d9/raw-result.json
Format:            json
Max commit dist:   500
Status:  SELECTED
Reason:  14 mandatory test(s) selected
[STP] Explicit PR outer status: SELECTION_RESULT
[STP] Explicit PR selector status: SELECTED
[STP] policy source=SELECTOR outcome=SELECTED context=TEST_SELECTION action=CONTINUE reasonCode=SAFE_DOMAIN_RESULT retryability=NOT_RETRYABLE fallbackOccurred=false userActionRequired=false
[Pipeline] sh
+ python3 -
EI11_PLAN_MODE SELECT
EI11_PLAN_COUNT 14
[Pipeline] }
[Pipeline] // stage
[Pipeline] stage
[Pipeline] { (Execute exactly selected Maven identities)
[Pipeline] smartTestPicker
[STP] Preparing Maven adapter on agent /home/jenkins/agent/workspace/EI-11-Job-B
[STP] Maven adapter cache hit: 0.1.0
[STP] Maven adapter: 0.1.0 (contract 1)
[STP] Maven adapter SHA-256 verified: 2da632ce9f5a33249ad1af74628592407d1e66fb74b1ce77d66ccc029716260a
[STP] Reusing cached Maven adapter 0.1.0 at /home/jenkins/agent/.stp-cache/runtime/adapters/maven/0.1.0/2da632ce9f5a33249ad1af74628592407d1e66fb74b1ce77d66ccc029716260a/stp-maven-adapter-0.1.0.jar
[STP] Execution plan: /home/jenkins/agent/workspace/EI-11-Job-B@tmp/stp/EI-11-Job-B_3-51064bae-bd4b-4d4c-9681-d2aac0517684/execution-plan.json
[STP] STP environment active
[Pipeline] {
[Pipeline] sh
+ mvn -s .ei11-settings.xml -B -ntp -Ddevelocity.skip=true test
Picked up JAVA_TOOL_OPTIONS: -Xmx1024m
WARNING: A terminally deprecated method in sun.misc.Unsafe has been called
WARNING: sun.misc.Unsafe::objectFieldOffset has been called by com.gradle.maven.extension.internal.dep.com.google.common.util.concurrent.AbstractFuture$UnsafeAtomicHelper (file:/home/jenkins/.m2/repository/com/gradle/develocity-maven-extension/1.22.2/develocity-maven-extension-1.22.2.jar)
WARNING: Please consider reporting this to the maintainers of class com.gradle.maven.extension.internal.dep.com.google.common.util.concurrent.AbstractFuture$UnsafeAtomicHelper
WARNING: sun.misc.Unsafe::objectFieldOffset will be removed in a future release
WARNING: Final field server in class com.gradle.maven.common.configuration.model.DevelocityXmlConfiguration has been mutated reflectively by class org.eclipse.sisu.plexus.CompositeBeanHelper in unnamed module @6b19b79 (file:/opt/apache-maven/lib/org.eclipse.sisu.plexus-1.0.0.jar)
WARNING: Use --enable-final-field-mutation=ALL-UNNAMED to avoid a warning
WARNING: Mutating final fields will be blocked in a future release unless final field mutation is enabled
[INFO] Scanning for projects...
[STP] plan: /home/jenkins/agent/workspace/EI-11-Job-B@tmp/stp/EI-11-Job-B_3-51064bae-bd4b-4d4c-9681-d2aac0517684/execution-plan.json
[STP] mode: SELECT
[STP] selected identities: 14
[STP] project java: 0 candidates
[STP] project java-checks-test-sources: 0 candidates
[STP] project aws: 0 candidates
[STP] project default: 0 candidates
[STP] project java-17: 0 candidates
[STP] project spring-3.2: 0 candidates
[STP] project spring-web-4.0: 0 candidates
[STP] project quarkus-arc-3.15: 0 candidates
[STP] project test-classpath-reader: 0 candidates
[STP] project java-frontend: 0 candidates
[STP] project java-checks-testkit: 0 candidates
[STP] project java-checks-common: 0 candidates
[STP] project java-checks: 14 candidates
[STP] project java-checks-aws: 0 candidates
[STP] project check-list: 0 candidates
[STP] project external-reports: 0 candidates
[STP] project java-surefire: 0 candidates
[STP] project java-jsp: 0 candidates
[STP] project sonar-java-plugin: 0 candidates
[STP] project java-its: 0 candidates
[STP] project it-java-plugin: 0 candidates
[STP] project it-java-plugin-plugins: 0 candidates
[STP] project java-extension-plugin: 0 candidates
[STP] project docs: 0 candidates
[STP] project java-custom-rules-example: 0 candidates
[STP] project it-java-plugin-tests: 0 candidates
[STP] project it-java-ruling: 0 candidates
[STP] Surefire/Failsafe includes file: /tmp/stp-maven-selection-10110910053231931601.includes
[WARNING] This build will only read from the build cache, since the clean lifecycle is not part of the build invocation.
[WARNING] Unexpected error while contacting Develocity server at https://develocity.sonar.build/
[INFO] ------------------------------------------------------------------------
[INFO] Reactor Build Order:
[INFO] 
[INFO] SonarJava                                                          [pom]
[INFO] SonarQube Java :: Checks Test Sources :: Parent Pom                [pom]
[INFO] SonarQube Java :: Checks Test Sources :: AWS                       [jar]
[INFO] SonarQube Java :: Checks Test Sources :: Default                   [jar]
[INFO] SonarQube Java :: Checks Test Sources :: Java 17                   [jar]
[INFO] SonarQube Java :: Checks Test Sources :: Spring Boot 3.2           [jar]
[INFO] SonarQube Java :: Checks Test Sources :: Spring Web 4.0            [jar]
[INFO] SonarQube Java :: Checks Test Sources :: Quarkus ArC 3.15          [jar]
[INFO] SonarQube Java :: Checks Test Sources :: Test Classpath Reader     [jar]
[INFO] SonarQube Java :: Front-end                                        [jar]
[INFO] SonarQube Java :: Checks Test tool kit                             [jar]
[INFO] SonarQube Java :: Checks Common                                    [jar]
[INFO] SonarQube Java :: Checks                                           [jar]
[INFO] SonarQube Java :: AWS Checks                                       [jar]
[INFO] SonarQube Java :: Check List                                       [jar]
[INFO] SonarQube Java :: External Reports Sensor                          [jar]
[INFO] SonarQube Java :: Surefire                                         [jar]
[INFO] SonarQube Java :: JSP                                              [jar]
[INFO] SonarQube Java :: Plugin                                  [sonar-plugin]
[INFO] SonarQube Java :: ITs                                              [pom]
[INFO] SonarQube Java :: ITs :: Plugin                                    [pom]
[INFO] SonarQube Java :: ITs :: Plugin :: Plugins                         [pom]
[INFO] SonarQube Java :: ITS :: Plugin :: Java Extension Plugin  [sonar-plugin]
[INFO] SonarQube Java :: Documentation                                    [pom]
[INFO] SonarQube Java :: Documentation :: Custom Rules Example   [sonar-plugin]
[INFO] SonarQube Java :: ITs :: Plugin :: Tests                           [jar]
[INFO] SonarQube Java :: ITs :: Ruling                                    [jar]
[INFO] 
[INFO] ---------------------< org.sonarsource.java:java >----------------------
[INFO] Building SonarJava 8.44.0-SNAPSHOT                                [1/27]
[INFO]   from pom.xml
[INFO] --------------------------------[ pom ]---------------------------------
[INFO] 
[INFO] --- buildnumber:3.2.1:create (default) @ java ---
[INFO] Executing: /bin/sh -c cd '/home/jenkins/agent/workspace/EI-11-Job-B' && 'git' 'log' '-1' '--no-merges' '--format=format:%H %aI %aE %aN'
[INFO] Working directory: /home/jenkins/agent/workspace/EI-11-Job-B
[INFO] Storing buildNumber: eed6922c776e5d029266459d04ed5a69e9d6fc8f at timestamp: 1789313046512
[INFO] Executing: /bin/sh -c cd '/home/jenkins/agent/workspace/EI-11-Job-B' && 'git' 'symbolic-ref' 'HEAD'
[INFO] Working directory: /home/jenkins/agent/workspace/EI-11-Job-B
[WARNING] Cannot get the branch information from the git repository: 
Detecting the current branch failed: fatal: ref HEAD is not a symbolic ref

[INFO] Executing: /bin/sh -c cd '/home/jenkins/agent/workspace/EI-11-Job-B' && 'git' 'log' '-1' '--no-merges' '--format=format:%H %aI %aE %aN'
[INFO] Working directory: /home/jenkins/agent/workspace/EI-11-Job-B
[INFO] Storing scmBranch: UNKNOWN
[INFO] 
[INFO] --- enforcer:3.5.0:enforce (enforce) @ java ---
[INFO] Rule 0: org.apache.maven.enforcer.rules.property.RequireProperty passed
[INFO] Rule 1: org.apache.maven.enforcer.rules.property.RequireProperty passed
[INFO] Rule 2: org.apache.maven.enforcer.rules.property.RequireProperty passed
[INFO] Rule 3: org.apache.maven.enforcer.rules.property.RequireProperty passed
[INFO] Rule 4: org.apache.maven.enforcer.rules.property.RequireProperty passed
[INFO] Rule 5: org.apache.maven.enforcer.rules.property.RequireProperty passed
[INFO] Rule 6: org.apache.maven.enforcer.rules.version.RequireMavenVersion passed
[INFO] Rule 7: org.apache.maven.enforcer.rules.version.RequireJavaVersion passed
[INFO] Rule 8: org.apache.maven.enforcer.rules.RequirePluginVersions passed
[INFO] 
[INFO] --- license:4.6:check (enforce-license-headers) @ java ---
[INFO] Checking licenses...
[INFO] 
[INFO] --- bsh:1.4:run (compute-artifact-display-version) @ java ---
[INFO] Executing Script
[INFO] file class java.lang.Object
[INFO] script class java.lang.String
[INFO] evaluating script if (! "8.44.0-SNAPSHOT".endsWith("-SNAPSHOT")) { [+ 14 omitted line(s)]
[INFO] 
[INFO] --- dependency:3.8.1:copy (download-jacoco-agent) @ java ---
[INFO] Configured Artifact: org.jacoco:org.jacoco.agent:runtime:0.8.15:jar
[INFO] Configured Artifact: org.mockito:mockito-core:5.23.0:jar
[INFO] org.jacoco:org.jacoco.agent:runtime:0.8.15:jar already exists in /home/jenkins/agent/workspace/EI-11-Job-B/target/test-java-agent-libs
[INFO] org.mockito:mockito-core:5.23.0:jar already exists in /home/jenkins/agent/workspace/EI-11-Job-B/target/test-java-agent-libs
[INFO] 
[INFO] -----------< org.sonarsource.java:java-checks-test-sources >------------
[INFO] Building SonarQube Java :: Checks Test Sources :: Parent Pom 8.44.0-SNAPSHOT [2/27]
[INFO]   from java-checks-test-sources/pom.xml
[INFO] --------------------------------[ pom ]---------------------------------
[INFO] 
[INFO] --- buildnumber:3.2.1:create (default) @ java-checks-test-sources ---
[INFO] 
[INFO] --- enforcer:3.5.0:enforce (enforce) @ java-checks-test-sources ---
[INFO] Rule 0: org.apache.maven.enforcer.rules.property.RequireProperty passed
[INFO] Rule 1: org.apache.maven.enforcer.rules.property.RequireProperty passed
[INFO] Rule 2: org.apache.maven.enforcer.rules.property.RequireProperty passed
[INFO] Rule 3: org.apache.maven.enforcer.rules.property.RequireProperty passed
[INFO] Rule 4: org.apache.maven.enforcer.rules.property.RequireProperty passed
[INFO] Rule 5: org.apache.maven.enforcer.rules.property.RequireProperty passed
[INFO] Rule 8: org.apache.maven.enforcer.rules.RequirePluginVersions passed
[INFO] 
[INFO] --- license:4.6:check (enforce-license-headers) @ java-checks-test-sources ---
[INFO] Checking licenses...
[INFO] 
[INFO] --- dependency:3.8.1:build-classpath (build-classpath) @ java-checks-test-sources ---
[INFO] No dependencies found.
[INFO] Skipped writing classpath file '/home/jenkins/agent/workspace/EI-11-Job-B/java-checks-test-sources/target/test-classpath.txt'.  No changes found.
[INFO] 
[INFO] --- bsh:1.4:run (compute-artifact-display-version) @ java-checks-test-sources ---
[INFO] Executing Script
[INFO] file class java.lang.Object
[INFO] script class java.lang.String
[INFO] evaluating script if (! "8.44.0-SNAPSHOT".endsWith("-SNAPSHOT")) { [+ 14 omitted line(s)]
[INFO] 
[INFO] --- dependency:3.8.1:copy (download-jacoco-agent) @ java-checks-test-sources ---
[INFO] Configured Artifact: org.jacoco:org.jacoco.agent:runtime:0.8.15:jar
[INFO] Configured Artifact: org.mockito:mockito-core:5.23.0:jar
[INFO] org.jacoco:org.jacoco.agent:runtime:0.8.15:jar already exists in /home/jenkins/agent/workspace/EI-11-Job-B/java-checks-test-sources/target/test-java-agent-libs
[INFO] org.mockito:mockito-core:5.23.0:jar already exists in /home/jenkins/agent/workspace/EI-11-Job-B/java-checks-test-sources/target/test-java-agent-libs
[INFO] 
[INFO] --- dependency:3.8.1:copy (copy) @ java-checks-test-sources ---
[INFO] Configured Artifact: org.testng:testng:7.5.1:jar
[INFO] org.testng:testng:7.5.1:jar already exists in /home/jenkins/agent/workspace/EI-11-Job-B/java-checks-test-sources/target/test-jars
[INFO] 
[INFO] ----------------------< org.sonarsource.java:aws >----------------------
[INFO] Building SonarQube Java :: Checks Test Sources :: AWS 8.44.0-SNAPSHOT [3/27]
[INFO]   from java-checks-test-sources/aws/pom.xml
[INFO] --------------------------------[ jar ]---------------------------------
[INFO] 
[INFO] --- buildnumber:3.2.1:create (default) @ aws ---
[INFO] 
[INFO] --- enforcer:3.5.0:enforce (enforce) @ aws ---
[INFO] Rule 0: org.apache.maven.enforcer.rules.property.RequireProperty passed
[INFO] Rule 1: org.apache.maven.enforcer.rules.property.RequireProperty passed
[INFO] Rule 2: org.apache.maven.enforcer.rules.property.RequireProperty passed
[INFO] Rule 3: org.apache.maven.enforcer.rules.property.RequireProperty passed
[INFO] Rule 4: org.apache.maven.enforcer.rules.property.RequireProperty passed
[INFO] Rule 5: org.apache.maven.enforcer.rules.property.RequireProperty passed
[INFO] Rule 8: org.apache.maven.enforcer.rules.RequirePluginVersions passed
[INFO] 
[INFO] --- license:4.6:check (enforce-license-headers) @ aws ---
[INFO] Checking licenses...
[INFO] 
[INFO] --- dependency:3.8.1:build-classpath (build-classpath) @ aws ---
[INFO] Wrote classpath file '/home/jenkins/agent/workspace/EI-11-Job-B/java-checks-test-sources/aws/target/test-classpath.txt'.
[INFO] 
[INFO] --- bsh:1.4:run (compute-artifact-display-version) @ aws ---
[INFO] Executing Script
[INFO] file class java.lang.Object
[INFO] script class java.lang.String
[INFO] evaluating script if (! "8.44.0-SNAPSHOT".endsWith("-SNAPSHOT")) { [+ 14 omitted line(s)]
[INFO] 
[INFO] --- resources:3.3.1:resources (default-resources) @ aws ---
[INFO] skip non existing resourceDirectory /home/jenkins/agent/workspace/EI-11-Job-B/java-checks-test-sources/aws/src/main/resources
[INFO] 
[INFO] --- compiler:3.13.0:compile (default-compile) @ aws ---
[WARNING] The following annotation processors were found on the classpath: 
[lombok.launch.AnnotationProcessorHider$AnnotationProcessor, lombok.launch.AnnotationProcessorHider$ClaimingProcessor], provided by /home/jenkins/.m2/repository/org/projectlombok/lombok/1.18.30/lombok-1.18.30.jar
Compile avoidance has been deactivated.
Please use the maven-compiler-plugin version 3.5 or above and use the <annotationProcessorPaths> configuration element to declare the processors instead.
If you did not intend to use the processors above (e.g. they were leaked by a dependency), you can use the <proc>none</proc> option to disable annotation processing.

For more information see https://gradle.com/help/maven-extension-compile-avoidance.
[INFO] Nothing to compile - all classes are up to date.
[INFO] 
[INFO] --- resources:3.3.1:testResources (default-testResources) @ aws ---
[INFO] skip non existing resourceDirectory /home/jenkins/agent/workspace/EI-11-Job-B/java-checks-test-sources/aws/src/test/resources
[INFO] 
[INFO] --- dependency:3.8.1:copy (download-jacoco-agent) @ aws ---
[INFO] Configured Artifact: org.jacoco:org.jacoco.agent:runtime:0.8.15:jar
[INFO] Configured Artifact: org.mockito:mockito-core:5.23.0:jar
[INFO] org.jacoco:org.jacoco.agent:runtime:0.8.15:jar already exists in /home/jenkins/agent/workspace/EI-11-Job-B/java-checks-test-sources/aws/target/test-java-agent-libs
[INFO] org.mockito:mockito-core:5.23.0:jar already exists in /home/jenkins/agent/workspace/EI-11-Job-B/java-checks-test-sources/aws/target/test-java-agent-libs
[INFO] 
[INFO] --- compiler:3.13.0:testCompile (default-testCompile) @ aws ---
[WARNING] The following annotation processors were found on the classpath: 
[lombok.launch.AnnotationProcessorHider$AnnotationProcessor, lombok.launch.AnnotationProcessorHider$ClaimingProcessor], provided by /home/jenkins/.m2/repository/org/projectlombok/lombok/1.18.30/lombok-1.18.30.jar
Compile avoidance has been deactivated.
Please use the maven-compiler-plugin version 3.5 or above and use the <annotationProcessorPaths> configuration element to declare the processors instead.
If you did not intend to use the processors above (e.g. they were leaked by a dependency), you can use the <proc>none</proc> option to disable annotation processing.

For more information see https://gradle.com/help/maven-extension-compile-avoidance.
[INFO] No sources to compile
[INFO] 
[INFO] --- surefire:3.5.2:test (default-test) @ aws ---
[INFO] No tests to run.
[INFO] Skipped
[INFO] 
[INFO] --------------------< org.sonarsource.java:default >--------------------
[INFO] Building SonarQube Java :: Checks Test Sources :: Default 8.44.0-SNAPSHOT [4/27]
[INFO]   from java-checks-test-sources/default/pom.xml
[INFO] --------------------------------[ jar ]---------------------------------
[WARNING] 6 problems were encountered while building the effective model for org.openjfx:javafx-controls:jar:20 during dependency collection step for project (use -X to see details)
[WARNING] 1 problem was encountered while building the effective model for org.javassist:javassist:jar:3.20.0-GA during dependency collection step for project (use -X to see details)
[INFO] 
[INFO] --- buildnumber:3.2.1:create (default) @ default ---
[INFO] 
[INFO] --- enforcer:3.5.0:enforce (enforce) @ default ---
[INFO] Rule 0: org.apache.maven.enforcer.rules.property.RequireProperty passed
[INFO] Rule 1: org.apache.maven.enforcer.rules.property.RequireProperty passed
[INFO] Rule 2: org.apache.maven.enforcer.rules.property.RequireProperty passed
[INFO] Rule 3: org.apache.maven.enforcer.rules.property.RequireProperty passed
[INFO] Rule 4: org.apache.maven.enforcer.rules.property.RequireProperty passed
[INFO] Rule 5: org.apache.maven.enforcer.rules.property.RequireProperty passed
[INFO] Rule 8: org.apache.maven.enforcer.rules.RequirePluginVersions passed
[INFO] 
[INFO] --- license:4.6:check (enforce-license-headers) @ default ---
[INFO] Checking licenses...
[INFO] 
[INFO] --- dependency:3.8.1:build-classpath (build-classpath) @ default ---
[INFO] Wrote classpath file '/home/jenkins/agent/workspace/EI-11-Job-B/java-checks-test-sources/default/target/test-classpath.txt'.
[INFO] 
[INFO] --- bsh:1.4:run (compute-artifact-display-version) @ default ---
[INFO] Executing Script
[INFO] file class java.lang.Object
[INFO] script class java.lang.String
[INFO] evaluating script if (! "8.44.0-SNAPSHOT".endsWith("-SNAPSHOT")) { [+ 14 omitted line(s)]
[INFO] 
[INFO] --- resources:3.3.1:resources (default-resources) @ default ---
[INFO] skip non existing resourceDirectory /home/jenkins/agent/workspace/EI-11-Job-B/java-checks-test-sources/default/src/main/resources
[INFO] 
[INFO] --- compiler:3.13.0:compile (default-compile) @ default ---
[INFO] Recompiling the module because of changed source code.
[INFO] Compiling 1062 source files with javac [debug release 26] to target/classes
[WARNING] /home/jenkins/agent/workspace/EI-11-Job-B/java-checks-test-sources/default/src/main/java/checks/ArrayForVarArgCheckSample.java:[52,15] non-varargs call of varargs method with inexact argument type for last parameter;
  cast to java.lang.Object for a varargs call
  cast to java.lang.Object[] for a non-varargs call and to suppress this warning
[WARNING] /home/jenkins/agent/workspace/EI-11-Job-B/java-checks-test-sources/default/src/main/java/checks/ArrayForVarArgCheckSample.java:[53,15] non-varargs call of varargs method with inexact argument type for last parameter;
  cast to java.lang.Object for a varargs call
  cast to java.lang.Object[] for a non-varargs call and to suppress this warning
[WARNING] /home/jenkins/agent/workspace/EI-11-Job-B/java-checks-test-sources/default/src/main/java/checks/ArrayForVarArgCheckSample.java:[54,15] non-varargs call of varargs method with inexact argument type for last parameter;
  cast to java.lang.Object for a varargs call
  cast to java.lang.Object[] for a non-varargs call and to suppress this warning
[WARNING] /home/jenkins/agent/workspace/EI-11-Job-B/java-checks-test-sources/default/src/main/java/checks/ArrayForVarArgCheckSample.java:[55,15] non-varargs call of varargs method with inexact argument type for last parameter;
  cast to java.lang.Object for a varargs call
  cast to java.lang.Object[] for a non-varargs call and to suppress this warning
[WARNING] /home/jenkins/agent/workspace/EI-11-Job-B/java-checks-test-sources/default/src/main/java/checks/ConfusingVarargCheck.java:[15,14] non-varargs call of varargs method with inexact argument type for last parameter;
  cast to java.lang.String for a varargs call
  cast to java.lang.String[] for a non-varargs call and to suppress this warning
[WARNING] /home/jenkins/agent/workspace/EI-11-Job-B/java-checks-test-sources/default/src/main/java/checks/ConfusingVarargCheck.java:[21,12] non-varargs call of varargs method with inexact argument type for last parameter;
  cast to java.lang.Object for a varargs call
  cast to java.lang.Object[] for a non-varargs call and to suppress this warning
[WARNING] /home/jenkins/agent/workspace/EI-11-Job-B/java-checks-test-sources/default/src/main/java/checks/ConfusingVarargCheck.java:[23,12] non-varargs call of varargs method with inexact argument type for last parameter;
  cast to java.lang.Object for a varargs call
  cast to java.lang.Object[] for a non-varargs call and to suppress this warning
[WARNING] /home/jenkins/agent/workspace/EI-11-Job-B/java-checks-test-sources/default/src/main/java/checks/ConfusingVarargCheck.java:[28,12] non-varargs call of varargs method with inexact argument type for last parameter;
  cast to java.lang.Object for a varargs call
  cast to java.lang.Object[] for a non-varargs call and to suppress this warning
[WARNING] /home/jenkins/agent/workspace/EI-11-Job-B/java-checks-test-sources/default/src/main/java/checks/ConfusingVarargCheck.java:[79,65] non-varargs call of varargs method with inexact argument type for last parameter;
  cast to java.lang.Class<?> for a varargs call
  cast to java.lang.Class<?>[] for a non-varargs call and to suppress this warning
[WARNING] /home/jenkins/agent/workspace/EI-11-Job-B/java-checks-test-sources/default/src/main/java/checks/ConfusingVarargCheck.java:[80,25] non-varargs call of varargs method with inexact argument type for last parameter;
  cast to java.lang.Object for a varargs call
  cast to java.lang.Object[] for a non-varargs call and to suppress this warning
[WARNING] /home/jenkins/agent/workspace/EI-11-Job-B/java-checks-test-sources/default/src/main/java/checks/ConfusingVarargCheck.java:[82,65] non-varargs call of varargs method with inexact argument type for last parameter;
  cast to java.lang.Object for a varargs call
  cast to java.lang.Object[] for a non-varargs call and to suppress this warning
[WARNING] /home/jenkins/agent/workspace/EI-11-Job-B/java-checks-test-sources/default/src/main/java/checks/DisallowedThreadGroupCheck.java:[20,21] checkAccess() in java.lang.ThreadGroup has been deprecated and marked for removal
[WARNING] /home/jenkins/agent/workspace/EI-11-Job-B/java-checks-test-sources/default/src/main/java/checks/DisallowedThreadGroupCheck.java:[21,7] destroy() in java.lang.ThreadGroup has been deprecated and marked for removal
[WARNING] /home/jenkins/agent/workspace/EI-11-Job-B/java-checks-test-sources/default/src/main/java/checks/DisallowedThreadGroupCheck.java:[30,7] isDaemon() in java.lang.ThreadGroup has been deprecated and marked for removal
[WARNING] /home/jenkins/agent/workspace/EI-11-Job-B/java-checks-test-sources/default/src/main/java/checks/DisallowedThreadGroupCheck.java:[31,7] isDestroyed() in java.lang.ThreadGroup has been deprecated and marked for removal
[WARNING] /home/jenkins/agent/workspace/EI-11-Job-B/java-checks-test-sources/default/src/main/java/checks/DisallowedThreadGroupCheck.java:[32,7] setDaemon(boolean) in java.lang.ThreadGroup has been deprecated and marked for removal
[WARNING] /home/jenkins/agent/workspace/EI-11-Job-B/java-checks-test-sources/default/src/main/java/checks/FinalizeFieldsSetCheckSample.java:[10,20] finalize() in java.lang.Object has been deprecated and marked for removal
[WARNING] /home/jenkins/agent/workspace/EI-11-Job-B/java-checks-test-sources/default/src/main/java/checks/FinalizeFieldsSetCheckSample.java:[35,20] finalize() in java.lang.Object has been deprecated and marked for removal
[WARNING] /home/jenkins/agent/workspace/EI-11-Job-B/java-checks-test-sources/default/src/main/java/checks/FinalizeFieldsSetCheckSample.java:[55,21] finalize() in java.lang.Object has been deprecated and marked for removal
[WARNING] /home/jenkins/agent/workspace/EI-11-Job-B/java-checks-test-sources/default/src/main/java/checks/FinalizeFieldsSetCheckSample.java:[71,21] finalize() in java.lang.Object has been deprecated and marked for removal
[WARNING] /home/jenkins/agent/workspace/EI-11-Job-B/java-checks-test-sources/default/src/main/java/checks/FinalizerAttackCheckSample.java:[232,26] finalize() in java.lang.Object has been deprecated and marked for removal
[WARNING] /home/jenkins/agent/workspace/EI-11-Job-B/java-checks-test-sources/default/src/main/java/checks/FinalizerAttackCheckSample.java:[304,20] finalize() in java.lang.Object has been deprecated and marked for removal
[WARNING] /home/jenkins/agent/workspace/EI-11-Job-B/java-checks-test-sources/default/src/main/java/checks/FinalizerAttackCheckSample.java:[465,26] finalize() in java.lang.Object has been deprecated and marked for removal
[WARNING] /home/jenkins/agent/workspace/EI-11-Job-B/java-checks-test-sources/default/src/main/java/checks/FinalizerAttackCheckSample.java:[701,26] finalize() in java.lang.Object has been deprecated and marked for removal
[WARNING] /home/jenkins/agent/workspace/EI-11-Job-B/java-checks-test-sources/default/src/main/java/checks/FinalizerAttackCheckSample.java:[715,26] finalize() in java.lang.Object has been deprecated and marked for removal
[WARNING] /home/jenkins/agent/workspace/EI-11-Job-B/java-checks-test-sources/default/src/main/java/checks/GarbageCollectorCalledCheckSample.java:[24,11] runFinalization() in java.lang.System has been deprecated and marked for removal
[WARNING] /home/jenkins/agent/workspace/EI-11-Job-B/java-checks-test-sources/default/src/main/java/checks/GarbageCollectorCalledCheckSample.java:[29,25] runFinalization() in java.lang.Runtime has been deprecated and marked for removal
[WARNING] /home/jenkins/agent/workspace/EI-11-Job-B/java-checks-test-sources/default/src/main/java/checks/GarbageCollectorCalledCheckSample.java:[31,21] runFinalization() in java.lang.Runtime has been deprecated and marked for removal
[WARNING] /home/jenkins/agent/workspace/EI-11-Job-B/java-checks-test-sources/default/src/main/java/checks/GarbageCollectorCalledCheckSample.java:[33,10] runFinalization() in java.lang.Runtime has been deprecated and marked for removal
[WARNING] /home/jenkins/agent/workspace/EI-11-Job-B/java-checks-test-sources/default/src/main/java/checks/GarbageCollectorCalledCheckSample.java:[35,12] runFinalization() in java.lang.Runtime has been deprecated and marked for removal
[WARNING] /home/jenkins/agent/workspace/EI-11-Job-B/java-checks-test-sources/default/src/main/java/checks/MethodOnlyCallsSuperCheckSample.java:[284,29] as of release 17, all floating-point expressions are evaluated strictly and 'strictfp' is not required
[WARNING] /home/jenkins/agent/workspace/EI-11-Job-B/java-checks-test-sources/default/src/main/java/checks/MethodOnlyCallsSuperCheckSample.java:[284,29] as of release 17, all floating-point expressions are evaluated strictly and 'strictfp' is not required
[WARNING] /home/jenkins/agent/workspace/EI-11-Job-B/java-checks-test-sources/default/src/main/java/checks/MethodOnlyCallsSuperCheckSample.java:[284,29] as of release 17, all floating-point expressions are evaluated strictly and 'strictfp' is not required
[WARNING] /home/jenkins/agent/workspace/EI-11-Job-B/java-checks-test-sources/default/src/main/java/checks/MethodOnlyCallsSuperCheckSample.java:[284,29] as of release 17, all floating-point expressions are evaluated strictly and 'strictfp' is not required
[WARNING] /home/jenkins/agent/workspace/EI-11-Job-B/java-checks-test-sources/default/src/main/java/checks/MethodOnlyCallsSuperCheckSample.java:[284,29] as of release 17, all floating-point expressions are evaluated strictly and 'strictfp' is not required
[WARNING] /home/jenkins/agent/workspace/EI-11-Job-B/java-checks-test-sources/default/src/main/java/checks/MissingDeprecatedCheckSample.java:[22,15] deprecated item is not annotated with @Deprecated
[WARNING] /home/jenkins/agent/workspace/EI-11-Job-B/java-checks-test-sources/default/src/main/java/checks/MissingDeprecatedCheckSample.java:[131,15] deprecated item is not annotated with @Deprecated
[WARNING] /home/jenkins/agent/workspace/EI-11-Job-B/java-checks-test-sources/default/src/main/java/checks/MissingDeprecatedCheckSample.java:[126,1] deprecated item is not annotated with @Deprecated
[WARNING] /home/jenkins/agent/workspace/EI-11-Job-B/java-checks-test-sources/default/src/main/java/checks/MissingDeprecatedCheckSample.java:[144,15] deprecated item is not annotated with @Deprecated
[WARNING] /home/jenkins/agent/workspace/EI-11-Job-B/java-checks-test-sources/default/src/main/java/checks/ObjectFinalizeCheckSample.java:[9,20] finalize() in java.lang.Object has been deprecated and marked for removal
[WARNING] /home/jenkins/agent/workspace/EI-11-Job-B/java-checks-test-sources/default/src/main/java/checks/ObjectFinalizeCheckSample.java:[10,12] finalize() in java.lang.Object has been deprecated and marked for removal
[WARNING] /home/jenkins/agent/workspace/EI-11-Job-B/java-checks-test-sources/default/src/main/java/checks/ObjectFinalizeCheckSample.java:[26,10] finalize() in java.lang.Object has been deprecated and marked for removal
[WARNING] /home/jenkins/agent/workspace/EI-11-Job-B/java-checks-test-sources/default/src/main/java/checks/ObjectFinalizeCheckSample.java:[27,9] finalize() in java.lang.Object has been deprecated and marked for removal
[WARNING] /home/jenkins/agent/workspace/EI-11-Job-B/java-checks-test-sources/default/src/main/java/checks/ObjectFinalizeCheckSample.java:[28,5] finalize() in java.lang.Object has been deprecated and marked for removal
[WARNING] /home/jenkins/agent/workspace/EI-11-Job-B/java-checks-test-sources/default/src/main/java/checks/ObjectFinalizeOverriddenCallsSuperFinalizeCheckSample.java:[130,18] finalize() in java.lang.Object has been deprecated and marked for removal
[WARNING] /home/jenkins/agent/workspace/EI-11-Job-B/java-checks-test-sources/default/src/main/java/checks/ObjectFinalizeOverriddenCallsSuperFinalizeCheckSample.java:[140,18] finalize() in java.lang.Object has been deprecated and marked for removal
[WARNING] /home/jenkins/agent/workspace/EI-11-Job-B/java-checks-test-sources/default/src/main/java/checks/ObjectFinalizeOverriddenCallsSuperFinalizeCheckSample.java:[141,10] finalize() in java.lang.Object has been deprecated and marked for removal
[WARNING] /home/jenkins/agent/workspace/EI-11-Job-B/java-checks-test-sources/default/src/main/java/checks/ObjectFinalizeOverriddenCallsSuperFinalizeCheckSample.java:[150,14] finalize() in java.lang.Object has been deprecated and marked for removal
[WARNING] /home/jenkins/agent/workspace/EI-11-Job-B/java-checks-test-sources/default/src/main/java/checks/ObjectFinalizeOverriddenCheckSample.java:[24,20] finalize() in java.lang.Object has been deprecated and marked for removal
[WARNING] /home/jenkins/agent/workspace/EI-11-Job-B/java-checks-test-sources/default/src/main/java/checks/ObjectFinalizeOverriddenCheckSample.java:[35,26] finalize() in java.lang.Object has been deprecated and marked for removal
[WARNING] /home/jenkins/agent/workspace/EI-11-Job-B/java-checks-test-sources/default/src/main/java/checks/ObjectFinalizeOverriddenCheckSample.java:[44,26] finalize() in java.lang.Object has been deprecated and marked for removal
[WARNING] /home/jenkins/agent/workspace/EI-11-Job-B/java-checks-test-sources/default/src/main/java/checks/ObjectFinalizeOverriddenCheckSample.java:[52,20] finalize() in java.lang.Object has been deprecated and marked for removal
[WARNING] /home/jenkins/agent/workspace/EI-11-Job-B/java-checks-test-sources/default/src/main/java/checks/ObjectFinalizeOverriddenNotPublicCheckSample.java:[5,15] finalize() in java.lang.Object has been deprecated and marked for removal
[WARNING] /home/jenkins/agent/workspace/EI-11-Job-B/java-checks-test-sources/default/src/main/java/checks/ObjectFinalizeOverriddenNotPublicCheckSample.java:[13,18] finalize() in java.lang.Object has been deprecated and marked for removal
[WARNING] /home/jenkins/agent/workspace/EI-11-Job-B/java-checks-test-sources/default/src/main/java/checks/ObjectFinalizeOverriddenNotPublicCheckSample.java:[32,15] finalize() in java.lang.Object has been deprecated and marked for removal
[WARNING] /home/jenkins/agent/workspace/EI-11-Job-B/java-checks-test-sources/default/src/main/java/checks/OverrideAnnotationCheck_QuickFixes.java:[20,17] finalize() in java.lang.Object has been deprecated and marked for removal
[WARNING] /home/jenkins/agent/workspace/EI-11-Job-B/java-checks-test-sources/default/src/main/java/checks/OverrideAnnotationCheck_QuickFixes.java:[21,12] finalize() in java.lang.Object has been deprecated and marked for removal
[WARNING] /home/jenkins/agent/workspace/EI-11-Job-B/java-checks-test-sources/default/src/main/java/checks/SyncGetterAndSetterCheckSample.java:[43,5] attempt to synchronize on an instance of a value-based class
[WARNING] /home/jenkins/agent/workspace/EI-11-Job-B/java-checks-test-sources/default/src/main/java/checks/SynchronizationOnStringOrBoxedCheckSample.java:[25,5] attempt to synchronize on an instance of a value-based class
[WARNING] /home/jenkins/agent/workspace/EI-11-Job-B/java-checks-test-sources/default/src/main/java/checks/SynchronizationOnStringOrBoxedCheckSample.java:[29,5] attempt to synchronize on an instance of a value-based class
[WARNING] /home/jenkins/agent/workspace/EI-11-Job-B/java-checks-test-sources/default/src/main/java/checks/SynchronizationOnStringOrBoxedCheckSample.java:[35,5] attempt to synchronize on an instance of a value-based class
[WARNING] /home/jenkins/agent/workspace/EI-11-Job-B/java-checks-test-sources/default/src/main/java/checks/SynchronizationOnStringOrBoxedCheckSample.java:[38,5] attempt to synchronize on an instance of a value-based class
[WARNING] /home/jenkins/agent/workspace/EI-11-Job-B/java-checks-test-sources/default/src/main/java/checks/SynchronizationOnStringOrBoxedCheckSample.java:[41,5] attempt to synchronize on an instance of a value-based class
[WARNING] /home/jenkins/agent/workspace/EI-11-Job-B/java-checks-test-sources/default/src/main/java/checks/SynchronizationOnStringOrBoxedCheckSample.java:[44,5] attempt to synchronize on an instance of a value-based class
[WARNING] /home/jenkins/agent/workspace/EI-11-Job-B/java-checks-test-sources/default/src/main/java/checks/SynchronizationOnStringOrBoxedCheckSample.java:[47,5] attempt to synchronize on an instance of a value-based class
[WARNING] /home/jenkins/agent/workspace/EI-11-Job-B/java-checks-test-sources/default/src/main/java/checks/UnreachableCatchCheck.java:[17,7] unreachable catch clause
  thrown type checks.UnreachableCatchCheck.ExtendsCustomException has already been caught
[WARNING] /home/jenkins/agent/workspace/EI-11-Job-B/java-checks-test-sources/default/src/main/java/checks/UnreachableCatchCheck.java:[27,14] unreachable catch clause
  thrown type checks.UnreachableCatchCheck.ExtendsCustomException has already been caught
[WARNING] /home/jenkins/agent/workspace/EI-11-Job-B/java-checks-test-sources/default/src/main/java/checks/UnreachableCatchCheck.java:[41,14] unreachable catch clause
  thrown type checks.UnreachableCatchCheck.ExtendsExtendsCustomException has already been caught
[WARNING] /home/jenkins/agent/workspace/EI-11-Job-B/java-checks-test-sources/default/src/main/java/checks/UnreachableCatchCheck.java:[41,39] unreachable catch clause
  thrown type checks.UnreachableCatchCheck.ExtendsOtherExtendsCustomException has already been caught
[WARNING] /home/jenkins/agent/workspace/EI-11-Job-B/java-checks-test-sources/default/src/main/java/checks/UnreachableCatchCheck.java:[50,7] unreachable catch clause
  thrown type checks.UnreachableCatchCheck.ExtendsCustomException has already been caught
[WARNING] /home/jenkins/agent/workspace/EI-11-Job-B/java-checks-test-sources/default/src/main/java/checks/UnreachableCatchCheck.java:[66,7] unreachable catch clause
  thrown type checks.UnreachableCatchCheck.ExtendsExtendsCustomException has already been caught
[WARNING] /home/jenkins/agent/workspace/EI-11-Job-B/java-checks-test-sources/default/src/main/java/checks/UnreachableCatchCheck.java:[68,7] unreachable catch clause
  thrown type checks.UnreachableCatchCheck.ExtendsExtendsCustomException has already been caught
[WARNING] /home/jenkins/agent/workspace/EI-11-Job-B/java-checks-test-sources/default/src/main/java/checks/UnreachableCatchCheck.java:[78,7] unreachable catch clause
  thrown type checks.UnreachableCatchCheck.ExtendsCustomException has already been caught
[WARNING] /home/jenkins/agent/workspace/EI-11-Job-B/java-checks-test-sources/default/src/main/java/checks/UnreachableCatchCheck.java:[89,7] unreachable catch clause
  thrown type checks.UnreachableCatchCheck.ExtendsCustomException has already been caught
[WARNING] /home/jenkins/agent/workspace/EI-11-Job-B/java-checks-test-sources/default/src/main/java/checks/UnreachableCatchCheck.java:[99,7] unreachable catch clause
  thrown type checks.UnreachableCatchCheck.ExtendsExtendsCustomException has already been caught
[WARNING] /home/jenkins/agent/workspace/EI-11-Job-B/java-checks-test-sources/default/src/main/java/checks/UnreachableCatchCheck.java:[114,7] unreachable catch clause
  thrown type checks.UnreachableCatchCheck.ExtendsCustomException has already been caught
[WARNING] /home/jenkins/agent/workspace/EI-11-Job-B/java-checks-test-sources/default/src/main/java/checks/UnreachableCatchCheck.java:[209,7] unreachable catch clause
  thrown type checks.UnreachableCatchCheck.ExtendsCustomException has already been caught
[WARNING] /home/jenkins/agent/workspace/EI-11-Job-B/java-checks-test-sources/default/src/main/java/checks/UnreachableCatchCheck.java:[223,7] unreachable catch clause
  thrown type java.io.FileNotFoundException has already been caught
[INFO] /home/jenkins/agent/workspace/EI-11-Job-B/java-checks-test-sources/default/src/main/java/annotations/nullability/no_default/NullabilityAtVariableLevel.java: Some input files use or override a deprecated API.
[INFO] /home/jenkins/agent/workspace/EI-11-Job-B/java-checks-test-sources/default/src/main/java/annotations/nullability/no_default/NullabilityAtVariableLevel.java: Recompile with -Xlint:deprecation for details.
[INFO] /home/jenkins/agent/workspace/EI-11-Job-B/java-checks-test-sources/default/src/main/java/annotations/nullability/no_default/NullabilityWithGenerics.java: Some input files use unchecked or unsafe operations.
[INFO] /home/jenkins/agent/workspace/EI-11-Job-B/java-checks-test-sources/default/src/main/java/annotations/nullability/no_default/NullabilityWithGenerics.java: Recompile with -Xlint:unchecked for details.
[INFO] 
[INFO] --- resources:3.3.1:testResources (default-testResources) @ default ---
[INFO] skip non existing resourceDirectory /home/jenkins/agent/workspace/EI-11-Job-B/java-checks-test-sources/default/src/test/resources
[INFO] 
[INFO] --- dependency:3.8.1:copy (download-jacoco-agent) @ default ---
[INFO] Configured Artifact: org.jacoco:org.jacoco.agent:runtime:0.8.15:jar
[INFO] Configured Artifact: org.mockito:mockito-core:5.23.0:jar
[INFO] org.jacoco:org.jacoco.agent:runtime:0.8.15:jar already exists in /home/jenkins/agent/workspace/EI-11-Job-B/java-checks-test-sources/default/target/test-java-agent-libs
[INFO] org.mockito:mockito-core:5.23.0:jar already exists in /home/jenkins/agent/workspace/EI-11-Job-B/java-checks-test-sources/default/target/test-java-agent-libs
[INFO] 
[INFO] --- compiler:3.13.0:testCompile (default-testCompile) @ default ---
[INFO] Recompiling the module because of changed dependency.
[INFO] Compiling 115 source files with javac [debug release 26] to target/test-classes
[WARNING] /home/jenkins/agent/workspace/EI-11-Job-B/java-checks-test-sources/default/src/test/java/checks/tests/AssertionTypesCheck_AssertJ.java:[138,35] non-varargs call of varargs method with inexact argument type for last parameter;
  cast to java.lang.Object for a varargs call
  cast to java.lang.Object[] for a non-varargs call and to suppress this warning
[INFO] /home/jenkins/agent/workspace/EI-11-Job-B/java-checks-test-sources/default/src/test/java/checks/tests/AssertJAssertionsInConsumerCheckSample.java: Some input files use or override a deprecated API.
[INFO] /home/jenkins/agent/workspace/EI-11-Job-B/java-checks-test-sources/default/src/test/java/checks/tests/AssertJAssertionsInConsumerCheckSample.java: Recompile with -Xlint:deprecation for details.
[INFO] /home/jenkins/agent/workspace/EI-11-Job-B/java-checks-test-sources/default/src/test/java/checks/tests/AssertJChainSimplificationCheckTest.java: Some input files use unchecked or unsafe operations.
[INFO] /home/jenkins/agent/workspace/EI-11-Job-B/java-checks-test-sources/default/src/test/java/checks/tests/AssertJChainSimplificationCheckTest.java: Recompile with -Xlint:unchecked for details.
[INFO] 
[INFO] --- surefire:3.5.2:test (default-test) @ default ---
[INFO] Skipped
[INFO] 
[INFO] --------------------< org.sonarsource.java:java-17 >--------------------
[INFO] Building SonarQube Java :: Checks Test Sources :: Java 17 8.44.0-SNAPSHOT [5/27]
[INFO]   from java-checks-test-sources/java-17/pom.xml
[INFO] --------------------------------[ jar ]---------------------------------
[INFO] 
[INFO] --- buildnumber:3.2.1:create (default) @ java-17 ---
[INFO] 
[INFO] --- enforcer:3.5.0:enforce (enforce) @ java-17 ---
[INFO] Rule 0: org.apache.maven.enforcer.rules.property.RequireProperty passed
[INFO] Rule 1: org.apache.maven.enforcer.rules.property.RequireProperty passed
[INFO] Rule 2: org.apache.maven.enforcer.rules.property.RequireProperty passed
[INFO] Rule 3: org.apache.maven.enforcer.rules.property.RequireProperty passed
[INFO] Rule 4: org.apache.maven.enforcer.rules.property.RequireProperty passed
[INFO] Rule 5: org.apache.maven.enforcer.rules.property.RequireProperty passed
[INFO] Rule 8: org.apache.maven.enforcer.rules.RequirePluginVersions passed
[INFO] 
[INFO] --- license:4.6:check (enforce-license-headers) @ java-17 ---
[INFO] Checking licenses...
[INFO] 
[INFO] --- dependency:3.8.1:build-classpath (build-classpath) @ java-17 ---
[INFO] Wrote classpath file '/home/jenkins/agent/workspace/EI-11-Job-B/java-checks-test-sources/java-17/target/test-classpath.txt'.
[INFO] 
[INFO] --- bsh:1.4:run (compute-artifact-display-version) @ java-17 ---
[INFO] Executing Script
[INFO] file class java.lang.Object
[INFO] script class java.lang.String
[INFO] evaluating script if (! "8.44.0-SNAPSHOT".endsWith("-SNAPSHOT")) { [+ 14 omitted line(s)]
[INFO] 
[INFO] --- resources:3.3.1:resources (default-resources) @ java-17 ---
[INFO] skip non existing resourceDirectory /home/jenkins/agent/workspace/EI-11-Job-B/java-checks-test-sources/java-17/src/main/resources
[INFO] 
[INFO] --- compiler:3.13.0:compile (default-compile) @ java-17 ---
[INFO] Nothing to compile - all classes are up to date.
[INFO] 
[INFO] --- resources:3.3.1:testResources (default-testResources) @ java-17 ---
[INFO] skip non existing resourceDirectory /home/jenkins/agent/workspace/EI-11-Job-B/java-checks-test-sources/java-17/src/test/resources
[INFO] 
[INFO] --- dependency:3.8.1:copy (download-jacoco-agent) @ java-17 ---
[INFO] Configured Artifact: org.jacoco:org.jacoco.agent:runtime:0.8.15:jar
[INFO] Configured Artifact: org.mockito:mockito-core:3.9.0:jar
[INFO] org.jacoco:org.jacoco.agent:runtime:0.8.15:jar already exists in /home/jenkins/agent/workspace/EI-11-Job-B/java-checks-test-sources/java-17/target/test-java-agent-libs
[INFO] org.mockito:mockito-core:3.9.0:jar already exists in /home/jenkins/agent/workspace/EI-11-Job-B/java-checks-test-sources/java-17/target/test-java-agent-libs
[INFO] 
[INFO] --- compiler:3.13.0:testCompile (default-testCompile) @ java-17 ---
[INFO] Nothing to compile - all classes are up to date.
[INFO] 
[INFO] --- surefire:3.5.2:test (default-test) @ java-17 ---
[INFO] Skipped
[INFO] 
[INFO] ------------------< org.sonarsource.java:spring-3.2 >-------------------
[INFO] Building SonarQube Java :: Checks Test Sources :: Spring Boot 3.2 8.44.0-SNAPSHOT [6/27]
[INFO]   from java-checks-test-sources/spring-3.2/pom.xml
[INFO] --------------------------------[ jar ]---------------------------------
[INFO] 
[INFO] --- buildnumber:3.2.1:create (default) @ spring-3.2 ---
[INFO] 
[INFO] --- enforcer:3.5.0:enforce (enforce) @ spring-3.2 ---
[INFO] Rule 0: org.apache.maven.enforcer.rules.property.RequireProperty passed
[INFO] Rule 1: org.apache.maven.enforcer.rules.property.RequireProperty passed
[INFO] Rule 2: org.apache.maven.enforcer.rules.property.RequireProperty passed
[INFO] Rule 3: org.apache.maven.enforcer.rules.property.RequireProperty passed
[INFO] Rule 4: org.apache.maven.enforcer.rules.property.RequireProperty passed
[INFO] Rule 5: org.apache.maven.enforcer.rules.property.RequireProperty passed
[INFO] Rule 8: org.apache.maven.enforcer.rules.RequirePluginVersions passed
[INFO] 
[INFO] --- license:4.6:check (enforce-license-headers) @ spring-3.2 ---
[INFO] Checking licenses...
[INFO] 
[INFO] --- dependency:3.8.1:build-classpath (build-classpath) @ spring-3.2 ---
[INFO] Wrote classpath file '/home/jenkins/agent/workspace/EI-11-Job-B/java-checks-test-sources/spring-3.2/target/test-classpath.txt'.
[INFO] 
[INFO] --- bsh:1.4:run (compute-artifact-display-version) @ spring-3.2 ---
[INFO] Executing Script
[INFO] file class java.lang.Object
[INFO] script class java.lang.String
[INFO] evaluating script if (! "8.44.0-SNAPSHOT".endsWith("-SNAPSHOT")) { [+ 14 omitted line(s)]
[INFO] 
[INFO] --- resources:3.3.1:resources (default-resources) @ spring-3.2 ---
[INFO] skip non existing resourceDirectory /home/jenkins/agent/workspace/EI-11-Job-B/java-checks-test-sources/spring-3.2/src/main/resources
[INFO] 
[INFO] --- compiler:3.13.0:compile (default-compile) @ spring-3.2 ---
[INFO] Nothing to compile - all classes are up to date.
[INFO] 
[INFO] --- resources:3.3.1:testResources (default-testResources) @ spring-3.2 ---
[INFO] skip non existing resourceDirectory /home/jenkins/agent/workspace/EI-11-Job-B/java-checks-test-sources/spring-3.2/src/test/resources
[INFO] 
[INFO] --- dependency:3.8.1:copy (download-jacoco-agent) @ spring-3.2 ---
[INFO] Configured Artifact: org.jacoco:org.jacoco.agent:runtime:0.8.15:jar
[INFO] Configured Artifact: org.mockito:mockito-core:5.23.0:jar
[INFO] org.jacoco:org.jacoco.agent:runtime:0.8.15:jar already exists in /home/jenkins/agent/workspace/EI-11-Job-B/java-checks-test-sources/spring-3.2/target/test-java-agent-libs
[INFO] org.mockito:mockito-core:5.23.0:jar already exists in /home/jenkins/agent/workspace/EI-11-Job-B/java-checks-test-sources/spring-3.2/target/test-java-agent-libs
[INFO] 
[INFO] --- compiler:3.13.0:testCompile (default-testCompile) @ spring-3.2 ---
[INFO] No sources to compile
[INFO] 
[INFO] --- surefire:3.5.2:test (default-test) @ spring-3.2 ---
[INFO] No tests to run.
[INFO] Skipped
[INFO] 
[INFO] ----------------< org.sonarsource.java:spring-web-4.0 >-----------------
[INFO] Building SonarQube Java :: Checks Test Sources :: Spring Web 4.0 8.44.0-SNAPSHOT [7/27]
[INFO]   from java-checks-test-sources/spring-web-4.0/pom.xml
[INFO] --------------------------------[ jar ]---------------------------------
[INFO] 
[INFO] --- buildnumber:3.2.1:create (default) @ spring-web-4.0 ---
[INFO] 
[INFO] --- enforcer:3.5.0:enforce (enforce) @ spring-web-4.0 ---
[INFO] Rule 0: org.apache.maven.enforcer.rules.property.RequireProperty passed
[INFO] Rule 1: org.apache.maven.enforcer.rules.property.RequireProperty passed
[INFO] Rule 2: org.apache.maven.enforcer.rules.property.RequireProperty passed
[INFO] Rule 3: org.apache.maven.enforcer.rules.property.RequireProperty passed
[INFO] Rule 4: org.apache.maven.enforcer.rules.property.RequireProperty passed
[INFO] Rule 5: org.apache.maven.enforcer.rules.property.RequireProperty passed
[INFO] Rule 8: org.apache.maven.enforcer.rules.RequirePluginVersions passed
[INFO] 
[INFO] --- license:4.6:check (enforce-license-headers) @ spring-web-4.0 ---
[INFO] Checking licenses...
[INFO] 
[INFO] --- dependency:3.8.1:build-classpath (build-classpath) @ spring-web-4.0 ---
[INFO] Wrote classpath file '/home/jenkins/agent/workspace/EI-11-Job-B/java-checks-test-sources/spring-web-4.0/target/test-classpath.txt'.
[INFO] 
[INFO] --- bsh:1.4:run (compute-artifact-display-version) @ spring-web-4.0 ---
[INFO] Executing Script
[INFO] file class java.lang.Object
[INFO] script class java.lang.String
[INFO] evaluating script if (! "8.44.0-SNAPSHOT".endsWith("-SNAPSHOT")) { [+ 14 omitted line(s)]
[INFO] 
[INFO] --- resources:3.3.1:resources (default-resources) @ spring-web-4.0 ---
[INFO] skip non existing resourceDirectory /home/jenkins/agent/workspace/EI-11-Job-B/java-checks-test-sources/spring-web-4.0/src/main/resources
[INFO] 
[INFO] --- compiler:3.13.0:compile (default-compile) @ spring-web-4.0 ---
[INFO] Nothing to compile - all classes are up to date.
[INFO] 
[INFO] --- resources:3.3.1:testResources (default-testResources) @ spring-web-4.0 ---
[INFO] skip non existing resourceDirectory /home/jenkins/agent/workspace/EI-11-Job-B/java-checks-test-sources/spring-web-4.0/src/test/resources
[INFO] 
[INFO] --- dependency:3.8.1:copy (download-jacoco-agent) @ spring-web-4.0 ---
[INFO] Configured Artifact: org.jacoco:org.jacoco.agent:runtime:0.8.15:jar
[INFO] Configured Artifact: org.mockito:mockito-core:5.23.0:jar
[INFO] org.jacoco:org.jacoco.agent:runtime:0.8.15:jar already exists in /home/jenkins/agent/workspace/EI-11-Job-B/java-checks-test-sources/spring-web-4.0/target/test-java-agent-libs
[INFO] org.mockito:mockito-core:5.23.0:jar already exists in /home/jenkins/agent/workspace/EI-11-Job-B/java-checks-test-sources/spring-web-4.0/target/test-java-agent-libs
[INFO] 
[INFO] --- compiler:3.13.0:testCompile (default-testCompile) @ spring-web-4.0 ---
[INFO] No sources to compile
[INFO] 
[INFO] --- surefire:3.5.2:test (default-test) @ spring-web-4.0 ---
[INFO] No tests to run.
[INFO] Skipped
[INFO] 
[INFO] ---------------< org.sonarsource.java:quarkus-arc-3.15 >----------------
[INFO] Building SonarQube Java :: Checks Test Sources :: Quarkus ArC 3.15 8.44.0-SNAPSHOT [8/27]
[INFO]   from java-checks-test-sources/quarkus-arc-3.15/pom.xml
[INFO] --------------------------------[ jar ]---------------------------------
[INFO] 
[INFO] --- buildnumber:3.2.1:create (default) @ quarkus-arc-3.15 ---
[INFO] 
[INFO] --- enforcer:3.5.0:enforce (enforce) @ quarkus-arc-3.15 ---
[INFO] Rule 0: org.apache.maven.enforcer.rules.property.RequireProperty passed
[INFO] Rule 1: org.apache.maven.enforcer.rules.property.RequireProperty passed
[INFO] Rule 2: org.apache.maven.enforcer.rules.property.RequireProperty passed
[INFO] Rule 3: org.apache.maven.enforcer.rules.property.RequireProperty passed
[INFO] Rule 4: org.apache.maven.enforcer.rules.property.RequireProperty passed
[INFO] Rule 5: org.apache.maven.enforcer.rules.property.RequireProperty passed
[INFO] Rule 8: org.apache.maven.enforcer.rules.RequirePluginVersions passed
[INFO] 
[INFO] --- license:4.6:check (enforce-license-headers) @ quarkus-arc-3.15 ---
[INFO] Checking licenses...
[INFO] 
[INFO] --- dependency:3.8.1:build-classpath (build-classpath) @ quarkus-arc-3.15 ---
[INFO] Wrote classpath file '/home/jenkins/agent/workspace/EI-11-Job-B/java-checks-test-sources/quarkus-arc-3.15/target/test-classpath.txt'.
[INFO] 
[INFO] --- bsh:1.4:run (compute-artifact-display-version) @ quarkus-arc-3.15 ---
[INFO] Executing Script
[INFO] file class java.lang.Object
[INFO] script class java.lang.String
[INFO] evaluating script if (! "8.44.0-SNAPSHOT".endsWith("-SNAPSHOT")) { [+ 14 omitted line(s)]
[INFO] 
[INFO] --- resources:3.3.1:resources (default-resources) @ quarkus-arc-3.15 ---
[INFO] skip non existing resourceDirectory /home/jenkins/agent/workspace/EI-11-Job-B/java-checks-test-sources/quarkus-arc-3.15/src/main/resources
[INFO] 
[INFO] --- compiler:3.13.0:compile (default-compile) @ quarkus-arc-3.15 ---
[INFO] Recompiling the module because of changed source code.
[INFO] Compiling 1 source file with javac [debug release 17] to target/classes
[INFO] 
[INFO] --- resources:3.3.1:testResources (default-testResources) @ quarkus-arc-3.15 ---
[INFO] skip non existing resourceDirectory /home/jenkins/agent/workspace/EI-11-Job-B/java-checks-test-sources/quarkus-arc-3.15/src/test/resources
[INFO] 
[INFO] --- dependency:3.8.1:copy (download-jacoco-agent) @ quarkus-arc-3.15 ---
[INFO] Configured Artifact: org.jacoco:org.jacoco.agent:runtime:0.8.15:jar
[INFO] Configured Artifact: org.mockito:mockito-core:5.23.0:jar
[INFO] org.jacoco:org.jacoco.agent:runtime:0.8.15:jar already exists in /home/jenkins/agent/workspace/EI-11-Job-B/java-checks-test-sources/quarkus-arc-3.15/target/test-java-agent-libs
[INFO] org.mockito:mockito-core:5.23.0:jar already exists in /home/jenkins/agent/workspace/EI-11-Job-B/java-checks-test-sources/quarkus-arc-3.15/target/test-java-agent-libs
[INFO] 
[INFO] --- compiler:3.13.0:testCompile (default-testCompile) @ quarkus-arc-3.15 ---
[INFO] No sources to compile
[INFO] 
[INFO] --- surefire:3.5.2:test (default-test) @ quarkus-arc-3.15 ---
[INFO] No tests to run.
[INFO] Skipped
[INFO] 
[INFO] -------------< org.sonarsource.java:test-classpath-reader >-------------
[INFO] Building SonarQube Java :: Checks Test Sources :: Test Classpath Reader 8.44.0-SNAPSHOT [9/27]
[INFO]   from java-checks-test-sources/test-classpath-reader/pom.xml
[INFO] --------------------------------[ jar ]---------------------------------
[INFO] 
[INFO] --- buildnumber:3.2.1:create (default) @ test-classpath-reader ---
[INFO] 
[INFO] --- enforcer:3.5.0:enforce (enforce) @ test-classpath-reader ---
[INFO] Rule 0: org.apache.maven.enforcer.rules.property.RequireProperty passed
[INFO] Rule 1: org.apache.maven.enforcer.rules.property.RequireProperty passed
[INFO] Rule 2: org.apache.maven.enforcer.rules.property.RequireProperty passed
[INFO] Rule 3: org.apache.maven.enforcer.rules.property.RequireProperty passed
[INFO] Rule 4: org.apache.maven.enforcer.rules.property.RequireProperty passed
[INFO] Rule 5: org.apache.maven.enforcer.rules.property.RequireProperty passed
[INFO] Rule 8: org.apache.maven.enforcer.rules.RequirePluginVersions passed
[INFO] 
[INFO] --- license:4.6:check (enforce-license-headers) @ test-classpath-reader ---
[INFO] Checking licenses...
[INFO] 
[INFO] --- dependency:3.8.1:build-classpath (build-classpath) @ test-classpath-reader ---
[INFO] Wrote classpath file '/home/jenkins/agent/workspace/EI-11-Job-B/java-checks-test-sources/test-classpath-reader/target/test-classpath.txt'.
[INFO] 
[INFO] --- bsh:1.4:run (compute-artifact-display-version) @ test-classpath-reader ---
[INFO] Executing Script
[INFO] file class java.lang.Object
[INFO] script class java.lang.String
[INFO] evaluating script if (! "8.44.0-SNAPSHOT".endsWith("-SNAPSHOT")) { [+ 14 omitted line(s)]
[INFO] 
[INFO] --- resources:3.3.1:resources (default-resources) @ test-classpath-reader ---
[INFO] skip non existing resourceDirectory /home/jenkins/agent/workspace/EI-11-Job-B/java-checks-test-sources/test-classpath-reader/src/main/resources
[INFO] 
[INFO] --- compiler:3.13.0:compile (default-compile) @ test-classpath-reader ---
[INFO] Nothing to compile - all classes are up to date.
[INFO] 
[INFO] --- resources:3.3.1:testResources (default-testResources) @ test-classpath-reader ---
[INFO] Copying 2 resources from src/test/resources to target/test-classes
[INFO] 
[INFO] --- dependency:3.8.1:copy (download-jacoco-agent) @ test-classpath-reader ---
[INFO] Configured Artifact: org.jacoco:org.jacoco.agent:runtime:0.8.15:jar
[INFO] Configured Artifact: org.mockito:mockito-core:5.23.0:jar
[INFO] org.jacoco:org.jacoco.agent:runtime:0.8.15:jar already exists in /home/jenkins/agent/workspace/EI-11-Job-B/java-checks-test-sources/test-classpath-reader/target/test-java-agent-libs
[INFO] org.mockito:mockito-core:5.23.0:jar already exists in /home/jenkins/agent/workspace/EI-11-Job-B/java-checks-test-sources/test-classpath-reader/target/test-java-agent-libs
[INFO] 
[INFO] --- compiler:3.13.0:testCompile (default-testCompile) @ test-classpath-reader ---
[INFO] Nothing to compile - all classes are up to date.
[INFO] 
[INFO] --- surefire:3.5.2:test (default-test) @ test-classpath-reader ---
[INFO] Using auto detected provider org.apache.maven.surefire.junitplatform.JUnitPlatformProvider
[INFO] Using auto detected provider org.apache.maven.surefire.junitplatform.JUnitPlatformProvider
[INFO] 
[INFO] -----------------< org.sonarsource.java:java-frontend >-----------------
[INFO] Building SonarQube Java :: Front-end 8.44.0-SNAPSHOT             [10/27]
[INFO]   from java-frontend/pom.xml
[INFO] --------------------------------[ jar ]---------------------------------
[INFO] 
[INFO] --- buildnumber:3.2.1:create (default) @ java-frontend ---
[INFO] 
[INFO] --- enforcer:3.5.0:enforce (enforce) @ java-frontend ---
[INFO] Rule 0: org.apache.maven.enforcer.rules.property.RequireProperty passed
[INFO] Rule 1: org.apache.maven.enforcer.rules.property.RequireProperty passed
[INFO] Rule 2: org.apache.maven.enforcer.rules.property.RequireProperty passed
[INFO] Rule 3: org.apache.maven.enforcer.rules.property.RequireProperty passed
[INFO] Rule 4: org.apache.maven.enforcer.rules.property.RequireProperty passed
[INFO] Rule 5: org.apache.maven.enforcer.rules.property.RequireProperty passed
[INFO] Rule 8: org.apache.maven.enforcer.rules.RequirePluginVersions passed
[INFO] 
[INFO] --- license:4.6:check (enforce-license-headers) @ java-frontend ---
[INFO] Checking licenses...
[INFO] 
[INFO] --- bsh:1.4:run (compute-artifact-display-version) @ java-frontend ---
[INFO] Executing Script
[INFO] file class java.lang.Object
[INFO] script class java.lang.String
[INFO] evaluating script if (! "8.44.0-SNAPSHOT".endsWith("-SNAPSHOT")) { [+ 14 omitted line(s)]
[INFO] 
[INFO] --- resources:3.3.1:resources (default-resources) @ java-frontend ---
[INFO] skip non existing resourceDirectory /home/jenkins/agent/workspace/EI-11-Job-B/java-frontend/src/main/resources
[INFO] 
[INFO] --- compiler:3.13.0:compile (default-compile) @ java-frontend ---
[INFO] Nothing to compile - all classes are up to date.
[INFO] 
[INFO] --- dependency:3.8.1:unpack (unpack-test-projects) @ java-frontend ---
[INFO] Configured Artifact: commons-collections:commons-collections:sources:3.2.1:jar
[INFO] Configured Artifact: commons-collections:commons-collections:3.2.1:jar
[INFO] Configured Artifact: org.apache.struts:struts-core:sources:1.3.9:jar
[INFO] Configured Artifact: org.apache.struts:struts-core:1.3.9:jar
[INFO] commons-collections-3.2.1-sources.jar already unpacked.
[INFO] commons-collections-3.2.1.jar already unpacked.
[INFO] struts-core-1.3.9-sources.jar already unpacked.
[INFO] struts-core-1.3.9.jar already unpacked.
[INFO] 
[INFO] --- resources:3.3.1:testResources (default-testResources) @ java-frontend ---
[INFO] Copying 9 resources from src/test/resources to target/test-classes
[INFO] 
[INFO] --- dependency:3.8.1:copy (download-jacoco-agent) @ java-frontend ---
[INFO] Configured Artifact: org.jacoco:org.jacoco.agent:runtime:0.8.15:jar
[INFO] Configured Artifact: org.mockito:mockito-core:5.23.0:jar
[INFO] org.jacoco:org.jacoco.agent:runtime:0.8.15:jar already exists in /home/jenkins/agent/workspace/EI-11-Job-B/java-frontend/target/test-java-agent-libs
[INFO] org.mockito:mockito-core:5.23.0:jar already exists in /home/jenkins/agent/workspace/EI-11-Job-B/java-frontend/target/test-java-agent-libs
[INFO] 
[INFO] --- compiler:3.13.0:testCompile (default-testCompile) @ java-frontend ---
[INFO] Nothing to compile - all classes are up to date.
[INFO] 
[INFO] --- surefire:3.5.2:test (default-test) @ java-frontend ---
[INFO] Using auto detected provider org.apache.maven.surefire.junitplatform.JUnitPlatformProvider
[INFO] Using auto detected provider org.apache.maven.surefire.junitplatform.JUnitPlatformProvider
[INFO] 
[INFO] --------------< org.sonarsource.java:java-checks-testkit >--------------
[INFO] Building SonarQube Java :: Checks Test tool kit 8.44.0-SNAPSHOT  [11/27]
[INFO]   from java-checks-testkit/pom.xml
[INFO] --------------------------------[ jar ]---------------------------------
[INFO] 
[INFO] --- buildnumber:3.2.1:create (default) @ java-checks-testkit ---
[INFO] 
[INFO] --- enforcer:3.5.0:enforce (enforce) @ java-checks-testkit ---
[INFO] Rule 0: org.apache.maven.enforcer.rules.property.RequireProperty passed
[INFO] Rule 1: org.apache.maven.enforcer.rules.property.RequireProperty passed
[INFO] Rule 2: org.apache.maven.enforcer.rules.property.RequireProperty passed
[INFO] Rule 3: org.apache.maven.enforcer.rules.property.RequireProperty passed
[INFO] Rule 4: org.apache.maven.enforcer.rules.property.RequireProperty passed
[INFO] Rule 5: org.apache.maven.enforcer.rules.property.RequireProperty passed
[INFO] Rule 8: org.apache.maven.enforcer.rules.RequirePluginVersions passed
[INFO] 
[INFO] --- license:4.6:check (enforce-license-headers) @ java-checks-testkit ---
[INFO] Checking licenses...
[INFO] 
[INFO] --- bsh:1.4:run (compute-artifact-display-version) @ java-checks-testkit ---
[INFO] Executing Script
[INFO] file class java.lang.Object
[INFO] script class java.lang.String
[INFO] evaluating script if (! "8.44.0-SNAPSHOT".endsWith("-SNAPSHOT")) { [+ 14 omitted line(s)]
[INFO] 
[INFO] --- resources:3.3.1:resources (default-resources) @ java-checks-testkit ---
[INFO] skip non existing resourceDirectory /home/jenkins/agent/workspace/EI-11-Job-B/java-checks-testkit/src/main/resources
[INFO] 
[INFO] --- compiler:3.13.0:compile (default-compile) @ java-checks-testkit ---
[INFO] Nothing to compile - all classes are up to date.
[INFO] 
[INFO] --- resources:3.3.1:testResources (default-testResources) @ java-checks-testkit ---
[INFO] Copying 5 resources from src/test/resources to target/test-classes
[INFO] 
[INFO] --- dependency:3.8.1:copy (download-jacoco-agent) @ java-checks-testkit ---
[INFO] Configured Artifact: org.jacoco:org.jacoco.agent:runtime:0.8.15:jar
[INFO] Configured Artifact: org.mockito:mockito-core:5.23.0:jar
[INFO] org.jacoco:org.jacoco.agent:runtime:0.8.15:jar already exists in /home/jenkins/agent/workspace/EI-11-Job-B/java-checks-testkit/target/test-java-agent-libs
[INFO] org.mockito:mockito-core:5.23.0:jar already exists in /home/jenkins/agent/workspace/EI-11-Job-B/java-checks-testkit/target/test-java-agent-libs
[INFO] 
[INFO] --- compiler:3.13.0:testCompile (default-testCompile) @ java-checks-testkit ---
[INFO] Nothing to compile - all classes are up to date.
[INFO] 
[INFO] --- surefire:3.5.2:test (default-test) @ java-checks-testkit ---
[INFO] Using auto detected provider org.apache.maven.surefire.junitplatform.JUnitPlatformProvider
[INFO] Using auto detected provider org.apache.maven.surefire.junitplatform.JUnitPlatformProvider
[INFO] 
[INFO] --------------< org.sonarsource.java:java-checks-common >---------------
[INFO] Building SonarQube Java :: Checks Common 8.44.0-SNAPSHOT         [12/27]
[INFO]   from java-checks-common/pom.xml
[INFO] --------------------------------[ jar ]---------------------------------
[INFO] 
[INFO] --- buildnumber:3.2.1:create (default) @ java-checks-common ---
[INFO] 
[INFO] --- enforcer:3.5.0:enforce (enforce) @ java-checks-common ---
[INFO] Rule 0: org.apache.maven.enforcer.rules.property.RequireProperty passed
[INFO] Rule 1: org.apache.maven.enforcer.rules.property.RequireProperty passed
[INFO] Rule 2: org.apache.maven.enforcer.rules.property.RequireProperty passed
[INFO] Rule 3: org.apache.maven.enforcer.rules.property.RequireProperty passed
[INFO] Rule 4: org.apache.maven.enforcer.rules.property.RequireProperty passed
[INFO] Rule 5: org.apache.maven.enforcer.rules.property.RequireProperty passed
[INFO] Rule 8: org.apache.maven.enforcer.rules.RequirePluginVersions passed
[INFO] 
[INFO] --- license:4.6:check (enforce-license-headers) @ java-checks-common ---
[INFO] Checking licenses...
[INFO] 
[INFO] --- bsh:1.4:run (compute-artifact-display-version) @ java-checks-common ---
[INFO] Executing Script
[INFO] file class java.lang.Object
[INFO] script class java.lang.String
[INFO] evaluating script if (! "8.44.0-SNAPSHOT".endsWith("-SNAPSHOT")) { [+ 14 omitted line(s)]
[INFO] 
[INFO] --- resources:3.3.1:resources (default-resources) @ java-checks-common ---
[INFO] skip non existing resourceDirectory /home/jenkins/agent/workspace/EI-11-Job-B/java-checks-common/src/main/resources
[INFO] 
[INFO] --- compiler:3.13.0:compile (default-compile) @ java-checks-common ---
[INFO] Nothing to compile - all classes are up to date.
[INFO] 
[INFO] --- resources:3.3.1:testResources (default-testResources) @ java-checks-common ---
[INFO] Copying 1 resource from src/test/resources to target/test-classes
[INFO] 
[INFO] --- dependency:3.8.1:copy (download-jacoco-agent) @ java-checks-common ---
[INFO] Configured Artifact: org.jacoco:org.jacoco.agent:runtime:0.8.15:jar
[INFO] Configured Artifact: org.mockito:mockito-core:5.23.0:jar
[INFO] org.jacoco:org.jacoco.agent:runtime:0.8.15:jar already exists in /home/jenkins/agent/workspace/EI-11-Job-B/java-checks-common/target/test-java-agent-libs
[INFO] org.mockito:mockito-core:5.23.0:jar already exists in /home/jenkins/agent/workspace/EI-11-Job-B/java-checks-common/target/test-java-agent-libs
[INFO] 
[INFO] --- compiler:3.13.0:testCompile (default-testCompile) @ java-checks-common ---
[INFO] Nothing to compile - all classes are up to date.
[INFO] 
[INFO] --- surefire:3.5.2:test (default-test) @ java-checks-common ---
[INFO] Using auto detected provider org.apache.maven.surefire.junitplatform.JUnitPlatformProvider
[INFO] Using auto detected provider org.apache.maven.surefire.junitplatform.JUnitPlatformProvider
[INFO] 
[INFO] ------------------< org.sonarsource.java:java-checks >------------------
[INFO] Building SonarQube Java :: Checks 8.44.0-SNAPSHOT                [13/27]
[INFO]   from java-checks/pom.xml
[INFO] --------------------------------[ jar ]---------------------------------
[INFO] 
[INFO] --- buildnumber:3.2.1:create (default) @ java-checks ---
[INFO] 
[INFO] --- enforcer:3.5.0:enforce (enforce) @ java-checks ---
[INFO] Rule 0: org.apache.maven.enforcer.rules.property.RequireProperty passed
[INFO] Rule 1: org.apache.maven.enforcer.rules.property.RequireProperty passed
[INFO] Rule 2: org.apache.maven.enforcer.rules.property.RequireProperty passed
[INFO] Rule 3: org.apache.maven.enforcer.rules.property.RequireProperty passed
[INFO] Rule 4: org.apache.maven.enforcer.rules.property.RequireProperty passed
[INFO] Rule 5: org.apache.maven.enforcer.rules.property.RequireProperty passed
[INFO] Rule 8: org.apache.maven.enforcer.rules.RequirePluginVersions passed
[INFO] 
[INFO] --- license:4.6:check (enforce-license-headers) @ java-checks ---
[INFO] Checking licenses...
[INFO] 
[INFO] --- bsh:1.4:run (compute-artifact-display-version) @ java-checks ---
[INFO] Executing Script
[INFO] file class java.lang.Object
[INFO] script class java.lang.String
[INFO] evaluating script if (! "8.44.0-SNAPSHOT".endsWith("-SNAPSHOT")) { [+ 14 omitted line(s)]
[INFO] 
[INFO] --- resources:3.3.1:resources (default-resources) @ java-checks ---
[INFO] skip non existing resourceDirectory /home/jenkins/agent/workspace/EI-11-Job-B/java-checks/src/main/resources
[INFO] 
[INFO] --- compiler:3.13.0:compile (default-compile) @ java-checks ---
[INFO] Nothing to compile - all classes are up to date.
[INFO] 
[INFO] --- resources:3.3.1:testResources (default-testResources) @ java-checks ---
[INFO] Copying 1 resource from src/test/resources to target/test-classes
[INFO] 
[INFO] --- dependency:3.8.1:copy (download-jacoco-agent) @ java-checks ---
[INFO] Configured Artifact: org.jacoco:org.jacoco.agent:runtime:0.8.15:jar
[INFO] Configured Artifact: org.mockito:mockito-core:5.23.0:jar
[INFO] org.jacoco:org.jacoco.agent:runtime:0.8.15:jar already exists in /home/jenkins/agent/workspace/EI-11-Job-B/java-checks/target/test-java-agent-libs
[INFO] org.mockito:mockito-core:5.23.0:jar already exists in /home/jenkins/agent/workspace/EI-11-Job-B/java-checks/target/test-java-agent-libs
[INFO] 
[INFO] --- compiler:3.13.0:testCompile (default-testCompile) @ java-checks ---
[INFO] Nothing to compile - all classes are up to date.
[INFO] 
[INFO] --- surefire:3.5.2:test (default-test) @ java-checks ---
[INFO] Using auto detected provider org.apache.maven.surefire.junitplatform.JUnitPlatformProvider
[INFO] Using auto detected provider org.apache.maven.surefire.junitplatform.JUnitPlatformProvider
[INFO] Using auto detected provider org.apache.maven.surefire.junitplatform.JUnitPlatformProvider
[INFO] 
[INFO] -------------------------------------------------------
[INFO]  T E S T S
[INFO] -------------------------------------------------------
Picked up JAVA_TOOL_OPTIONS: -Xmx1024m
[INFO] Running org.sonar.java.checks.PseudoRandomCheckTest
[INFO] Tests run: 8, Failures: 0, Errors: 0, Skipped: 0, Time elapsed: 1.010 s -- in org.sonar.java.checks.PseudoRandomCheckTest
[INFO] Running org.sonar.java.checks.SQLInjectionCheckTest
[INFO] Tests run: 4, Failures: 0, Errors: 0, Skipped: 0, Time elapsed: 0.211 s -- in org.sonar.java.checks.SQLInjectionCheckTest
[INFO] Running org.sonar.java.checks.StringOffsetMethodsCheckTest
[INFO] Tests run: 2, Failures: 0, Errors: 0, Skipped: 0, Time elapsed: 0.045 s -- in org.sonar.java.checks.StringOffsetMethodsCheckTest
[INFO] 
[INFO] Results:
[INFO] 
[INFO] Tests run: 14, Failures: 0, Errors: 0, Skipped: 0
[INFO] 
[INFO] 
[INFO] ----------------< org.sonarsource.java:java-checks-aws >----------------
[INFO] Building SonarQube Java :: AWS Checks 8.44.0-SNAPSHOT            [14/27]
[INFO]   from java-checks-aws/pom.xml
[INFO] --------------------------------[ jar ]---------------------------------
[INFO] 
[INFO] --- buildnumber:3.2.1:create (default) @ java-checks-aws ---
[INFO] 
[INFO] --- enforcer:3.5.0:enforce (enforce) @ java-checks-aws ---
[INFO] Rule 0: org.apache.maven.enforcer.rules.property.RequireProperty passed
[INFO] Rule 1: org.apache.maven.enforcer.rules.property.RequireProperty passed
[INFO] Rule 2: org.apache.maven.enforcer.rules.property.RequireProperty passed
[INFO] Rule 3: org.apache.maven.enforcer.rules.property.RequireProperty passed
[INFO] Rule 4: org.apache.maven.enforcer.rules.property.RequireProperty passed
[INFO] Rule 5: org.apache.maven.enforcer.rules.property.RequireProperty passed
[INFO] Rule 8: org.apache.maven.enforcer.rules.RequirePluginVersions passed
[INFO] 
[INFO] --- license:4.6:check (enforce-license-headers) @ java-checks-aws ---
[INFO] Checking licenses...
[INFO] 
[INFO] --- bsh:1.4:run (compute-artifact-display-version) @ java-checks-aws ---
[INFO] Executing Script
[INFO] file class java.lang.Object
[INFO] script class java.lang.String
[INFO] evaluating script if (! "8.44.0-SNAPSHOT".endsWith("-SNAPSHOT")) { [+ 14 omitted line(s)]
[INFO] 
[INFO] --- resources:3.3.1:resources (default-resources) @ java-checks-aws ---
[INFO] Copying 1 resource from src/main/resources to target/classes
[INFO] 
[INFO] --- compiler:3.13.0:compile (default-compile) @ java-checks-aws ---
[INFO] Nothing to compile - all classes are up to date.
[INFO] 
[INFO] --- resources:3.3.1:testResources (default-testResources) @ java-checks-aws ---
[INFO] skip non existing resourceDirectory /home/jenkins/agent/workspace/EI-11-Job-B/java-checks-aws/src/test/resources
[INFO] 
[INFO] --- dependency:3.8.1:copy (download-jacoco-agent) @ java-checks-aws ---
[INFO] Configured Artifact: org.jacoco:org.jacoco.agent:runtime:0.8.15:jar
[INFO] Configured Artifact: org.mockito:mockito-core:5.23.0:jar
[INFO] org.jacoco:org.jacoco.agent:runtime:0.8.15:jar already exists in /home/jenkins/agent/workspace/EI-11-Job-B/java-checks-aws/target/test-java-agent-libs
[INFO] org.mockito:mockito-core:5.23.0:jar already exists in /home/jenkins/agent/workspace/EI-11-Job-B/java-checks-aws/target/test-java-agent-libs
[INFO] 
[INFO] --- compiler:3.13.0:testCompile (default-testCompile) @ java-checks-aws ---
[INFO] Nothing to compile - all classes are up to date.
[INFO] 
[INFO] --- surefire:3.5.2:test (default-test) @ java-checks-aws ---
[INFO] Using auto detected provider org.apache.maven.surefire.junitplatform.JUnitPlatformProvider
[INFO] Using auto detected provider org.apache.maven.surefire.junitplatform.JUnitPlatformProvider
[INFO] 
[INFO] ------------------< org.sonarsource.java:check-list >-------------------
[INFO] Building SonarQube Java :: Check List 8.44.0-SNAPSHOT            [15/27]
[INFO]   from check-list/pom.xml
[INFO] --------------------------------[ jar ]---------------------------------
[INFO] 
[INFO] --- buildnumber:3.2.1:create (default) @ check-list ---
[INFO] 
[INFO] --- enforcer:3.5.0:enforce (enforce) @ check-list ---
[INFO] Rule 0: org.apache.maven.enforcer.rules.property.RequireProperty passed
[INFO] Rule 1: org.apache.maven.enforcer.rules.property.RequireProperty passed
[INFO] Rule 2: org.apache.maven.enforcer.rules.property.RequireProperty passed
[INFO] Rule 3: org.apache.maven.enforcer.rules.property.RequireProperty passed
[INFO] Rule 4: org.apache.maven.enforcer.rules.property.RequireProperty passed
[INFO] Rule 5: org.apache.maven.enforcer.rules.property.RequireProperty passed
[INFO] Rule 8: org.apache.maven.enforcer.rules.RequirePluginVersions passed
[INFO] 
[INFO] --- license:4.6:check (enforce-license-headers) @ check-list ---
[INFO] Checking licenses...
[INFO] 
[INFO] --- bsh:1.4:run (compute-artifact-display-version) @ check-list ---
[INFO] Executing Script
[INFO] file class java.lang.Object
[INFO] script class java.lang.String
[INFO] evaluating script if (! "8.44.0-SNAPSHOT".endsWith("-SNAPSHOT")) { [+ 14 omitted line(s)]
[INFO] 
[INFO] --- resources:3.3.1:resources (default-resources) @ check-list ---
[INFO] skip non existing resourceDirectory /home/jenkins/agent/workspace/EI-11-Job-B/check-list/src/main/resources
[INFO] 
[INFO] --- compiler:3.13.0:compile (default-compile) @ check-list ---
[INFO] Nothing to compile - all classes are up to date.
[INFO] 
[INFO] --- exec:3.6.3:java (default) @ check-list ---
SLF4J(W): No SLF4J providers were found.
SLF4J(W): Defaulting to no-operation (NOP) logger implementation
SLF4J(W): See https://www.slf4j.org/codes.html#noProviders for further details.
[INFO] 
[INFO] --- build-helper:3.6.1:add-source (default) @ check-list ---
[INFO] Source directory: /home/jenkins/agent/workspace/EI-11-Job-B/check-list/target/generated-sources added.
[INFO] 
[INFO] --- compiler:3.13.0:compile (default) @ check-list ---
[INFO] Recompiling the module because of changed source code.
[INFO] Compiling 3 source files with javac [debug release 21] to target/classes
[INFO] 
[INFO] --- resources:3.3.1:testResources (default-testResources) @ check-list ---
[INFO] skip non existing resourceDirectory /home/jenkins/agent/workspace/EI-11-Job-B/check-list/src/test/resources
[INFO] 
[INFO] --- dependency:3.8.1:copy (download-jacoco-agent) @ check-list ---
[INFO] Configured Artifact: org.jacoco:org.jacoco.agent:runtime:0.8.15:jar
[INFO] Configured Artifact: org.mockito:mockito-core:5.23.0:jar
[INFO] org.jacoco:org.jacoco.agent:runtime:0.8.15:jar already exists in /home/jenkins/agent/workspace/EI-11-Job-B/check-list/target/test-java-agent-libs
[INFO] org.mockito:mockito-core:5.23.0:jar already exists in /home/jenkins/agent/workspace/EI-11-Job-B/check-list/target/test-java-agent-libs
[INFO] 
[INFO] --- compiler:3.13.0:testCompile (default-testCompile) @ check-list ---
[INFO] Recompiling the module because of changed dependency.
[INFO] Compiling 1 source file with javac [debug release 21] to target/test-classes
[INFO] 
[INFO] --- surefire:3.5.2:test (default-test) @ check-list ---
[INFO] Using auto detected provider org.apache.maven.surefire.junitplatform.JUnitPlatformProvider
[INFO] Using auto detected provider org.apache.maven.surefire.junitplatform.JUnitPlatformProvider
[INFO] 
[INFO] ---------------< org.sonarsource.java:external-reports >----------------
[INFO] Building SonarQube Java :: External Reports Sensor 8.44.0-SNAPSHOT [16/27]
[INFO]   from external-reports/pom.xml
[INFO] --------------------------------[ jar ]---------------------------------
[INFO] 
[INFO] --- buildnumber:3.2.1:create (default) @ external-reports ---
[INFO] 
[INFO] --- enforcer:3.5.0:enforce (enforce) @ external-reports ---
[INFO] Rule 0: org.apache.maven.enforcer.rules.property.RequireProperty passed
[INFO] Rule 1: org.apache.maven.enforcer.rules.property.RequireProperty passed
[INFO] Rule 2: org.apache.maven.enforcer.rules.property.RequireProperty passed
[INFO] Rule 3: org.apache.maven.enforcer.rules.property.RequireProperty passed
[INFO] Rule 4: org.apache.maven.enforcer.rules.property.RequireProperty passed
[INFO] Rule 5: org.apache.maven.enforcer.rules.property.RequireProperty passed
[INFO] Rule 8: org.apache.maven.enforcer.rules.RequirePluginVersions passed
[INFO] 
[INFO] --- license:4.6:check (enforce-license-headers) @ external-reports ---
[INFO] Checking licenses...
[INFO] 
[INFO] --- bsh:1.4:run (compute-artifact-display-version) @ external-reports ---
[INFO] Executing Script
[INFO] file class java.lang.Object
[INFO] script class java.lang.String
[INFO] evaluating script if (! "8.44.0-SNAPSHOT".endsWith("-SNAPSHOT")) { [+ 14 omitted line(s)]
[INFO] 
[INFO] --- resources:3.3.1:resources (default-resources) @ external-reports ---
[INFO] Copying 5 resources from src/main/resources to target/classes
[INFO] 
[INFO] --- compiler:3.13.0:compile (default-compile) @ external-reports ---
[INFO] Nothing to compile - all classes are up to date.
[INFO] 
[INFO] --- resources:3.3.1:testResources (default-testResources) @ external-reports ---
[INFO] Copying 23 resources from src/test/resources to target/test-classes
[INFO] 
[INFO] --- dependency:3.8.1:copy (download-jacoco-agent) @ external-reports ---
[INFO] Configured Artifact: org.jacoco:org.jacoco.agent:runtime:0.8.15:jar
[INFO] Configured Artifact: org.mockito:mockito-core:5.23.0:jar
[INFO] org.jacoco:org.jacoco.agent:runtime:0.8.15:jar already exists in /home/jenkins/agent/workspace/EI-11-Job-B/external-reports/target/test-java-agent-libs
[INFO] org.mockito:mockito-core:5.23.0:jar already exists in /home/jenkins/agent/workspace/EI-11-Job-B/external-reports/target/test-java-agent-libs
[INFO] 
[INFO] --- compiler:3.13.0:testCompile (default-testCompile) @ external-reports ---
[INFO] Nothing to compile - all classes are up to date.
[INFO] 
[INFO] --- surefire:3.5.2:test (default-test) @ external-reports ---
[INFO] Using auto detected provider org.apache.maven.surefire.junitplatform.JUnitPlatformProvider
[INFO] Using auto detected provider org.apache.maven.surefire.junitplatform.JUnitPlatformProvider
[INFO] 
[INFO] -----------------< org.sonarsource.java:java-surefire >-----------------
[INFO] Building SonarQube Java :: Surefire 8.44.0-SNAPSHOT              [17/27]
[INFO]   from java-surefire/pom.xml
[INFO] --------------------------------[ jar ]---------------------------------
[INFO] 
[INFO] --- buildnumber:3.2.1:create (default) @ java-surefire ---
[INFO] 
[INFO] --- enforcer:3.5.0:enforce (enforce) @ java-surefire ---
[INFO] Rule 0: org.apache.maven.enforcer.rules.property.RequireProperty passed
[INFO] Rule 1: org.apache.maven.enforcer.rules.property.RequireProperty passed
[INFO] Rule 2: org.apache.maven.enforcer.rules.property.RequireProperty passed
[INFO] Rule 3: org.apache.maven.enforcer.rules.property.RequireProperty passed
[INFO] Rule 4: org.apache.maven.enforcer.rules.property.RequireProperty passed
[INFO] Rule 5: org.apache.maven.enforcer.rules.property.RequireProperty passed
[INFO] Rule 8: org.apache.maven.enforcer.rules.RequirePluginVersions passed
[INFO] 
[INFO] --- license:4.6:check (enforce-license-headers) @ java-surefire ---
[INFO] Checking licenses...
[INFO] 
[INFO] --- bsh:1.4:run (compute-artifact-display-version) @ java-surefire ---
[INFO] Executing Script
[INFO] file class java.lang.Object
[INFO] script class java.lang.String
[INFO] evaluating script if (! "8.44.0-SNAPSHOT".endsWith("-SNAPSHOT")) { [+ 14 omitted line(s)]
[INFO] 
[INFO] --- resources:3.3.1:resources (default-resources) @ java-surefire ---
[INFO] skip non existing resourceDirectory /home/jenkins/agent/workspace/EI-11-Job-B/java-surefire/src/main/resources
[INFO] 
[INFO] --- compiler:3.13.0:compile (default-compile) @ java-surefire ---
[INFO] Nothing to compile - all classes are up to date.
[INFO] 
[INFO] --- resources:3.3.1:testResources (default-testResources) @ java-surefire ---
[INFO] skip non existing resourceDirectory /home/jenkins/agent/workspace/EI-11-Job-B/java-surefire/src/main/resources
[INFO] Copying 68 resources from src/test/resources to target/test-classes
[INFO] 
[INFO] --- dependency:3.8.1:copy (download-jacoco-agent) @ java-surefire ---
[INFO] Configured Artifact: org.jacoco:org.jacoco.agent:runtime:0.8.15:jar
[INFO] Configured Artifact: org.mockito:mockito-core:5.23.0:jar
[INFO] org.jacoco:org.jacoco.agent:runtime:0.8.15:jar already exists in /home/jenkins/agent/workspace/EI-11-Job-B/java-surefire/target/test-java-agent-libs
[INFO] org.mockito:mockito-core:5.23.0:jar already exists in /home/jenkins/agent/workspace/EI-11-Job-B/java-surefire/target/test-java-agent-libs
[INFO] 
[INFO] --- compiler:3.13.0:testCompile (default-testCompile) @ java-surefire ---
[INFO] Nothing to compile - all classes are up to date.
[INFO] 
[INFO] --- surefire:3.5.2:test (default-test) @ java-surefire ---
[INFO] Using auto detected provider org.apache.maven.surefire.junitplatform.JUnitPlatformProvider
[INFO] Using auto detected provider org.apache.maven.surefire.junitplatform.JUnitPlatformProvider
[INFO] 
[INFO] -------------------< org.sonarsource.java:java-jsp >--------------------
[INFO] Building SonarQube Java :: JSP 8.44.0-SNAPSHOT                   [18/27]
[INFO]   from java-jsp/pom.xml
[INFO] --------------------------------[ jar ]---------------------------------
[INFO] 
[INFO] --- buildnumber:3.2.1:create (default) @ java-jsp ---
[INFO] 
[INFO] --- enforcer:3.5.0:enforce (enforce) @ java-jsp ---
[INFO] Rule 0: org.apache.maven.enforcer.rules.property.RequireProperty passed
[INFO] Rule 1: org.apache.maven.enforcer.rules.property.RequireProperty passed
[INFO] Rule 2: org.apache.maven.enforcer.rules.property.RequireProperty passed
[INFO] Rule 3: org.apache.maven.enforcer.rules.property.RequireProperty passed
[INFO] Rule 4: org.apache.maven.enforcer.rules.property.RequireProperty passed
[INFO] Rule 5: org.apache.maven.enforcer.rules.property.RequireProperty passed
[INFO] Rule 8: org.apache.maven.enforcer.rules.RequirePluginVersions passed
[INFO] 
[INFO] --- license:4.6:check (enforce-license-headers) @ java-jsp ---
[INFO] Checking licenses...
[INFO] 
[INFO] --- bsh:1.4:run (compute-artifact-display-version) @ java-jsp ---
[INFO] Executing Script
[INFO] file class java.lang.Object
[INFO] script class java.lang.String
[INFO] evaluating script if (! "8.44.0-SNAPSHOT".endsWith("-SNAPSHOT")) { [+ 14 omitted line(s)]
[INFO] 
[INFO] --- resources:3.3.1:resources (default-resources) @ java-jsp ---
[INFO] skip non existing resourceDirectory /home/jenkins/agent/workspace/EI-11-Job-B/java-jsp/src/main/resources
[INFO] 
[INFO] --- compiler:3.13.0:compile (default-compile) @ java-jsp ---
[INFO] Nothing to compile - all classes are up to date.
[INFO] 
[INFO] --- resources:3.3.1:testResources (default-testResources) @ java-jsp ---
[INFO] skip non existing resourceDirectory /home/jenkins/agent/workspace/EI-11-Job-B/java-jsp/src/test/resources
[INFO] 
[INFO] --- dependency:3.8.1:copy (download-jacoco-agent) @ java-jsp ---
[INFO] Configured Artifact: org.jacoco:org.jacoco.agent:runtime:0.8.15:jar
[INFO] Configured Artifact: org.mockito:mockito-core:5.23.0:jar
[INFO] org.jacoco:org.jacoco.agent:runtime:0.8.15:jar already exists in /home/jenkins/agent/workspace/EI-11-Job-B/java-jsp/target/test-java-agent-libs
[INFO] org.mockito:mockito-core:5.23.0:jar already exists in /home/jenkins/agent/workspace/EI-11-Job-B/java-jsp/target/test-java-agent-libs
[INFO] 
[INFO] --- compiler:3.13.0:testCompile (default-testCompile) @ java-jsp ---
[INFO] Nothing to compile - all classes are up to date.
[INFO] 
[INFO] --- dependency:3.8.1:copy (copy) @ java-jsp ---
[INFO] Configured Artifact: org.springframework:spring-webmvc:5.2.3.RELEASE:jar
[INFO] Configured Artifact: javax:javaee-web-api:6.0:jar
[INFO] Configured Artifact: javax.servlet:jstl:1.2:jar
[INFO] org.springframework:spring-webmvc:5.2.3.RELEASE:jar already exists in /home/jenkins/agent/workspace/EI-11-Job-B/java-jsp/target/test-jars
[INFO] javax:javaee-web-api:6.0:jar already exists in /home/jenkins/agent/workspace/EI-11-Job-B/java-jsp/target/test-jars
[INFO] javax.servlet:jstl:1.2:jar already exists in /home/jenkins/agent/workspace/EI-11-Job-B/java-jsp/target/test-jars
[INFO] 
[INFO] --- surefire:3.5.2:test (default-test) @ java-jsp ---
[INFO] Using auto detected provider org.apache.maven.surefire.junitplatform.JUnitPlatformProvider
[INFO] Using auto detected provider org.apache.maven.surefire.junitplatform.JUnitPlatformProvider
[INFO] 
[INFO] ---------------< org.sonarsource.java:sonar-java-plugin >---------------
[INFO] Building SonarQube Java :: Plugin 8.44.0-SNAPSHOT                [19/27]
[INFO]   from sonar-java-plugin/pom.xml
[INFO] ----------------------------[ sonar-plugin ]----------------------------
[INFO] 
[INFO] --- buildnumber:3.2.1:create (default) @ sonar-java-plugin ---
[INFO] 
[INFO] --- enforcer:3.5.0:enforce (enforce) @ sonar-java-plugin ---
[INFO] Rule 0: org.apache.maven.enforcer.rules.property.RequireProperty passed
[INFO] Rule 1: org.apache.maven.enforcer.rules.property.RequireProperty passed
[INFO] Rule 2: org.apache.maven.enforcer.rules.property.RequireProperty passed
[INFO] Rule 3: org.apache.maven.enforcer.rules.property.RequireProperty passed
[INFO] Rule 4: org.apache.maven.enforcer.rules.property.RequireProperty passed
[INFO] Rule 5: org.apache.maven.enforcer.rules.property.RequireProperty passed
[INFO] Rule 8: org.apache.maven.enforcer.rules.RequirePluginVersions passed
[INFO] 
[INFO] --- license:4.6:check (enforce-license-headers) @ sonar-java-plugin ---
[INFO] Checking licenses...
[INFO] 
[INFO] --- sonar-packaging:1.25.0.11:check (default-check) @ sonar-java-plugin ---
[INFO] 
[INFO] --- bsh:1.4:run (compute-artifact-display-version) @ sonar-java-plugin ---
[INFO] Executing Script
[INFO] file class java.lang.Object
[INFO] script class java.lang.String
[INFO] evaluating script if (! "8.44.0-SNAPSHOT".endsWith("-SNAPSHOT")) { [+ 14 omitted line(s)]
[INFO] 
[INFO] --- license:2.7.1:download-licenses (download-licenses) @ sonar-java-plugin ---
[INFO] 
[INFO] --- exec:3.6.3:exec (generate-built-in-profiles) @ sonar-java-plugin ---
[ERROR] Picked up JAVA_TOOL_OPTIONS: -Xmx1024m
[INFO] 
[INFO] --- resources:3.5.0:copy-resources (copy-main-license) @ sonar-java-plugin ---
[INFO] Copying 1 resource from .. to target/temp-licenses
[INFO] 
[INFO] --- resources:3.5.0:resources (default-resources) @ sonar-java-plugin ---
[INFO] Copying 2554 resources from src/main/resources to target/classes
[INFO] Copying 2 resources from target/generated-resources/profiles to target/classes
[INFO] 
[INFO] --- compiler:3.13.0:compile (default-compile) @ sonar-java-plugin ---
[INFO] Recompiling the module because of changed dependency.
[INFO] Compiling 11 source files with javac [debug release 21] to target/classes
[INFO] /home/jenkins/agent/workspace/EI-11-Job-B/sonar-java-plugin/src/main/java/org/sonar/plugins/java/BuiltInJavaQualityProfile.java: /home/jenkins/agent/workspace/EI-11-Job-B/sonar-java-plugin/src/main/java/org/sonar/plugins/java/BuiltInJavaQualityProfile.java uses unchecked or unsafe operations.
[INFO] /home/jenkins/agent/workspace/EI-11-Job-B/sonar-java-plugin/src/main/java/org/sonar/plugins/java/BuiltInJavaQualityProfile.java: Recompile with -Xlint:unchecked for details.
[INFO] 
[INFO] --- resources:3.5.0:testResources (default-testResources) @ sonar-java-plugin ---
[INFO] skip non existing resourceDirectory /home/jenkins/agent/workspace/EI-11-Job-B/sonar-java-plugin/src/test/resources
[INFO] 
[INFO] --- dependency:3.8.1:copy (download-jacoco-agent) @ sonar-java-plugin ---
[INFO] Configured Artifact: org.jacoco:org.jacoco.agent:runtime:0.8.15:jar
[INFO] Configured Artifact: org.mockito:mockito-core:5.23.0:jar
[INFO] org.jacoco:org.jacoco.agent:runtime:0.8.15:jar already exists in /home/jenkins/agent/workspace/EI-11-Job-B/sonar-java-plugin/target/test-java-agent-libs
[INFO] org.mockito:mockito-core:5.23.0:jar already exists in /home/jenkins/agent/workspace/EI-11-Job-B/sonar-java-plugin/target/test-java-agent-libs
[INFO] 
[INFO] --- compiler:3.13.0:testCompile (default-testCompile) @ sonar-java-plugin ---
[INFO] Recompiling the module because of changed dependency.
[INFO] Compiling 13 source files with javac [debug release 21] to target/test-classes
[WARNING] /home/jenkins/agent/workspace/EI-11-Job-B/sonar-java-plugin/src/test/java/org/sonar/plugins/java/GeneratedCheckListTest.java:[99,15] setMarkdownDescription(java.lang.String) in org.sonar.api.server.rule.RulesDefinition.NewRule has been deprecated and marked for removal
[WARNING] /home/jenkins/agent/workspace/EI-11-Job-B/sonar-java-plugin/src/test/java/org/sonar/plugins/java/GeneratedCheckListTest.java:[145,22] markdownDescription() in org.sonar.api.server.rule.RulesDefinition.Rule has been deprecated and marked for removal
[INFO] /home/jenkins/agent/workspace/EI-11-Job-B/sonar-java-plugin/src/test/java/org/sonar/plugins/java/JavaPluginTest.java: Some input files use unchecked or unsafe operations.
[INFO] /home/jenkins/agent/workspace/EI-11-Job-B/sonar-java-plugin/src/test/java/org/sonar/plugins/java/JavaPluginTest.java: Recompile with -Xlint:unchecked for details.
[INFO] 
[INFO] --- surefire:3.5.2:test (default-test) @ sonar-java-plugin ---
[INFO] Using auto detected provider org.apache.maven.surefire.junitplatform.JUnitPlatformProvider
[INFO] Using auto detected provider org.apache.maven.surefire.junitplatform.JUnitPlatformProvider
[INFO] 
[INFO] -------------------< org.sonarsource.java:java-its >--------------------
[INFO] Building SonarQube Java :: ITs 8.44.0-SNAPSHOT                   [20/27]
[INFO]   from its/pom.xml
[INFO] --------------------------------[ pom ]---------------------------------
[INFO] 
[INFO] --- buildnumber:3.2.1:create (default) @ java-its ---
[INFO] 
[INFO] --- enforcer:3.5.0:enforce (enforce) @ java-its ---
[INFO] Rule 0: org.apache.maven.enforcer.rules.property.RequireProperty passed
[INFO] Rule 1: org.apache.maven.enforcer.rules.property.RequireProperty passed
[INFO] Rule 2: org.apache.maven.enforcer.rules.property.RequireProperty passed
[INFO] Rule 3: org.apache.maven.enforcer.rules.property.RequireProperty passed
[INFO] Rule 4: org.apache.maven.enforcer.rules.property.RequireProperty passed
[INFO] Rule 5: org.apache.maven.enforcer.rules.property.RequireProperty passed
[INFO] Rule 8: org.apache.maven.enforcer.rules.RequirePluginVersions passed
[INFO] 
[INFO] --- license:4.6:check (enforce-license-headers) @ java-its ---
[INFO] Checking licenses...
[INFO] 
[INFO] --- bsh:1.4:run (compute-artifact-display-version) @ java-its ---
[INFO] Executing Script
[INFO] file class java.lang.Object
[INFO] script class java.lang.String
[INFO] evaluating script if (! "8.44.0-SNAPSHOT".endsWith("-SNAPSHOT")) { [+ 14 omitted line(s)]
[INFO] 
[INFO] --- dependency:3.8.1:copy (download-jacoco-agent) @ java-its ---
[INFO] Configured Artifact: org.jacoco:org.jacoco.agent:runtime:0.8.15:jar
[INFO] Configured Artifact: org.mockito:mockito-core:5.23.0:jar
[INFO] org.jacoco:org.jacoco.agent:runtime:0.8.15:jar already exists in /home/jenkins/agent/workspace/EI-11-Job-B/its/target/test-java-agent-libs
[INFO] org.mockito:mockito-core:5.23.0:jar already exists in /home/jenkins/agent/workspace/EI-11-Job-B/its/target/test-java-agent-libs
[INFO] 
[INFO] ----------------< org.sonarsource.java:it-java-plugin >-----------------
[INFO] Building SonarQube Java :: ITs :: Plugin 8.44.0-SNAPSHOT         [21/27]
[INFO]   from its/plugin/pom.xml
[INFO] --------------------------------[ pom ]---------------------------------
[INFO] 
[INFO] --- buildnumber:3.2.1:create (default) @ it-java-plugin ---
[INFO] 
[INFO] --- enforcer:3.5.0:enforce (enforce) @ it-java-plugin ---
[INFO] Rule 0: org.apache.maven.enforcer.rules.property.RequireProperty passed
[INFO] Rule 1: org.apache.maven.enforcer.rules.property.RequireProperty passed
[INFO] Rule 2: org.apache.maven.enforcer.rules.property.RequireProperty passed
[INFO] Rule 3: org.apache.maven.enforcer.rules.property.RequireProperty passed
[INFO] Rule 4: org.apache.maven.enforcer.rules.property.RequireProperty passed
[INFO] Rule 5: org.apache.maven.enforcer.rules.property.RequireProperty passed
[INFO] Rule 8: org.apache.maven.enforcer.rules.RequirePluginVersions passed
[INFO] 
[INFO] --- license:4.6:check (enforce-license-headers) @ it-java-plugin ---
[INFO] Checking licenses...
[INFO] 
[INFO] --- bsh:1.4:run (compute-artifact-display-version) @ it-java-plugin ---
[INFO] Executing Script
[INFO] file class java.lang.Object
[INFO] script class java.lang.String
[INFO] evaluating script if (! "8.44.0-SNAPSHOT".endsWith("-SNAPSHOT")) { [+ 14 omitted line(s)]
[INFO] 
[INFO] --- dependency:3.8.1:copy (download-jacoco-agent) @ it-java-plugin ---
[INFO] Configured Artifact: org.jacoco:org.jacoco.agent:runtime:0.8.15:jar
[INFO] Configured Artifact: org.mockito:mockito-core:5.23.0:jar
[INFO] org.jacoco:org.jacoco.agent:runtime:0.8.15:jar already exists in /home/jenkins/agent/workspace/EI-11-Job-B/its/plugin/target/test-java-agent-libs
[INFO] org.mockito:mockito-core:5.23.0:jar already exists in /home/jenkins/agent/workspace/EI-11-Job-B/its/plugin/target/test-java-agent-libs
[INFO] 
[INFO] ------------< org.sonarsource.java:it-java-plugin-plugins >-------------
[INFO] Building SonarQube Java :: ITs :: Plugin :: Plugins 8.44.0-SNAPSHOT [22/27]
[INFO]   from its/plugin/plugins/pom.xml
[INFO] --------------------------------[ pom ]---------------------------------
[INFO] 
[INFO] --- buildnumber:3.2.1:create (default) @ it-java-plugin-plugins ---
[INFO] 
[INFO] --- enforcer:3.5.0:enforce (enforce) @ it-java-plugin-plugins ---
[INFO] Rule 0: org.apache.maven.enforcer.rules.property.RequireProperty passed
[INFO] Rule 1: org.apache.maven.enforcer.rules.property.RequireProperty passed
[INFO] Rule 2: org.apache.maven.enforcer.rules.property.RequireProperty passed
[INFO] Rule 3: org.apache.maven.enforcer.rules.property.RequireProperty passed
[INFO] Rule 4: org.apache.maven.enforcer.rules.property.RequireProperty passed
[INFO] Rule 5: org.apache.maven.enforcer.rules.property.RequireProperty passed
[INFO] Rule 8: org.apache.maven.enforcer.rules.RequirePluginVersions passed
[INFO] 
[INFO] --- license:4.6:check (enforce-license-headers) @ it-java-plugin-plugins ---
[INFO] Checking licenses...
[INFO] 
[INFO] --- bsh:1.4:run (compute-artifact-display-version) @ it-java-plugin-plugins ---
[INFO] Executing Script
[INFO] file class java.lang.Object
[INFO] script class java.lang.String
[INFO] evaluating script if (! "8.44.0-SNAPSHOT".endsWith("-SNAPSHOT")) { [+ 14 omitted line(s)]
[INFO] 
[INFO] --- dependency:3.8.1:copy (download-jacoco-agent) @ it-java-plugin-plugins ---
[INFO] Configured Artifact: org.jacoco:org.jacoco.agent:runtime:0.8.15:jar
[INFO] Configured Artifact: org.mockito:mockito-core:5.23.0:jar
[INFO] org.jacoco:org.jacoco.agent:runtime:0.8.15:jar already exists in /home/jenkins/agent/workspace/EI-11-Job-B/its/plugin/plugins/target/test-java-agent-libs
[INFO] org.mockito:mockito-core:5.23.0:jar already exists in /home/jenkins/agent/workspace/EI-11-Job-B/its/plugin/plugins/target/test-java-agent-libs
[INFO] 
[INFO] -------------< org.sonarsource.java:java-extension-plugin >-------------
[INFO] Building SonarQube Java :: ITS :: Plugin :: Java Extension Plugin 8.44.0-SNAPSHOT [23/27]
[INFO]   from its/plugin/plugins/java-extension-plugin/pom.xml
[INFO] ----------------------------[ sonar-plugin ]----------------------------
[INFO] 
[INFO] --- buildnumber:3.2.1:create (default) @ java-extension-plugin ---
[INFO] 
[INFO] --- enforcer:3.5.0:enforce (enforce) @ java-extension-plugin ---
[INFO] Rule 0: org.apache.maven.enforcer.rules.property.RequireProperty passed
[INFO] Rule 1: org.apache.maven.enforcer.rules.property.RequireProperty passed
[INFO] Rule 2: org.apache.maven.enforcer.rules.property.RequireProperty passed
[INFO] Rule 3: org.apache.maven.enforcer.rules.property.RequireProperty passed
[INFO] Rule 4: org.apache.maven.enforcer.rules.property.RequireProperty passed
[INFO] Rule 5: org.apache.maven.enforcer.rules.property.RequireProperty passed
[INFO] Rule 8: org.apache.maven.enforcer.rules.RequirePluginVersions passed
[INFO] 
[INFO] --- license:4.6:check (enforce-license-headers) @ java-extension-plugin ---
[INFO] Checking licenses...
[INFO] 
[INFO] --- sonar-packaging:1.25.0.11:check (default-check) @ java-extension-plugin ---
[INFO] 
[INFO] --- bsh:1.4:run (compute-artifact-display-version) @ java-extension-plugin ---
[INFO] Executing Script
[INFO] file class java.lang.Object
[INFO] script class java.lang.String
[INFO] evaluating script if (! "8.44.0-SNAPSHOT".endsWith("-SNAPSHOT")) { [+ 14 omitted line(s)]
[INFO] 
[INFO] --- resources:3.3.1:resources (default-resources) @ java-extension-plugin ---
[INFO] skip non existing resourceDirectory /home/jenkins/agent/workspace/EI-11-Job-B/its/plugin/plugins/java-extension-plugin/src/main/resources
[INFO] 
[INFO] --- compiler:3.13.0:compile (default-compile) @ java-extension-plugin ---
[INFO] Recompiling the module because of changed dependency.
[INFO] Compiling 9 source files with javac [debug release 21] to target/classes
[INFO] /home/jenkins/agent/workspace/EI-11-Job-B/its/plugin/plugins/java-extension-plugin/src/main/java/org/sonar/samples/java/JspCodeCheck.java: Some input files use or override a deprecated API.
[INFO] /home/jenkins/agent/workspace/EI-11-Job-B/its/plugin/plugins/java-extension-plugin/src/main/java/org/sonar/samples/java/JspCodeCheck.java: Recompile with -Xlint:deprecation for details.
[INFO] /home/jenkins/agent/workspace/EI-11-Job-B/its/plugin/plugins/java-extension-plugin/src/main/java/org/sonar/samples/java/JavaExtensionsCheckRegistrar.java: /home/jenkins/agent/workspace/EI-11-Job-B/its/plugin/plugins/java-extension-plugin/src/main/java/org/sonar/samples/java/JavaExtensionsCheckRegistrar.java uses unchecked or unsafe operations.
[INFO] /home/jenkins/agent/workspace/EI-11-Job-B/its/plugin/plugins/java-extension-plugin/src/main/java/org/sonar/samples/java/JavaExtensionsCheckRegistrar.java: Recompile with -Xlint:unchecked for details.
[INFO] 
[INFO] --- resources:3.3.1:testResources (default-testResources) @ java-extension-plugin ---
[INFO] skip non existing resourceDirectory /home/jenkins/agent/workspace/EI-11-Job-B/its/plugin/plugins/java-extension-plugin/src/test/resources
[INFO] 
[INFO] --- dependency:3.8.1:copy (download-jacoco-agent) @ java-extension-plugin ---
[INFO] Configured Artifact: org.jacoco:org.jacoco.agent:runtime:0.8.15:jar
[INFO] Configured Artifact: org.mockito:mockito-core:5.23.0:jar
[INFO] org.jacoco:org.jacoco.agent:runtime:0.8.15:jar already exists in /home/jenkins/agent/workspace/EI-11-Job-B/its/plugin/plugins/java-extension-plugin/target/test-java-agent-libs
[INFO] org.mockito:mockito-core:5.23.0:jar already exists in /home/jenkins/agent/workspace/EI-11-Job-B/its/plugin/plugins/java-extension-plugin/target/test-java-agent-libs
[INFO] 
[INFO] --- compiler:3.13.0:testCompile (default-testCompile) @ java-extension-plugin ---
[INFO] Recompiling the module because of changed dependency.
[INFO] Compiling 1 source file with javac [debug release 21] to target/test-classes
[INFO] 
[INFO] --- surefire:3.5.2:test (default-test) @ java-extension-plugin ---
[INFO] Skipped
[INFO] 
[INFO] ---------------------< org.sonarsource.java:docs >----------------------
[INFO] Building SonarQube Java :: Documentation 8.44.0-SNAPSHOT         [24/27]
[INFO]   from docs/pom.xml
[INFO] --------------------------------[ pom ]---------------------------------
[INFO] 
[INFO] --- buildnumber:3.2.1:create (default) @ docs ---
[INFO] 
[INFO] --- enforcer:3.5.0:enforce (enforce) @ docs ---
[INFO] Rule 0: org.apache.maven.enforcer.rules.property.RequireProperty passed
[INFO] Rule 1: org.apache.maven.enforcer.rules.property.RequireProperty passed
[INFO] Rule 2: org.apache.maven.enforcer.rules.property.RequireProperty passed
[INFO] Rule 3: org.apache.maven.enforcer.rules.property.RequireProperty passed
[INFO] Rule 4: org.apache.maven.enforcer.rules.property.RequireProperty passed
[INFO] Rule 5: org.apache.maven.enforcer.rules.property.RequireProperty passed
[INFO] Rule 8: org.apache.maven.enforcer.rules.RequirePluginVersions passed
[INFO] 
[INFO] --- license:4.6:check (enforce-license-headers) @ docs ---
[INFO] Checking licenses...
[INFO] 
[INFO] --- bsh:1.4:run (compute-artifact-display-version) @ docs ---
[INFO] Executing Script
[INFO] file class java.lang.Object
[INFO] script class java.lang.String
[INFO] evaluating script if (! "8.44.0-SNAPSHOT".endsWith("-SNAPSHOT")) { [+ 14 omitted line(s)]
[INFO] 
[INFO] --- dependency:3.8.1:copy (download-jacoco-agent) @ docs ---
[INFO] Configured Artifact: org.jacoco:org.jacoco.agent:runtime:0.8.15:jar
[INFO] Configured Artifact: org.mockito:mockito-core:5.23.0:jar
[INFO] org.jacoco:org.jacoco.agent:runtime:0.8.15:jar already exists in /home/jenkins/agent/workspace/EI-11-Job-B/docs/target/test-java-agent-libs
[INFO] org.mockito:mockito-core:5.23.0:jar already exists in /home/jenkins/agent/workspace/EI-11-Job-B/docs/target/test-java-agent-libs
[INFO] 
[INFO] -----------< org.sonarsource.java:java-custom-rules-example >-----------
[INFO] Building SonarQube Java :: Documentation :: Custom Rules Example 8.44.0-SNAPSHOT [25/27]
[INFO]   from docs/java-custom-rules-example/pom.xml
[INFO] ----------------------------[ sonar-plugin ]----------------------------
[INFO] 
[INFO] --- buildnumber:3.2.1:create (default) @ java-custom-rules-example ---
[INFO] 
[INFO] --- enforcer:3.5.0:enforce (enforce) @ java-custom-rules-example ---
[INFO] Rule 0: org.apache.maven.enforcer.rules.property.RequireProperty passed
[INFO] Rule 1: org.apache.maven.enforcer.rules.property.RequireProperty passed
[INFO] Rule 2: org.apache.maven.enforcer.rules.property.RequireProperty passed
[INFO] Rule 3: org.apache.maven.enforcer.rules.property.RequireProperty passed
[INFO] Rule 4: org.apache.maven.enforcer.rules.property.RequireProperty passed
[INFO] Rule 5: org.apache.maven.enforcer.rules.property.RequireProperty passed
[INFO] Rule 8: org.apache.maven.enforcer.rules.RequirePluginVersions passed
[INFO] 
[INFO] --- license:4.6:check (enforce-license-headers) @ java-custom-rules-example ---
[INFO] Checking licenses...
[INFO] 
[INFO] --- sonar-packaging:1.25.0.11:check (default-check) @ java-custom-rules-example ---
[INFO] 
[INFO] --- jacoco:0.8.13:prepare-agent (prepare-agent) @ java-custom-rules-example ---
[INFO] argLine set to -javaagent:/home/jenkins/.m2/repository/org/jacoco/org.jacoco.agent/0.8.13/org.jacoco.agent-0.8.13-runtime.jar=destfile=/home/jenkins/agent/workspace/EI-11-Job-B/docs/java-custom-rules-example/target/jacoco.exec -Xmx512m
[INFO] 
[INFO] --- bsh:1.4:run (compute-artifact-display-version) @ java-custom-rules-example ---
[INFO] Executing Script
[INFO] file class java.lang.Object
[INFO] script class java.lang.String
[INFO] evaluating script if (! "8.44.0-SNAPSHOT".endsWith("-SNAPSHOT")) { [+ 14 omitted line(s)]
[INFO] 
[INFO] --- resources:3.3.1:resources (default-resources) @ java-custom-rules-example ---
[INFO] Copying 19 resources from src/main/resources to target/classes
[INFO] 
[INFO] --- compiler:3.13.0:compile (default-compile) @ java-custom-rules-example ---
[INFO] Recompiling the module because of changed dependency.
[INFO] Compiling 18 source files with javac [debug release 21] to target/classes
[INFO] 
[INFO] --- resources:3.3.1:testResources (default-testResources) @ java-custom-rules-example ---
[INFO] skip non existing resourceDirectory /home/jenkins/agent/workspace/EI-11-Job-B/docs/java-custom-rules-example/src/test/resources
[INFO] 
[INFO] --- dependency:3.8.1:copy (download-jacoco-agent) @ java-custom-rules-example ---
[INFO] Configured Artifact: org.jacoco:org.jacoco.agent:runtime:0.8.15:jar
[INFO] Configured Artifact: org.mockito:mockito-core:5.23.0:jar
[INFO] org.jacoco:org.jacoco.agent:runtime:0.8.15:jar already exists in /home/jenkins/agent/workspace/EI-11-Job-B/docs/java-custom-rules-example/target/test-java-agent-libs
[INFO] org.mockito:mockito-core:5.23.0:jar already exists in /home/jenkins/agent/workspace/EI-11-Job-B/docs/java-custom-rules-example/target/test-java-agent-libs
[INFO] 
[INFO] --- compiler:3.13.0:testCompile (default-testCompile) @ java-custom-rules-example ---
[INFO] Recompiling the module because of changed dependency.
[INFO] Compiling 14 source files with javac [debug release 21] to target/test-classes
[INFO] /home/jenkins/agent/workspace/EI-11-Job-B/docs/java-custom-rules-example/src/test/java/org/sonar/samples/java/MyJavaRulesDefinitionTest.java: /home/jenkins/agent/workspace/EI-11-Job-B/docs/java-custom-rules-example/src/test/java/org/sonar/samples/java/MyJavaRulesDefinitionTest.java uses or overrides a deprecated API.
[INFO] /home/jenkins/agent/workspace/EI-11-Job-B/docs/java-custom-rules-example/src/test/java/org/sonar/samples/java/MyJavaRulesDefinitionTest.java: Recompile with -Xlint:deprecation for details.
[INFO] /home/jenkins/agent/workspace/EI-11-Job-B/docs/java-custom-rules-example/src/test/java/org/sonar/samples/java/MyJavaRulesPluginTest.java: /home/jenkins/agent/workspace/EI-11-Job-B/docs/java-custom-rules-example/src/test/java/org/sonar/samples/java/MyJavaRulesPluginTest.java uses unchecked or unsafe operations.
[INFO] /home/jenkins/agent/workspace/EI-11-Job-B/docs/java-custom-rules-example/src/test/java/org/sonar/samples/java/MyJavaRulesPluginTest.java: Recompile with -Xlint:unchecked for details.
[INFO] 
[INFO] --- dependency:3.8.1:copy (copy) @ java-custom-rules-example ---
[INFO] Configured Artifact: org.slf4j:slf4j-api:1.7.30:jar
[INFO] Configured Artifact: org.apache.commons:commons-collections4:4.0:jar
[INFO] Configured Artifact: javax:javaee-api:6.0:jar
[INFO] Configured Artifact: org.springframework:spring-webmvc:4.3.3.RELEASE:jar
[INFO] Configured Artifact: org.springframework:spring-web:4.3.3.RELEASE:jar
[INFO] Configured Artifact: org.springframework:spring-context:4.3.3.RELEASE:jar
[INFO] Configured Artifact: junit:junit:4.13.2:jar
[INFO] org.slf4j:slf4j-api:1.7.30:jar already exists in /home/jenkins/agent/workspace/EI-11-Job-B/docs/java-custom-rules-example/target/test-jars
[INFO] org.apache.commons:commons-collections4:4.0:jar already exists in /home/jenkins/agent/workspace/EI-11-Job-B/docs/java-custom-rules-example/target/test-jars
[INFO] javax:javaee-api:6.0:jar already exists in /home/jenkins/agent/workspace/EI-11-Job-B/docs/java-custom-rules-example/target/test-jars
[INFO] org.springframework:spring-webmvc:4.3.3.RELEASE:jar already exists in /home/jenkins/agent/workspace/EI-11-Job-B/docs/java-custom-rules-example/target/test-jars
[INFO] org.springframework:spring-web:4.3.3.RELEASE:jar already exists in /home/jenkins/agent/workspace/EI-11-Job-B/docs/java-custom-rules-example/target/test-jars
[INFO] org.springframework:spring-context:4.3.3.RELEASE:jar already exists in /home/jenkins/agent/workspace/EI-11-Job-B/docs/java-custom-rules-example/target/test-jars
[INFO] junit:junit:4.13.2:jar already exists in /home/jenkins/agent/workspace/EI-11-Job-B/docs/java-custom-rules-example/target/test-jars
[INFO] 
[INFO] --- surefire:3.5.2:test (default-test) @ java-custom-rules-example ---
[INFO] Using auto detected provider org.apache.maven.surefire.junitplatform.JUnitPlatformProvider
[INFO] Using auto detected provider org.apache.maven.surefire.junitplatform.JUnitPlatformProvider
[INFO] 
[INFO] -------------< org.sonarsource.java:it-java-plugin-tests >--------------
[INFO] Building SonarQube Java :: ITs :: Plugin :: Tests 8.44.0-SNAPSHOT [26/27]
[INFO]   from its/plugin/tests/pom.xml
[INFO] --------------------------------[ jar ]---------------------------------
[INFO] 
[INFO] --- buildnumber:3.2.1:create (default) @ it-java-plugin-tests ---
[INFO] 
[INFO] --- enforcer:3.5.0:enforce (enforce) @ it-java-plugin-tests ---
[INFO] Rule 0: org.apache.maven.enforcer.rules.property.RequireProperty passed
[INFO] Rule 1: org.apache.maven.enforcer.rules.property.RequireProperty passed
[INFO] Rule 2: org.apache.maven.enforcer.rules.property.RequireProperty passed
[INFO] Rule 3: org.apache.maven.enforcer.rules.property.RequireProperty passed
[INFO] Rule 4: org.apache.maven.enforcer.rules.property.RequireProperty passed
[INFO] Rule 5: org.apache.maven.enforcer.rules.property.RequireProperty passed
[INFO] Rule 8: org.apache.maven.enforcer.rules.RequirePluginVersions passed
[INFO] 
[INFO] --- license:4.6:check (enforce-license-headers) @ it-java-plugin-tests ---
[INFO] Checking licenses...
[INFO] 
[INFO] --- bsh:1.4:run (compute-artifact-display-version) @ it-java-plugin-tests ---
[INFO] Executing Script
[INFO] file class java.lang.Object
[INFO] script class java.lang.String
[INFO] evaluating script if (! "8.44.0-SNAPSHOT".endsWith("-SNAPSHOT")) { [+ 14 omitted line(s)]
[INFO] 
[INFO] --- resources:3.3.1:resources (default-resources) @ it-java-plugin-tests ---
[INFO] skip non existing resourceDirectory /home/jenkins/agent/workspace/EI-11-Job-B/its/plugin/tests/src/main/resources
[INFO] 
[INFO] --- compiler:3.13.0:compile (default-compile) @ it-java-plugin-tests ---
[INFO] No sources to compile
[INFO] 
[INFO] --- download:1.13.0:wget (unpack-jre) @ it-java-plugin-tests ---
[INFO] Expanding: /home/jenkins/.m2/repository/.cache/download-maven-plugin/OpenJDK8U-jre_x64_linux_hotspot_8u265b01.tar.gz_b16e3dc421b290af208693f1c3a376ef into /home/jenkins/agent/workspace/EI-11-Job-B/its/plugin/tests/target/jre
[WARNING] Archive entry 'jdk8u265-b01-jre/man/ja' and existing file '/home/jenkins/agent/workspace/EI-11-Job-B/its/plugin/tests/target/jre/jdk8u265-b01-jre/man/ja_JP.UTF-8' names differ only by case. This may lead to an unexpected outcome on case-insensitive filesystems.
[WARNING] Archive entry 'jdk8u265-b01-jre/lib/amd64/server/libjsig.so' and existing file '/home/jenkins/agent/workspace/EI-11-Job-B/its/plugin/tests/target/jre/jdk8u265-b01-jre/lib/amd64/libjsig.so' names differ only by case. This may lead to an unexpected outcome on case-insensitive filesystems.
[INFO] 
[INFO] --- resources:3.3.1:testResources (default-testResources) @ it-java-plugin-tests ---
[INFO] Copying 16 resources from src/test/resources to target/test-classes
[INFO] 
[INFO] --- dependency:3.8.1:copy (download-jacoco-agent) @ it-java-plugin-tests ---
[INFO] Configured Artifact: org.jacoco:org.jacoco.agent:runtime:0.8.15:jar
[INFO] Configured Artifact: org.mockito:mockito-core:5.23.0:jar
[INFO] org.jacoco:org.jacoco.agent:runtime:0.8.15:jar already exists in /home/jenkins/agent/workspace/EI-11-Job-B/its/plugin/tests/target/test-java-agent-libs
[INFO] org.mockito:mockito-core:5.23.0:jar already exists in /home/jenkins/agent/workspace/EI-11-Job-B/its/plugin/tests/target/test-java-agent-libs
[INFO] 
[INFO] --- compiler:3.13.0:testCompile (default-testCompile) @ it-java-plugin-tests ---
[INFO] Recompiling the module because of changed dependency.
[INFO] Compiling 18 source files with javac [debug release 21] to target/test-classes
[INFO] 
[INFO] --- surefire:3.5.2:test (default-test) @ it-java-plugin-tests ---
[INFO] Skipped
[INFO] 
[INFO] ----------------< org.sonarsource.java:it-java-ruling >-----------------
[INFO] Building SonarQube Java :: ITs :: Ruling 8.44.0-SNAPSHOT         [27/27]
[INFO]   from its/ruling/pom.xml
[INFO] --------------------------------[ jar ]---------------------------------
[INFO] 
[INFO] --- buildnumber:3.2.1:create (default) @ it-java-ruling ---
[INFO] 
[INFO] --- enforcer:3.5.0:enforce (enforce) @ it-java-ruling ---
[INFO] Rule 0: org.apache.maven.enforcer.rules.property.RequireProperty passed
[INFO] Rule 1: org.apache.maven.enforcer.rules.property.RequireProperty passed
[INFO] Rule 2: org.apache.maven.enforcer.rules.property.RequireProperty passed
[INFO] Rule 3: org.apache.maven.enforcer.rules.property.RequireProperty passed
[INFO] Rule 4: org.apache.maven.enforcer.rules.property.RequireProperty passed
[INFO] Rule 5: org.apache.maven.enforcer.rules.property.RequireProperty passed
[INFO] Rule 8: org.apache.maven.enforcer.rules.RequirePluginVersions passed
[INFO] 
[INFO] --- license:4.6:check (enforce-license-headers) @ it-java-ruling ---
[INFO] Checking licenses...
[INFO] 
[INFO] --- bsh:1.4:run (compute-artifact-display-version) @ it-java-ruling ---
[INFO] Executing Script
[INFO] file class java.lang.Object
[INFO] script class java.lang.String
[INFO] evaluating script if (! "8.44.0-SNAPSHOT".endsWith("-SNAPSHOT")) { [+ 14 omitted line(s)]
[INFO] 
[INFO] --- resources:3.3.1:resources (default-resources) @ it-java-ruling ---
[INFO] skip non existing resourceDirectory /home/jenkins/agent/workspace/EI-11-Job-B/its/ruling/src/main/resources
[INFO] 
[INFO] --- compiler:3.13.0:compile (default-compile) @ it-java-ruling ---
[INFO] No sources to compile
[INFO] 
[INFO] --- resources:3.3.1:testResources (default-testResources) @ it-java-ruling ---
[INFO] Copying 1233 resources from src/test/resources to target/test-classes
[INFO] 
[INFO] --- dependency:3.8.1:copy (download-jacoco-agent) @ it-java-ruling ---
[INFO] Configured Artifact: org.jacoco:org.jacoco.agent:runtime:0.8.15:jar
[INFO] Configured Artifact: org.mockito:mockito-core:5.23.0:jar
[INFO] org.jacoco:org.jacoco.agent:runtime:0.8.15:jar already exists in /home/jenkins/agent/workspace/EI-11-Job-B/its/ruling/target/test-java-agent-libs
[INFO] org.mockito:mockito-core:5.23.0:jar already exists in /home/jenkins/agent/workspace/EI-11-Job-B/its/ruling/target/test-java-agent-libs
[INFO] 
[INFO] --- compiler:3.13.0:testCompile (default-testCompile) @ it-java-ruling ---
[INFO] Recompiling the module because of changed dependency.
[INFO] Compiling 3 source files with javac [debug release 21] to target/test-classes
[INFO] /home/jenkins/agent/workspace/EI-11-Job-B/its/ruling/src/test/java/org/sonar/java/it/ProfileGenerator.java: /home/jenkins/agent/workspace/EI-11-Job-B/its/ruling/src/test/java/org/sonar/java/it/ProfileGenerator.java uses or overrides a deprecated API.
[INFO] /home/jenkins/agent/workspace/EI-11-Job-B/its/ruling/src/test/java/org/sonar/java/it/ProfileGenerator.java: Recompile with -Xlint:deprecation for details.
[INFO] 
[INFO] --- surefire:3.5.2:test (default-test) @ it-java-ruling ---
[INFO] Skipped
[INFO] ------------------------------------------------------------------------
[INFO] Reactor Summary for SonarJava 8.44.0-SNAPSHOT:
[INFO] 
[INFO] SonarJava .......................................... SUCCESS [  0.615 s]
[INFO] SonarQube Java :: Checks Test Sources :: Parent Pom  SUCCESS [  0.025 s]
[INFO] SonarQube Java :: Checks Test Sources :: AWS ....... SUCCESS [  1.944 s]
[INFO] SonarQube Java :: Checks Test Sources :: Default ... SUCCESS [  5.680 s]
[INFO] SonarQube Java :: Checks Test Sources :: Java 17 ... SUCCESS [  0.060 s]
[INFO] SonarQube Java :: Checks Test Sources :: Spring Boot 3.2 SUCCESS [  0.059 s]
[INFO] SonarQube Java :: Checks Test Sources :: Spring Web 4.0 SUCCESS [  0.047 s]
[INFO] SonarQube Java :: Checks Test Sources :: Quarkus ArC 3.15 SUCCESS [  0.113 s]
[INFO] SonarQube Java :: Checks Test Sources :: Test Classpath Reader SUCCESS [  0.073 s]
[INFO] SonarQube Java :: Front-end ........................ SUCCESS [  0.275 s]
[INFO] SonarQube Java :: Checks Test tool kit ............. SUCCESS [  0.053 s]
[INFO] SonarQube Java :: Checks Common .................... SUCCESS [  0.053 s]
[INFO] SonarQube Java :: Checks ........................... SUCCESS [  2.034 s]
[INFO] SonarQube Java :: AWS Checks ....................... SUCCESS [  0.048 s]
[INFO] SonarQube Java :: Check List ....................... SUCCESS [  0.402 s]
[INFO] SonarQube Java :: External Reports Sensor .......... SUCCESS [  0.039 s]
[INFO] SonarQube Java :: Surefire ......................... SUCCESS [  0.045 s]
[INFO] SonarQube Java :: JSP .............................. SUCCESS [  0.050 s]
[INFO] SonarQube Java :: Plugin ........................... SUCCESS [  0.933 s]
[INFO] SonarQube Java :: ITs .............................. SUCCESS [  0.010 s]
[INFO] SonarQube Java :: ITs :: Plugin .................... SUCCESS [  0.046 s]
[INFO] SonarQube Java :: ITs :: Plugin :: Plugins ......... SUCCESS [  0.010 s]
[INFO] SonarQube Java :: ITS :: Plugin :: Java Extension Plugin SUCCESS [  0.208 s]
[INFO] SonarQube Java :: Documentation .................... SUCCESS [  0.007 s]
[INFO] SonarQube Java :: Documentation :: Custom Rules Example SUCCESS [  0.184 s]
[INFO] SonarQube Java :: ITs :: Plugin :: Tests ........... SUCCESS [  0.721 s]
[INFO] SonarQube Java :: ITs :: Ruling .................... SUCCESS [  0.137 s]
[INFO] ------------------------------------------------------------------------
[INFO] BUILD SUCCESS
[INFO] ------------------------------------------------------------------------
[INFO] Total time:  24.464 s
[INFO] Finished at: 2026-09-13T15:24:20Z
[INFO] ------------------------------------------------------------------------
[INFO] 263 goals, 263 executed
[WARNING] Unexpected error while contacting Develocity server at https://develocity.sonar.build/
[WARNING] No build scan will be published: Develocity features were not enabled due to an unexpected error while contacting Develocity.
[Pipeline] }
[STP] Cleaning build-local STP files: /home/jenkins/agent/workspace/EI-11-Job-B@tmp/stp/EI-11-Job-B_3-51064bae-bd4b-4d4c-9681-d2aac0517684
[Pipeline] // smartTestPicker
[Pipeline] }
[Pipeline] // stage
[Pipeline] stage
[Pipeline] { (Create and archive execution evidence)
[Pipeline] sh
+ python3 -
EI11_ACTUAL_EXECUTED 14
+ sha256sum build/stp/actual-maven-execution.json build/stp/execution-plan.json build/stp/resolved-r0-map.json build/stp/selection-result.json
1c40297634a2a4f3ce5f4220249cac71ed16532cc891f765ad485a3c66ee7211  build/stp/actual-maven-execution.json
85c89d7c2d8d5f38d36859d4eeb411d51912ac9a72143da71a6f743606bfd904  build/stp/execution-plan.json
11b10ce13a93d8527666accd259a8e32098433c51300e7c2d2e2d37596037423  build/stp/resolved-r0-map.json
ba95b8d7516cbc6be0d4f925f2e1c72c91718f880c83b7f701c09eba20fb6cd6  build/stp/selection-result.json
[Pipeline] archiveArtifacts
Archiving artifacts
Recording fingerprints
[Pipeline] }
[Pipeline] // stage
[Pipeline] }
[Pipeline] // node
[Pipeline] End of Pipeline
Finished: SUCCESS
