Started by user admin
[Pipeline] Start of Pipeline
[Pipeline] node
Running on stp-map-agent-3 in /home/jenkins/agent/workspace/EI-11-Job-C
[Pipeline] {
[Pipeline] stage
[Pipeline] { (Checkout exact R1)
[Pipeline] deleteDir
[Pipeline] sh
+ git clone --no-hardlinks /opt/ei11/sonar-java .
Cloning into '.'...
done.
+ git checkout --detach eed6922c776e5d029266459d04ed5a69e9d6fc8f
HEAD is now at eed6922c77 Add EI-11 diagnostic output
+ git rev-parse HEAD
+ test eed6922c776e5d029266459d04ed5a69e9d6fc8f = eed6922c776e5d029266459d04ed5a69e9d6fc8f
[Pipeline] writeFile
[Pipeline] sh
+ hostname
+ printf node=%s
workspace=%s
 stp-map-agent-3 /home/jenkins/agent/workspace/EI-11-Job-C
+ java -version
Picked up JAVA_TOOL_OPTIONS: -Xmx1024m
openjdk version "26.0.2" 2026-07-21
OpenJDK Runtime Environment Temurin-26.0.2+10 (build 26.0.2+10)
OpenJDK 64-Bit Server VM Temurin-26.0.2+10 (build 26.0.2+10, mixed mode, sharing)
+ mvn -version
Picked up JAVA_TOOL_OPTIONS: -Xmx1024m
Apache Maven 3.9.16 (2bdd9fddda4b155ebf8000e807eb73fd829a51d5)
Maven home: /opt/apache-maven
Java version: 26.0.2, vendor: Eclipse Adoptium, runtime: /usr/lib/jvm/temurin-26-jdk
Default locale: en, platform encoding: UTF-8
OS name: "linux", version: "7.0.12-linuxkit", arch: "aarch64", family: "unix"
[Pipeline] }
[Pipeline] // stage
[Pipeline] stage
[Pipeline] { (Run full R1 Maven test scope)
[Pipeline] sh
+ mvn -s .ei11-settings.xml -B -ntp -Ddevelocity.skip=true test
Picked up JAVA_TOOL_OPTIONS: -Xmx1024m
WARNING: A terminally deprecated method in sun.misc.Unsafe has been called
WARNING: sun.misc.Unsafe::objectFieldOffset has been called by com.gradle.maven.extension.internal.dep.com.google.common.util.concurrent.AbstractFuture$UnsafeAtomicHelper (file:/home/jenkins/.m2/repository/com/gradle/develocity-maven-extension/1.22.2/develocity-maven-extension-1.22.2.jar)
WARNING: Please consider reporting this to the maintainers of class com.gradle.maven.extension.internal.dep.com.google.common.util.concurrent.AbstractFuture$UnsafeAtomicHelper
WARNING: sun.misc.Unsafe::objectFieldOffset will be removed in a future release
WARNING: Final field server in class com.gradle.maven.common.configuration.model.DevelocityXmlConfiguration has been mutated reflectively by class org.eclipse.sisu.plexus.CompositeBeanHelper in unnamed module @1e730495 (file:/opt/apache-maven/lib/org.eclipse.sisu.plexus-1.0.0.jar)
WARNING: Use --enable-final-field-mutation=ALL-UNNAMED to avoid a warning
WARNING: Mutating final fields will be blocked in a future release unless final field mutation is enabled
[INFO] Scanning for projects...
[WARNING] This build will only read from the build cache, since the clean lifecycle is not part of the build invocation.
[WARNING] Unexpected error while contacting Develocity server at https://develocity.sonar.build/
[INFO] ------------------------------------------------------------------------
[INFO] Reactor Build Order:
[INFO] 
[INFO] SonarJava                                                          [pom]
[INFO] SonarQube Java :: Checks Test Sources :: Parent Pom                [pom]
[INFO] SonarQube Java :: Checks Test Sources :: AWS                       [jar]
[INFO] SonarQube Java :: Checks Test Sources :: Default                   [jar]
[INFO] SonarQube Java :: Checks Test Sources :: Java 17                   [jar]
[INFO] SonarQube Java :: Checks Test Sources :: Spring Boot 3.2           [jar]
[INFO] SonarQube Java :: Checks Test Sources :: Spring Web 4.0            [jar]
[INFO] SonarQube Java :: Checks Test Sources :: Quarkus ArC 3.15          [jar]
[INFO] SonarQube Java :: Checks Test Sources :: Test Classpath Reader     [jar]
[INFO] SonarQube Java :: Front-end                                        [jar]
[INFO] SonarQube Java :: Checks Test tool kit                             [jar]
[INFO] SonarQube Java :: Checks Common                                    [jar]
[INFO] SonarQube Java :: Checks                                           [jar]
[INFO] SonarQube Java :: AWS Checks                                       [jar]
[INFO] SonarQube Java :: Check List                                       [jar]
[INFO] SonarQube Java :: External Reports Sensor                          [jar]
[INFO] SonarQube Java :: Surefire                                         [jar]
[INFO] SonarQube Java :: JSP                                              [jar]
[INFO] SonarQube Java :: Plugin                                  [sonar-plugin]
[INFO] SonarQube Java :: ITs                                              [pom]
[INFO] SonarQube Java :: ITs :: Plugin                                    [pom]
[INFO] SonarQube Java :: ITs :: Plugin :: Plugins                         [pom]
[INFO] SonarQube Java :: ITS :: Plugin :: Java Extension Plugin  [sonar-plugin]
[INFO] SonarQube Java :: Documentation                                    [pom]
[INFO] SonarQube Java :: Documentation :: Custom Rules Example   [sonar-plugin]
[INFO] SonarQube Java :: ITs :: Plugin :: Tests                           [jar]
[INFO] SonarQube Java :: ITs :: Ruling                                    [jar]
[INFO] 
[INFO] ---------------------< org.sonarsource.java:java >----------------------
[INFO] Building SonarJava 8.44.0-SNAPSHOT                                [1/27]
[INFO]   from pom.xml
[INFO] --------------------------------[ pom ]---------------------------------
[INFO] 
[INFO] --- buildnumber:3.2.1:create (default) @ java ---
[INFO] Executing: /bin/sh -c cd '/home/jenkins/agent/workspace/EI-11-Job-C' && 'git' 'log' '-1' '--no-merges' '--format=format:%H %aI %aE %aN'
[INFO] Working directory: /home/jenkins/agent/workspace/EI-11-Job-C
[INFO] Storing buildNumber: eed6922c776e5d029266459d04ed5a69e9d6fc8f at timestamp: 1789313230624
[INFO] Executing: /bin/sh -c cd '/home/jenkins/agent/workspace/EI-11-Job-C' && 'git' 'symbolic-ref' 'HEAD'
[INFO] Working directory: /home/jenkins/agent/workspace/EI-11-Job-C
[WARNING] Cannot get the branch information from the git repository: 
Detecting the current branch failed: fatal: ref HEAD is not a symbolic ref

[INFO] Executing: /bin/sh -c cd '/home/jenkins/agent/workspace/EI-11-Job-C' && 'git' 'log' '-1' '--no-merges' '--format=format:%H %aI %aE %aN'
[INFO] Working directory: /home/jenkins/agent/workspace/EI-11-Job-C
[INFO] Storing scmBranch: UNKNOWN
[INFO] 
[INFO] --- enforcer:3.5.0:enforce (enforce) @ java ---
[INFO] Rule 0: org.apache.maven.enforcer.rules.property.RequireProperty passed
[INFO] Rule 1: org.apache.maven.enforcer.rules.property.RequireProperty passed
[INFO] Rule 2: org.apache.maven.enforcer.rules.property.RequireProperty passed
[INFO] Rule 3: org.apache.maven.enforcer.rules.property.RequireProperty passed
[INFO] Rule 4: org.apache.maven.enforcer.rules.property.RequireProperty passed
[INFO] Rule 5: org.apache.maven.enforcer.rules.property.RequireProperty passed
[INFO] Rule 6: org.apache.maven.enforcer.rules.version.RequireMavenVersion passed
[INFO] Rule 7: org.apache.maven.enforcer.rules.version.RequireJavaVersion passed
[INFO] Rule 8: org.apache.maven.enforcer.rules.RequirePluginVersions passed
[INFO] 
[INFO] --- license:4.6:check (enforce-license-headers) @ java ---
[INFO] Checking licenses...
[INFO] 
[INFO] --- bsh:1.4:run (compute-artifact-display-version) @ java ---
[INFO] Executing Script
[INFO] file class java.lang.Object
[INFO] script class java.lang.String
[INFO] evaluating script if (! "8.44.0-SNAPSHOT".endsWith("-SNAPSHOT")) { [+ 14 omitted line(s)]
[INFO] 
[INFO] --- dependency:3.8.1:copy (download-jacoco-agent) @ java ---
[INFO] Configured Artifact: org.jacoco:org.jacoco.agent:runtime:0.8.15:jar
[INFO] Configured Artifact: org.mockito:mockito-core:5.23.0:jar
[INFO] 
[INFO] -----------< org.sonarsource.java:java-checks-test-sources >------------
[INFO] Building SonarQube Java :: Checks Test Sources :: Parent Pom 8.44.0-SNAPSHOT [2/27]
[INFO]   from java-checks-test-sources/pom.xml
[INFO] --------------------------------[ pom ]---------------------------------
[INFO] 
[INFO] --- buildnumber:3.2.1:create (default) @ java-checks-test-sources ---
[INFO] 
[INFO] --- enforcer:3.5.0:enforce (enforce) @ java-checks-test-sources ---
[INFO] Rule 0: org.apache.maven.enforcer.rules.property.RequireProperty passed
[INFO] Rule 1: org.apache.maven.enforcer.rules.property.RequireProperty passed
[INFO] Rule 2: org.apache.maven.enforcer.rules.property.RequireProperty passed
[INFO] Rule 3: org.apache.maven.enforcer.rules.property.RequireProperty passed
[INFO] Rule 4: org.apache.maven.enforcer.rules.property.RequireProperty passed
[INFO] Rule 5: org.apache.maven.enforcer.rules.property.RequireProperty passed
[INFO] Rule 8: org.apache.maven.enforcer.rules.RequirePluginVersions passed
[INFO] 
[INFO] --- license:4.6:check (enforce-license-headers) @ java-checks-test-sources ---
[INFO] Checking licenses...
[INFO] 
[INFO] --- dependency:3.8.1:build-classpath (build-classpath) @ java-checks-test-sources ---
[INFO] No dependencies found.
[INFO] Wrote classpath file '/home/jenkins/agent/workspace/EI-11-Job-C/java-checks-test-sources/target/test-classpath.txt'.
[INFO] 
[INFO] --- bsh:1.4:run (compute-artifact-display-version) @ java-checks-test-sources ---
[INFO] Executing Script
[INFO] file class java.lang.Object
[INFO] script class java.lang.String
[INFO] evaluating script if (! "8.44.0-SNAPSHOT".endsWith("-SNAPSHOT")) { [+ 14 omitted line(s)]
[INFO] 
[INFO] --- dependency:3.8.1:copy (download-jacoco-agent) @ java-checks-test-sources ---
[INFO] Configured Artifact: org.jacoco:org.jacoco.agent:runtime:0.8.15:jar
[INFO] Configured Artifact: org.mockito:mockito-core:5.23.0:jar
[INFO] 
[INFO] --- dependency:3.8.1:copy (copy) @ java-checks-test-sources ---
[INFO] Configured Artifact: org.testng:testng:7.5.1:jar
[INFO] 
[INFO] ----------------------< org.sonarsource.java:aws >----------------------
[INFO] Building SonarQube Java :: Checks Test Sources :: AWS 8.44.0-SNAPSHOT [3/27]
[INFO]   from java-checks-test-sources/aws/pom.xml
[INFO] --------------------------------[ jar ]---------------------------------
[INFO] 
[INFO] --- buildnumber:3.2.1:create (default) @ aws ---
[INFO] 
[INFO] --- enforcer:3.5.0:enforce (enforce) @ aws ---
[INFO] Rule 0: org.apache.maven.enforcer.rules.property.RequireProperty passed
[INFO] Rule 1: org.apache.maven.enforcer.rules.property.RequireProperty passed
[INFO] Rule 2: org.apache.maven.enforcer.rules.property.RequireProperty passed
[INFO] Rule 3: org.apache.maven.enforcer.rules.property.RequireProperty passed
[INFO] Rule 4: org.apache.maven.enforcer.rules.property.RequireProperty passed
[INFO] Rule 5: org.apache.maven.enforcer.rules.property.RequireProperty passed
[INFO] Rule 8: org.apache.maven.enforcer.rules.RequirePluginVersions passed
[INFO] 
[INFO] --- license:4.6:check (enforce-license-headers) @ aws ---
[INFO] Checking licenses...
[INFO] 
[INFO] --- dependency:3.8.1:build-classpath (build-classpath) @ aws ---
[INFO] Wrote classpath file '/home/jenkins/agent/workspace/EI-11-Job-C/java-checks-test-sources/aws/target/test-classpath.txt'.
[INFO] 
[INFO] --- bsh:1.4:run (compute-artifact-display-version) @ aws ---
[INFO] Executing Script
[INFO] file class java.lang.Object
[INFO] script class java.lang.String
[INFO] evaluating script if (! "8.44.0-SNAPSHOT".endsWith("-SNAPSHOT")) { [+ 14 omitted line(s)]
[INFO] 
[INFO] --- resources:3.3.1:resources (default-resources) @ aws ---
[INFO] skip non existing resourceDirectory /home/jenkins/agent/workspace/EI-11-Job-C/java-checks-test-sources/aws/src/main/resources
[INFO] 
[INFO] --- compiler:3.13.0:compile (default-compile) @ aws ---
[WARNING] The following annotation processors were found on the classpath: 
[lombok.launch.AnnotationProcessorHider$AnnotationProcessor, lombok.launch.AnnotationProcessorHider$ClaimingProcessor], provided by /home/jenkins/.m2/repository/org/projectlombok/lombok/1.18.30/lombok-1.18.30.jar
Compile avoidance has been deactivated.
Please use the maven-compiler-plugin version 3.5 or above and use the <annotationProcessorPaths> configuration element to declare the processors instead.
If you did not intend to use the processors above (e.g. they were leaked by a dependency), you can use the <proc>none</proc> option to disable annotation processing.

For more information see https://gradle.com/help/maven-extension-compile-avoidance.
[INFO] Recompiling the module because of changed source code.
[INFO] Compiling 9 source files with javac [debug release 21] to target/classes
[INFO] 
[INFO] --- resources:3.3.1:testResources (default-testResources) @ aws ---
[INFO] skip non existing resourceDirectory /home/jenkins/agent/workspace/EI-11-Job-C/java-checks-test-sources/aws/src/test/resources
[INFO] 
[INFO] --- dependency:3.8.1:copy (download-jacoco-agent) @ aws ---
[INFO] Configured Artifact: org.jacoco:org.jacoco.agent:runtime:0.8.15:jar
[INFO] Configured Artifact: org.mockito:mockito-core:5.23.0:jar
[INFO] 
[INFO] --- compiler:3.13.0:testCompile (default-testCompile) @ aws ---
[WARNING] The following annotation processors were found on the classpath: 
[lombok.launch.AnnotationProcessorHider$AnnotationProcessor, lombok.launch.AnnotationProcessorHider$ClaimingProcessor], provided by /home/jenkins/.m2/repository/org/projectlombok/lombok/1.18.30/lombok-1.18.30.jar
Compile avoidance has been deactivated.
Please use the maven-compiler-plugin version 3.5 or above and use the <annotationProcessorPaths> configuration element to declare the processors instead.
If you did not intend to use the processors above (e.g. they were leaked by a dependency), you can use the <proc>none</proc> option to disable annotation processing.

For more information see https://gradle.com/help/maven-extension-compile-avoidance.
[INFO] No sources to compile
[INFO] 
[INFO] --- surefire:3.5.2:test (default-test) @ aws ---
[INFO] No tests to run.
[INFO] Skipped
[INFO] 
[INFO] --------------------< org.sonarsource.java:default >--------------------
[INFO] Building SonarQube Java :: Checks Test Sources :: Default 8.44.0-SNAPSHOT [4/27]
[INFO]   from java-checks-test-sources/default/pom.xml
[INFO] --------------------------------[ jar ]---------------------------------
[WARNING] 6 problems were encountered while building the effective model for org.openjfx:javafx-controls:jar:20 during dependency collection step for project (use -X to see details)
[WARNING] 1 problem was encountered while building the effective model for org.javassist:javassist:jar:3.20.0-GA during dependency collection step for project (use -X to see details)
[INFO] 
[INFO] --- buildnumber:3.2.1:create (default) @ default ---
[INFO] 
[INFO] --- enforcer:3.5.0:enforce (enforce) @ default ---
[INFO] Rule 0: org.apache.maven.enforcer.rules.property.RequireProperty passed
[INFO] Rule 1: org.apache.maven.enforcer.rules.property.RequireProperty passed
[INFO] Rule 2: org.apache.maven.enforcer.rules.property.RequireProperty passed
[INFO] Rule 3: org.apache.maven.enforcer.rules.property.RequireProperty passed
[INFO] Rule 4: org.apache.maven.enforcer.rules.property.RequireProperty passed
[INFO] Rule 5: org.apache.maven.enforcer.rules.property.RequireProperty passed
[INFO] Rule 8: org.apache.maven.enforcer.rules.RequirePluginVersions passed
[INFO] 
[INFO] --- license:4.6:check (enforce-license-headers) @ default ---
[INFO] Checking licenses...
[INFO] 
[INFO] --- dependency:3.8.1:build-classpath (build-classpath) @ default ---
[INFO] Wrote classpath file '/home/jenkins/agent/workspace/EI-11-Job-C/java-checks-test-sources/default/target/test-classpath.txt'.
[INFO] 
[INFO] --- bsh:1.4:run (compute-artifact-display-version) @ default ---
[INFO] Executing Script
[INFO] file class java.lang.Object
[INFO] script class java.lang.String
[INFO] evaluating script if (! "8.44.0-SNAPSHOT".endsWith("-SNAPSHOT")) { [+ 14 omitted line(s)]
[INFO] 
[INFO] --- resources:3.3.1:resources (default-resources) @ default ---
[INFO] skip non existing resourceDirectory /home/jenkins/agent/workspace/EI-11-Job-C/java-checks-test-sources/default/src/main/resources
[INFO] 
[INFO] --- compiler:3.13.0:compile (default-compile) @ default ---
[INFO] Recompiling the module because of changed source code.
[INFO] Compiling 1062 source files with javac [debug release 26] to target/classes
[WARNING] /home/jenkins/agent/workspace/EI-11-Job-C/java-checks-test-sources/default/src/main/java/checks/ArrayForVarArgCheckSample.java:[52,15] non-varargs call of varargs method with inexact argument type for last parameter;
  cast to java.lang.Object for a varargs call
  cast to java.lang.Object[] for a non-varargs call and to suppress this warning
[WARNING] /home/jenkins/agent/workspace/EI-11-Job-C/java-checks-test-sources/default/src/main/java/checks/ArrayForVarArgCheckSample.java:[53,15] non-varargs call of varargs method with inexact argument type for last parameter;
  cast to java.lang.Object for a varargs call
  cast to java.lang.Object[] for a non-varargs call and to suppress this warning
[WARNING] /home/jenkins/agent/workspace/EI-11-Job-C/java-checks-test-sources/default/src/main/java/checks/ArrayForVarArgCheckSample.java:[54,15] non-varargs call of varargs method with inexact argument type for last parameter;
  cast to java.lang.Object for a varargs call
  cast to java.lang.Object[] for a non-varargs call and to suppress this warning
[WARNING] /home/jenkins/agent/workspace/EI-11-Job-C/java-checks-test-sources/default/src/main/java/checks/ArrayForVarArgCheckSample.java:[55,15] non-varargs call of varargs method with inexact argument type for last parameter;
  cast to java.lang.Object for a varargs call
  cast to java.lang.Object[] for a non-varargs call and to suppress this warning
[WARNING] /home/jenkins/agent/workspace/EI-11-Job-C/java-checks-test-sources/default/src/main/java/checks/ConfusingVarargCheck.java:[15,14] non-varargs call of varargs method with inexact argument type for last parameter;
  cast to java.lang.String for a varargs call
  cast to java.lang.String[] for a non-varargs call and to suppress this warning
[WARNING] /home/jenkins/agent/workspace/EI-11-Job-C/java-checks-test-sources/default/src/main/java/checks/ConfusingVarargCheck.java:[21,12] non-varargs call of varargs method with inexact argument type for last parameter;
  cast to java.lang.Object for a varargs call
  cast to java.lang.Object[] for a non-varargs call and to suppress this warning
[WARNING] /home/jenkins/agent/workspace/EI-11-Job-C/java-checks-test-sources/default/src/main/java/checks/ConfusingVarargCheck.java:[23,12] non-varargs call of varargs method with inexact argument type for last parameter;
  cast to java.lang.Object for a varargs call
  cast to java.lang.Object[] for a non-varargs call and to suppress this warning
[WARNING] /home/jenkins/agent/workspace/EI-11-Job-C/java-checks-test-sources/default/src/main/java/checks/ConfusingVarargCheck.java:[28,12] non-varargs call of varargs method with inexact argument type for last parameter;
  cast to java.lang.Object for a varargs call
  cast to java.lang.Object[] for a non-varargs call and to suppress this warning
[WARNING] /home/jenkins/agent/workspace/EI-11-Job-C/java-checks-test-sources/default/src/main/java/checks/ConfusingVarargCheck.java:[79,65] non-varargs call of varargs method with inexact argument type for last parameter;
  cast to java.lang.Class<?> for a varargs call
  cast to java.lang.Class<?>[] for a non-varargs call and to suppress this warning
[WARNING] /home/jenkins/agent/workspace/EI-11-Job-C/java-checks-test-sources/default/src/main/java/checks/ConfusingVarargCheck.java:[80,25] non-varargs call of varargs method with inexact argument type for last parameter;
  cast to java.lang.Object for a varargs call
  cast to java.lang.Object[] for a non-varargs call and to suppress this warning
[WARNING] /home/jenkins/agent/workspace/EI-11-Job-C/java-checks-test-sources/default/src/main/java/checks/ConfusingVarargCheck.java:[82,65] non-varargs call of varargs method with inexact argument type for last parameter;
  cast to java.lang.Object for a varargs call
  cast to java.lang.Object[] for a non-varargs call and to suppress this warning
[WARNING] /home/jenkins/agent/workspace/EI-11-Job-C/java-checks-test-sources/default/src/main/java/checks/DisallowedThreadGroupCheck.java:[20,21] checkAccess() in java.lang.ThreadGroup has been deprecated and marked for removal
[WARNING] /home/jenkins/agent/workspace/EI-11-Job-C/java-checks-test-sources/default/src/main/java/checks/DisallowedThreadGroupCheck.java:[21,7] destroy() in java.lang.ThreadGroup has been deprecated and marked for removal
[WARNING] /home/jenkins/agent/workspace/EI-11-Job-C/java-checks-test-sources/default/src/main/java/checks/DisallowedThreadGroupCheck.java:[30,7] isDaemon() in java.lang.ThreadGroup has been deprecated and marked for removal
[WARNING] /home/jenkins/agent/workspace/EI-11-Job-C/java-checks-test-sources/default/src/main/java/checks/DisallowedThreadGroupCheck.java:[31,7] isDestroyed() in java.lang.ThreadGroup has been deprecated and marked for removal
[WARNING] /home/jenkins/agent/workspace/EI-11-Job-C/java-checks-test-sources/default/src/main/java/checks/DisallowedThreadGroupCheck.java:[32,7] setDaemon(boolean) in java.lang.ThreadGroup has been deprecated and marked for removal
[WARNING] /home/jenkins/agent/workspace/EI-11-Job-C/java-checks-test-sources/default/src/main/java/checks/FinalizeFieldsSetCheckSample.java:[10,20] finalize() in java.lang.Object has been deprecated and marked for removal
[WARNING] /home/jenkins/agent/workspace/EI-11-Job-C/java-checks-test-sources/default/src/main/java/checks/FinalizeFieldsSetCheckSample.java:[35,20] finalize() in java.lang.Object has been deprecated and marked for removal
[WARNING] /home/jenkins/agent/workspace/EI-11-Job-C/java-checks-test-sources/default/src/main/java/checks/FinalizeFieldsSetCheckSample.java:[55,21] finalize() in java.lang.Object has been deprecated and marked for removal
[WARNING] /home/jenkins/agent/workspace/EI-11-Job-C/java-checks-test-sources/default/src/main/java/checks/FinalizeFieldsSetCheckSample.java:[71,21] finalize() in java.lang.Object has been deprecated and marked for removal
[WARNING] /home/jenkins/agent/workspace/EI-11-Job-C/java-checks-test-sources/default/src/main/java/checks/FinalizerAttackCheckSample.java:[232,26] finalize() in java.lang.Object has been deprecated and marked for removal
[WARNING] /home/jenkins/agent/workspace/EI-11-Job-C/java-checks-test-sources/default/src/main/java/checks/FinalizerAttackCheckSample.java:[304,20] finalize() in java.lang.Object has been deprecated and marked for removal
[WARNING] /home/jenkins/agent/workspace/EI-11-Job-C/java-checks-test-sources/default/src/main/java/checks/FinalizerAttackCheckSample.java:[465,26] finalize() in java.lang.Object has been deprecated and marked for removal
[WARNING] /home/jenkins/agent/workspace/EI-11-Job-C/java-checks-test-sources/default/src/main/java/checks/FinalizerAttackCheckSample.java:[701,26] finalize() in java.lang.Object has been deprecated and marked for removal
[WARNING] /home/jenkins/agent/workspace/EI-11-Job-C/java-checks-test-sources/default/src/main/java/checks/FinalizerAttackCheckSample.java:[715,26] finalize() in java.lang.Object has been deprecated and marked for removal
[WARNING] /home/jenkins/agent/workspace/EI-11-Job-C/java-checks-test-sources/default/src/main/java/checks/GarbageCollectorCalledCheckSample.java:[24,11] runFinalization() in java.lang.System has been deprecated and marked for removal
[WARNING] /home/jenkins/agent/workspace/EI-11-Job-C/java-checks-test-sources/default/src/main/java/checks/GarbageCollectorCalledCheckSample.java:[29,25] runFinalization() in java.lang.Runtime has been deprecated and marked for removal
[WARNING] /home/jenkins/agent/workspace/EI-11-Job-C/java-checks-test-sources/default/src/main/java/checks/GarbageCollectorCalledCheckSample.java:[31,21] runFinalization() in java.lang.Runtime has been deprecated and marked for removal
[WARNING] /home/jenkins/agent/workspace/EI-11-Job-C/java-checks-test-sources/default/src/main/java/checks/GarbageCollectorCalledCheckSample.java:[33,10] runFinalization() in java.lang.Runtime has been deprecated and marked for removal
[WARNING] /home/jenkins/agent/workspace/EI-11-Job-C/java-checks-test-sources/default/src/main/java/checks/GarbageCollectorCalledCheckSample.java:[35,12] runFinalization() in java.lang.Runtime has been deprecated and marked for removal
[WARNING] /home/jenkins/agent/workspace/EI-11-Job-C/java-checks-test-sources/default/src/main/java/checks/MethodOnlyCallsSuperCheckSample.java:[284,29] as of release 17, all floating-point expressions are evaluated strictly and 'strictfp' is not required
[WARNING] /home/jenkins/agent/workspace/EI-11-Job-C/java-checks-test-sources/default/src/main/java/checks/MethodOnlyCallsSuperCheckSample.java:[284,29] as of release 17, all floating-point expressions are evaluated strictly and 'strictfp' is not required
[WARNING] /home/jenkins/agent/workspace/EI-11-Job-C/java-checks-test-sources/default/src/main/java/checks/MethodOnlyCallsSuperCheckSample.java:[284,29] as of release 17, all floating-point expressions are evaluated strictly and 'strictfp' is not required
[WARNING] /home/jenkins/agent/workspace/EI-11-Job-C/java-checks-test-sources/default/src/main/java/checks/MethodOnlyCallsSuperCheckSample.java:[284,29] as of release 17, all floating-point expressions are evaluated strictly and 'strictfp' is not required
[WARNING] /home/jenkins/agent/workspace/EI-11-Job-C/java-checks-test-sources/default/src/main/java/checks/MethodOnlyCallsSuperCheckSample.java:[284,29] as of release 17, all floating-point expressions are evaluated strictly and 'strictfp' is not required
[WARNING] /home/jenkins/agent/workspace/EI-11-Job-C/java-checks-test-sources/default/src/main/java/checks/MissingDeprecatedCheckSample.java:[22,15] deprecated item is not annotated with @Deprecated
[WARNING] /home/jenkins/agent/workspace/EI-11-Job-C/java-checks-test-sources/default/src/main/java/checks/MissingDeprecatedCheckSample.java:[131,15] deprecated item is not annotated with @Deprecated
[WARNING] /home/jenkins/agent/workspace/EI-11-Job-C/java-checks-test-sources/default/src/main/java/checks/MissingDeprecatedCheckSample.java:[126,1] deprecated item is not annotated with @Deprecated
[WARNING] /home/jenkins/agent/workspace/EI-11-Job-C/java-checks-test-sources/default/src/main/java/checks/MissingDeprecatedCheckSample.java:[144,15] deprecated item is not annotated with @Deprecated
[WARNING] /home/jenkins/agent/workspace/EI-11-Job-C/java-checks-test-sources/default/src/main/java/checks/ObjectFinalizeCheckSample.java:[9,20] finalize() in java.lang.Object has been deprecated and marked for removal
[WARNING] /home/jenkins/agent/workspace/EI-11-Job-C/java-checks-test-sources/default/src/main/java/checks/ObjectFinalizeCheckSample.java:[10,12] finalize() in java.lang.Object has been deprecated and marked for removal
[WARNING] /home/jenkins/agent/workspace/EI-11-Job-C/java-checks-test-sources/default/src/main/java/checks/ObjectFinalizeCheckSample.java:[26,10] finalize() in java.lang.Object has been deprecated and marked for removal
[WARNING] /home/jenkins/agent/workspace/EI-11-Job-C/java-checks-test-sources/default/src/main/java/checks/ObjectFinalizeCheckSample.java:[27,9] finalize() in java.lang.Object has been deprecated and marked for removal
[WARNING] /home/jenkins/agent/workspace/EI-11-Job-C/java-checks-test-sources/default/src/main/java/checks/ObjectFinalizeCheckSample.java:[28,5] finalize() in java.lang.Object has been deprecated and marked for removal
[WARNING] /home/jenkins/agent/workspace/EI-11-Job-C/java-checks-test-sources/default/src/main/java/checks/ObjectFinalizeOverriddenCallsSuperFinalizeCheckSample.java:[130,18] finalize() in java.lang.Object has been deprecated and marked for removal
[WARNING] /home/jenkins/agent/workspace/EI-11-Job-C/java-checks-test-sources/default/src/main/java/checks/ObjectFinalizeOverriddenCallsSuperFinalizeCheckSample.java:[140,18] finalize() in java.lang.Object has been deprecated and marked for removal
[WARNING] /home/jenkins/agent/workspace/EI-11-Job-C/java-checks-test-sources/default/src/main/java/checks/ObjectFinalizeOverriddenCallsSuperFinalizeCheckSample.java:[141,10] finalize() in java.lang.Object has been deprecated and marked for removal
[WARNING] /home/jenkins/agent/workspace/EI-11-Job-C/java-checks-test-sources/default/src/main/java/checks/ObjectFinalizeOverriddenCallsSuperFinalizeCheckSample.java:[150,14] finalize() in java.lang.Object has been deprecated and marked for removal
[WARNING] /home/jenkins/agent/workspace/EI-11-Job-C/java-checks-test-sources/default/src/main/java/checks/ObjectFinalizeOverriddenCheckSample.java:[24,20] finalize() in java.lang.Object has been deprecated and marked for removal
[WARNING] /home/jenkins/agent/workspace/EI-11-Job-C/java-checks-test-sources/default/src/main/java/checks/ObjectFinalizeOverriddenCheckSample.java:[35,26] finalize() in java.lang.Object has been deprecated and marked for removal
[WARNING] /home/jenkins/agent/workspace/EI-11-Job-C/java-checks-test-sources/default/src/main/java/checks/ObjectFinalizeOverriddenCheckSample.java:[44,26] finalize() in java.lang.Object has been deprecated and marked for removal
[WARNING] /home/jenkins/agent/workspace/EI-11-Job-C/java-checks-test-sources/default/src/main/java/checks/ObjectFinalizeOverriddenCheckSample.java:[52,20] finalize() in java.lang.Object has been deprecated and marked for removal
[WARNING] /home/jenkins/agent/workspace/EI-11-Job-C/java-checks-test-sources/default/src/main/java/checks/ObjectFinalizeOverriddenNotPublicCheckSample.java:[5,15] finalize() in java.lang.Object has been deprecated and marked for removal
[WARNING] /home/jenkins/agent/workspace/EI-11-Job-C/java-checks-test-sources/default/src/main/java/checks/ObjectFinalizeOverriddenNotPublicCheckSample.java:[13,18] finalize() in java.lang.Object has been deprecated and marked for removal
[WARNING] /home/jenkins/agent/workspace/EI-11-Job-C/java-checks-test-sources/default/src/main/java/checks/ObjectFinalizeOverriddenNotPublicCheckSample.java:[32,15] finalize() in java.lang.Object has been deprecated and marked for removal
[WARNING] /home/jenkins/agent/workspace/EI-11-Job-C/java-checks-test-sources/default/src/main/java/checks/OverrideAnnotationCheck_QuickFixes.java:[20,17] finalize() in java.lang.Object has been deprecated and marked for removal
[WARNING] /home/jenkins/agent/workspace/EI-11-Job-C/java-checks-test-sources/default/src/main/java/checks/OverrideAnnotationCheck_QuickFixes.java:[21,12] finalize() in java.lang.Object has been deprecated and marked for removal
[WARNING] /home/jenkins/agent/workspace/EI-11-Job-C/java-checks-test-sources/default/src/main/java/checks/SyncGetterAndSetterCheckSample.java:[43,5] attempt to synchronize on an instance of a value-based class
[WARNING] /home/jenkins/agent/workspace/EI-11-Job-C/java-checks-test-sources/default/src/main/java/checks/SynchronizationOnStringOrBoxedCheckSample.java:[25,5] attempt to synchronize on an instance of a value-based class
[WARNING] /home/jenkins/agent/workspace/EI-11-Job-C/java-checks-test-sources/default/src/main/java/checks/SynchronizationOnStringOrBoxedCheckSample.java:[29,5] attempt to synchronize on an instance of a value-based class
[WARNING] /home/jenkins/agent/workspace/EI-11-Job-C/java-checks-test-sources/default/src/main/java/checks/SynchronizationOnStringOrBoxedCheckSample.java:[35,5] attempt to synchronize on an instance of a value-based class
[WARNING] /home/jenkins/agent/workspace/EI-11-Job-C/java-checks-test-sources/default/src/main/java/checks/SynchronizationOnStringOrBoxedCheckSample.java:[38,5] attempt to synchronize on an instance of a value-based class
[WARNING] /home/jenkins/agent/workspace/EI-11-Job-C/java-checks-test-sources/default/src/main/java/checks/SynchronizationOnStringOrBoxedCheckSample.java:[41,5] attempt to synchronize on an instance of a value-based class
[WARNING] /home/jenkins/agent/workspace/EI-11-Job-C/java-checks-test-sources/default/src/main/java/checks/SynchronizationOnStringOrBoxedCheckSample.java:[44,5] attempt to synchronize on an instance of a value-based class
[WARNING] /home/jenkins/agent/workspace/EI-11-Job-C/java-checks-test-sources/default/src/main/java/checks/SynchronizationOnStringOrBoxedCheckSample.java:[47,5] attempt to synchronize on an instance of a value-based class
[WARNING] /home/jenkins/agent/workspace/EI-11-Job-C/java-checks-test-sources/default/src/main/java/checks/UnreachableCatchCheck.java:[17,7] unreachable catch clause
  thrown type checks.UnreachableCatchCheck.ExtendsCustomException has already been caught
[WARNING] /home/jenkins/agent/workspace/EI-11-Job-C/java-checks-test-sources/default/src/main/java/checks/UnreachableCatchCheck.java:[27,14] unreachable catch clause
  thrown type checks.UnreachableCatchCheck.ExtendsCustomException has already been caught
[WARNING] /home/jenkins/agent/workspace/EI-11-Job-C/java-checks-test-sources/default/src/main/java/checks/UnreachableCatchCheck.java:[41,14] unreachable catch clause
  thrown type checks.UnreachableCatchCheck.ExtendsExtendsCustomException has already been caught
[WARNING] /home/jenkins/agent/workspace/EI-11-Job-C/java-checks-test-sources/default/src/main/java/checks/UnreachableCatchCheck.java:[41,39] unreachable catch clause
  thrown type checks.UnreachableCatchCheck.ExtendsOtherExtendsCustomException has already been caught
[WARNING] /home/jenkins/agent/workspace/EI-11-Job-C/java-checks-test-sources/default/src/main/java/checks/UnreachableCatchCheck.java:[50,7] unreachable catch clause
  thrown type checks.UnreachableCatchCheck.ExtendsCustomException has already been caught
[WARNING] /home/jenkins/agent/workspace/EI-11-Job-C/java-checks-test-sources/default/src/main/java/checks/UnreachableCatchCheck.java:[66,7] unreachable catch clause
  thrown type checks.UnreachableCatchCheck.ExtendsExtendsCustomException has already been caught
[WARNING] /home/jenkins/agent/workspace/EI-11-Job-C/java-checks-test-sources/default/src/main/java/checks/UnreachableCatchCheck.java:[68,7] unreachable catch clause
  thrown type checks.UnreachableCatchCheck.ExtendsExtendsCustomException has already been caught
[WARNING] /home/jenkins/agent/workspace/EI-11-Job-C/java-checks-test-sources/default/src/main/java/checks/UnreachableCatchCheck.java:[78,7] unreachable catch clause
  thrown type checks.UnreachableCatchCheck.ExtendsCustomException has already been caught
[WARNING] /home/jenkins/agent/workspace/EI-11-Job-C/java-checks-test-sources/default/src/main/java/checks/UnreachableCatchCheck.java:[89,7] unreachable catch clause
  thrown type checks.UnreachableCatchCheck.ExtendsCustomException has already been caught
[WARNING] /home/jenkins/agent/workspace/EI-11-Job-C/java-checks-test-sources/default/src/main/java/checks/UnreachableCatchCheck.java:[99,7] unreachable catch clause
  thrown type checks.UnreachableCatchCheck.ExtendsExtendsCustomException has already been caught
[WARNING] /home/jenkins/agent/workspace/EI-11-Job-C/java-checks-test-sources/default/src/main/java/checks/UnreachableCatchCheck.java:[114,7] unreachable catch clause
  thrown type checks.UnreachableCatchCheck.ExtendsCustomException has already been caught
[WARNING] /home/jenkins/agent/workspace/EI-11-Job-C/java-checks-test-sources/default/src/main/java/checks/UnreachableCatchCheck.java:[209,7] unreachable catch clause
  thrown type checks.UnreachableCatchCheck.ExtendsCustomException has already been caught
[WARNING] /home/jenkins/agent/workspace/EI-11-Job-C/java-checks-test-sources/default/src/main/java/checks/UnreachableCatchCheck.java:[223,7] unreachable catch clause
  thrown type java.io.FileNotFoundException has already been caught
[INFO] /home/jenkins/agent/workspace/EI-11-Job-C/java-checks-test-sources/default/src/main/java/annotations/nullability/no_default/NullabilityAtVariableLevel.java: Some input files use or override a deprecated API.
[INFO] /home/jenkins/agent/workspace/EI-11-Job-C/java-checks-test-sources/default/src/main/java/annotations/nullability/no_default/NullabilityAtVariableLevel.java: Recompile with -Xlint:deprecation for details.
[INFO] /home/jenkins/agent/workspace/EI-11-Job-C/java-checks-test-sources/default/src/main/java/annotations/nullability/no_default/NullabilityWithGenerics.java: Some input files use unchecked or unsafe operations.
[INFO] /home/jenkins/agent/workspace/EI-11-Job-C/java-checks-test-sources/default/src/main/java/annotations/nullability/no_default/NullabilityWithGenerics.java: Recompile with -Xlint:unchecked for details.
[INFO] 
[INFO] --- resources:3.3.1:testResources (default-testResources) @ default ---
[INFO] skip non existing resourceDirectory /home/jenkins/agent/workspace/EI-11-Job-C/java-checks-test-sources/default/src/test/resources
[INFO] 
[INFO] --- dependency:3.8.1:copy (download-jacoco-agent) @ default ---
[INFO] Configured Artifact: org.jacoco:org.jacoco.agent:runtime:0.8.15:jar
[INFO] Configured Artifact: org.mockito:mockito-core:5.23.0:jar
[INFO] 
[INFO] --- compiler:3.13.0:testCompile (default-testCompile) @ default ---
[INFO] Recompiling the module because of changed dependency.
[INFO] Compiling 115 source files with javac [debug release 26] to target/test-classes
[WARNING] /home/jenkins/agent/workspace/EI-11-Job-C/java-checks-test-sources/default/src/test/java/checks/tests/AssertionTypesCheck_AssertJ.java:[138,35] non-varargs call of varargs method with inexact argument type for last parameter;
  cast to java.lang.Object for a varargs call
  cast to java.lang.Object[] for a non-varargs call and to suppress this warning
[INFO] /home/jenkins/agent/workspace/EI-11-Job-C/java-checks-test-sources/default/src/test/java/checks/tests/AssertJAssertionsInConsumerCheckSample.java: Some input files use or override a deprecated API.
[INFO] /home/jenkins/agent/workspace/EI-11-Job-C/java-checks-test-sources/default/src/test/java/checks/tests/AssertJAssertionsInConsumerCheckSample.java: Recompile with -Xlint:deprecation for details.
[INFO] /home/jenkins/agent/workspace/EI-11-Job-C/java-checks-test-sources/default/src/test/java/checks/tests/AssertJChainSimplificationCheckTest.java: Some input files use unchecked or unsafe operations.
[INFO] /home/jenkins/agent/workspace/EI-11-Job-C/java-checks-test-sources/default/src/test/java/checks/tests/AssertJChainSimplificationCheckTest.java: Recompile with -Xlint:unchecked for details.
[INFO] 
[INFO] --- surefire:3.5.2:test (default-test) @ default ---
[INFO] Skipped
[INFO] 
[INFO] --------------------< org.sonarsource.java:java-17 >--------------------
[INFO] Building SonarQube Java :: Checks Test Sources :: Java 17 8.44.0-SNAPSHOT [5/27]
[INFO]   from java-checks-test-sources/java-17/pom.xml
[INFO] --------------------------------[ jar ]---------------------------------
[INFO] 
[INFO] --- buildnumber:3.2.1:create (default) @ java-17 ---
[INFO] 
[INFO] --- enforcer:3.5.0:enforce (enforce) @ java-17 ---
[INFO] Rule 0: org.apache.maven.enforcer.rules.property.RequireProperty passed
[INFO] Rule 1: org.apache.maven.enforcer.rules.property.RequireProperty passed
[INFO] Rule 2: org.apache.maven.enforcer.rules.property.RequireProperty passed
[INFO] Rule 3: org.apache.maven.enforcer.rules.property.RequireProperty passed
[INFO] Rule 4: org.apache.maven.enforcer.rules.property.RequireProperty passed
[INFO] Rule 5: org.apache.maven.enforcer.rules.property.RequireProperty passed
[INFO] Rule 8: org.apache.maven.enforcer.rules.RequirePluginVersions passed
[INFO] 
[INFO] --- license:4.6:check (enforce-license-headers) @ java-17 ---
[INFO] Checking licenses...
[INFO] 
[INFO] --- dependency:3.8.1:build-classpath (build-classpath) @ java-17 ---
[INFO] Wrote classpath file '/home/jenkins/agent/workspace/EI-11-Job-C/java-checks-test-sources/java-17/target/test-classpath.txt'.
[INFO] 
[INFO] --- bsh:1.4:run (compute-artifact-display-version) @ java-17 ---
[INFO] Executing Script
[INFO] file class java.lang.Object
[INFO] script class java.lang.String
[INFO] evaluating script if (! "8.44.0-SNAPSHOT".endsWith("-SNAPSHOT")) { [+ 14 omitted line(s)]
[INFO] 
[INFO] --- resources:3.3.1:resources (default-resources) @ java-17 ---
[INFO] skip non existing resourceDirectory /home/jenkins/agent/workspace/EI-11-Job-C/java-checks-test-sources/java-17/src/main/resources
[INFO] 
[INFO] --- compiler:3.13.0:compile (default-compile) @ java-17 ---
[INFO] Recompiling the module because of changed source code.
[INFO] Compiling 1 source file with javac [debug release 17] to target/classes
[WARNING] /home/jenkins/agent/workspace/EI-11-Job-C/java-checks-test-sources/java-17/src/main/java/checks/DisallowedThreadGroupCheck.java:[5,7] allowThreadSuspension(boolean) in java.lang.ThreadGroup has been deprecated and marked for removal
[WARNING] /home/jenkins/agent/workspace/EI-11-Job-C/java-checks-test-sources/java-17/src/main/java/checks/DisallowedThreadGroupCheck.java:[6,7] resume() in java.lang.ThreadGroup has been deprecated and marked for removal
[WARNING] /home/jenkins/agent/workspace/EI-11-Job-C/java-checks-test-sources/java-17/src/main/java/checks/DisallowedThreadGroupCheck.java:[7,7] stop() in java.lang.ThreadGroup has been deprecated and marked for removal
[WARNING] /home/jenkins/agent/workspace/EI-11-Job-C/java-checks-test-sources/java-17/src/main/java/checks/DisallowedThreadGroupCheck.java:[8,7] suspend() in java.lang.ThreadGroup has been deprecated and marked for removal
[INFO] 
[INFO] --- resources:3.3.1:testResources (default-testResources) @ java-17 ---
[INFO] skip non existing resourceDirectory /home/jenkins/agent/workspace/EI-11-Job-C/java-checks-test-sources/java-17/src/test/resources
[INFO] 
[INFO] --- dependency:3.8.1:copy (download-jacoco-agent) @ java-17 ---
[INFO] Configured Artifact: org.jacoco:org.jacoco.agent:runtime:0.8.15:jar
[INFO] Configured Artifact: org.mockito:mockito-core:3.9.0:jar
[INFO] 
[INFO] --- compiler:3.13.0:testCompile (default-testCompile) @ java-17 ---
[INFO] Recompiling the module because of changed dependency.
[INFO] Compiling 1 source file with javac [debug release 17] to target/test-classes
[INFO] /home/jenkins/agent/workspace/EI-11-Job-C/java-checks-test-sources/java-17/src/test/java/checks/tests/MockitoAnnotatedObjectsShouldBeInitialized.java: /home/jenkins/agent/workspace/EI-11-Job-C/java-checks-test-sources/java-17/src/test/java/checks/tests/MockitoAnnotatedObjectsShouldBeInitialized.java uses or overrides a deprecated API.
[INFO] /home/jenkins/agent/workspace/EI-11-Job-C/java-checks-test-sources/java-17/src/test/java/checks/tests/MockitoAnnotatedObjectsShouldBeInitialized.java: Recompile with -Xlint:deprecation for details.
[INFO] 
[INFO] --- surefire:3.5.2:test (default-test) @ java-17 ---
[INFO] Skipped
[INFO] 
[INFO] ------------------< org.sonarsource.java:spring-3.2 >-------------------
[INFO] Building SonarQube Java :: Checks Test Sources :: Spring Boot 3.2 8.44.0-SNAPSHOT [6/27]
[INFO]   from java-checks-test-sources/spring-3.2/pom.xml
[INFO] --------------------------------[ jar ]---------------------------------
[INFO] 
[INFO] --- buildnumber:3.2.1:create (default) @ spring-3.2 ---
[INFO] 
[INFO] --- enforcer:3.5.0:enforce (enforce) @ spring-3.2 ---
[INFO] Rule 0: org.apache.maven.enforcer.rules.property.RequireProperty passed
[INFO] Rule 1: org.apache.maven.enforcer.rules.property.RequireProperty passed
[INFO] Rule 2: org.apache.maven.enforcer.rules.property.RequireProperty passed
[INFO] Rule 3: org.apache.maven.enforcer.rules.property.RequireProperty passed
[INFO] Rule 4: org.apache.maven.enforcer.rules.property.RequireProperty passed
[INFO] Rule 5: org.apache.maven.enforcer.rules.property.RequireProperty passed
[INFO] Rule 8: org.apache.maven.enforcer.rules.RequirePluginVersions passed
[INFO] 
[INFO] --- license:4.6:check (enforce-license-headers) @ spring-3.2 ---
[INFO] Checking licenses...
[INFO] 
[INFO] --- dependency:3.8.1:build-classpath (build-classpath) @ spring-3.2 ---
[INFO] Wrote classpath file '/home/jenkins/agent/workspace/EI-11-Job-C/java-checks-test-sources/spring-3.2/target/test-classpath.txt'.
[INFO] 
[INFO] --- bsh:1.4:run (compute-artifact-display-version) @ spring-3.2 ---
[INFO] Executing Script
[INFO] file class java.lang.Object
[INFO] script class java.lang.String
[INFO] evaluating script if (! "8.44.0-SNAPSHOT".endsWith("-SNAPSHOT")) { [+ 14 omitted line(s)]
[INFO] 
[INFO] --- resources:3.3.1:resources (default-resources) @ spring-3.2 ---
[INFO] skip non existing resourceDirectory /home/jenkins/agent/workspace/EI-11-Job-C/java-checks-test-sources/spring-3.2/src/main/resources
[INFO] 
[INFO] --- compiler:3.13.0:compile (default-compile) @ spring-3.2 ---
[INFO] Recompiling the module because of changed source code.
[INFO] Compiling 7 source files with javac [debug release 26] to target/classes
[WARNING] /home/jenkins/agent/workspace/EI-11-Job-C/java-checks-test-sources/spring-3.2/src/main/java/checks/WeakSSLContextCheckSample.java:[29,80] non-varargs call of varargs method with inexact argument type for last parameter;
  cast to java.lang.String for a varargs call
  cast to java.lang.String[] for a non-varargs call and to suppress this warning
[INFO] /home/jenkins/agent/workspace/EI-11-Job-C/java-checks-test-sources/spring-3.2/src/main/java/checks/CookieHttpOnlyCheckSample.java: /home/jenkins/agent/workspace/EI-11-Job-C/java-checks-test-sources/spring-3.2/src/main/java/checks/CookieHttpOnlyCheckSample.java uses or overrides a deprecated API.
[INFO] /home/jenkins/agent/workspace/EI-11-Job-C/java-checks-test-sources/spring-3.2/src/main/java/checks/CookieHttpOnlyCheckSample.java: Recompile with -Xlint:deprecation for details.
[INFO] /home/jenkins/agent/workspace/EI-11-Job-C/java-checks-test-sources/spring-3.2/src/main/java/checks/SQLInjectionCheckSample.java: /home/jenkins/agent/workspace/EI-11-Job-C/java-checks-test-sources/spring-3.2/src/main/java/checks/SQLInjectionCheckSample.java uses unchecked or unsafe operations.
[INFO] /home/jenkins/agent/workspace/EI-11-Job-C/java-checks-test-sources/spring-3.2/src/main/java/checks/SQLInjectionCheckSample.java: Recompile with -Xlint:unchecked for details.
[INFO] 
[INFO] --- resources:3.3.1:testResources (default-testResources) @ spring-3.2 ---
[INFO] skip non existing resourceDirectory /home/jenkins/agent/workspace/EI-11-Job-C/java-checks-test-sources/spring-3.2/src/test/resources
[INFO] 
[INFO] --- dependency:3.8.1:copy (download-jacoco-agent) @ spring-3.2 ---
[INFO] Configured Artifact: org.jacoco:org.jacoco.agent:runtime:0.8.15:jar
[INFO] Configured Artifact: org.mockito:mockito-core:5.23.0:jar
[INFO] 
[INFO] --- compiler:3.13.0:testCompile (default-testCompile) @ spring-3.2 ---
[INFO] No sources to compile
[INFO] 
[INFO] --- surefire:3.5.2:test (default-test) @ spring-3.2 ---
[INFO] No tests to run.
[INFO] Skipped
[INFO] 
[INFO] ----------------< org.sonarsource.java:spring-web-4.0 >-----------------
[INFO] Building SonarQube Java :: Checks Test Sources :: Spring Web 4.0 8.44.0-SNAPSHOT [7/27]
[INFO]   from java-checks-test-sources/spring-web-4.0/pom.xml
[INFO] --------------------------------[ jar ]---------------------------------
[INFO] 
[INFO] --- buildnumber:3.2.1:create (default) @ spring-web-4.0 ---
[INFO] 
[INFO] --- enforcer:3.5.0:enforce (enforce) @ spring-web-4.0 ---
[INFO] Rule 0: org.apache.maven.enforcer.rules.property.RequireProperty passed
[INFO] Rule 1: org.apache.maven.enforcer.rules.property.RequireProperty passed
[INFO] Rule 2: org.apache.maven.enforcer.rules.property.RequireProperty passed
[INFO] Rule 3: org.apache.maven.enforcer.rules.property.RequireProperty passed
[INFO] Rule 4: org.apache.maven.enforcer.rules.property.RequireProperty passed
[INFO] Rule 5: org.apache.maven.enforcer.rules.property.RequireProperty passed
[INFO] Rule 8: org.apache.maven.enforcer.rules.RequirePluginVersions passed
[INFO] 
[INFO] --- license:4.6:check (enforce-license-headers) @ spring-web-4.0 ---
[INFO] Checking licenses...
[INFO] 
[INFO] --- dependency:3.8.1:build-classpath (build-classpath) @ spring-web-4.0 ---
[INFO] Wrote classpath file '/home/jenkins/agent/workspace/EI-11-Job-C/java-checks-test-sources/spring-web-4.0/target/test-classpath.txt'.
[INFO] 
[INFO] --- bsh:1.4:run (compute-artifact-display-version) @ spring-web-4.0 ---
[INFO] Executing Script
[INFO] file class java.lang.Object
[INFO] script class java.lang.String
[INFO] evaluating script if (! "8.44.0-SNAPSHOT".endsWith("-SNAPSHOT")) { [+ 14 omitted line(s)]
[INFO] 
[INFO] --- resources:3.3.1:resources (default-resources) @ spring-web-4.0 ---
[INFO] skip non existing resourceDirectory /home/jenkins/agent/workspace/EI-11-Job-C/java-checks-test-sources/spring-web-4.0/src/main/resources
[INFO] 
[INFO] --- compiler:3.13.0:compile (default-compile) @ spring-web-4.0 ---
[INFO] Recompiling the module because of changed source code.
[INFO] Compiling 1 source file with javac [debug release 26] to target/classes
[INFO] 
[INFO] --- resources:3.3.1:testResources (default-testResources) @ spring-web-4.0 ---
[INFO] skip non existing resourceDirectory /home/jenkins/agent/workspace/EI-11-Job-C/java-checks-test-sources/spring-web-4.0/src/test/resources
[INFO] 
[INFO] --- dependency:3.8.1:copy (download-jacoco-agent) @ spring-web-4.0 ---
[INFO] Configured Artifact: org.jacoco:org.jacoco.agent:runtime:0.8.15:jar
[INFO] Configured Artifact: org.mockito:mockito-core:5.23.0:jar
[INFO] 
[INFO] --- compiler:3.13.0:testCompile (default-testCompile) @ spring-web-4.0 ---
[INFO] No sources to compile
[INFO] 
[INFO] --- surefire:3.5.2:test (default-test) @ spring-web-4.0 ---
[INFO] No tests to run.
[INFO] Skipped
[INFO] 
[INFO] ---------------< org.sonarsource.java:quarkus-arc-3.15 >----------------
[INFO] Building SonarQube Java :: Checks Test Sources :: Quarkus ArC 3.15 8.44.0-SNAPSHOT [8/27]
[INFO]   from java-checks-test-sources/quarkus-arc-3.15/pom.xml
[INFO] --------------------------------[ jar ]---------------------------------
[INFO] 
[INFO] --- buildnumber:3.2.1:create (default) @ quarkus-arc-3.15 ---
[INFO] 
[INFO] --- enforcer:3.5.0:enforce (enforce) @ quarkus-arc-3.15 ---
[INFO] Rule 0: org.apache.maven.enforcer.rules.property.RequireProperty passed
[INFO] Rule 1: org.apache.maven.enforcer.rules.property.RequireProperty passed
[INFO] Rule 2: org.apache.maven.enforcer.rules.property.RequireProperty passed
[INFO] Rule 3: org.apache.maven.enforcer.rules.property.RequireProperty passed
[INFO] Rule 4: org.apache.maven.enforcer.rules.property.RequireProperty passed
[INFO] Rule 5: org.apache.maven.enforcer.rules.property.RequireProperty passed
[INFO] Rule 8: org.apache.maven.enforcer.rules.RequirePluginVersions passed
[INFO] 
[INFO] --- license:4.6:check (enforce-license-headers) @ quarkus-arc-3.15 ---
[INFO] Checking licenses...
[INFO] 
[INFO] --- dependency:3.8.1:build-classpath (build-classpath) @ quarkus-arc-3.15 ---
[INFO] Wrote classpath file '/home/jenkins/agent/workspace/EI-11-Job-C/java-checks-test-sources/quarkus-arc-3.15/target/test-classpath.txt'.
[INFO] 
[INFO] --- bsh:1.4:run (compute-artifact-display-version) @ quarkus-arc-3.15 ---
[INFO] Executing Script
[INFO] file class java.lang.Object
[INFO] script class java.lang.String
[INFO] evaluating script if (! "8.44.0-SNAPSHOT".endsWith("-SNAPSHOT")) { [+ 14 omitted line(s)]
[INFO] 
[INFO] --- resources:3.3.1:resources (default-resources) @ quarkus-arc-3.15 ---
[INFO] skip non existing resourceDirectory /home/jenkins/agent/workspace/EI-11-Job-C/java-checks-test-sources/quarkus-arc-3.15/src/main/resources
[INFO] 
[INFO] --- compiler:3.13.0:compile (default-compile) @ quarkus-arc-3.15 ---
[INFO] Recompiling the module because of changed source code.
[INFO] Compiling 1 source file with javac [debug release 17] to target/classes
[INFO] 
[INFO] --- resources:3.3.1:testResources (default-testResources) @ quarkus-arc-3.15 ---
[INFO] skip non existing resourceDirectory /home/jenkins/agent/workspace/EI-11-Job-C/java-checks-test-sources/quarkus-arc-3.15/src/test/resources
[INFO] 
[INFO] --- dependency:3.8.1:copy (download-jacoco-agent) @ quarkus-arc-3.15 ---
[INFO] Configured Artifact: org.jacoco:org.jacoco.agent:runtime:0.8.15:jar
[INFO] Configured Artifact: org.mockito:mockito-core:5.23.0:jar
[INFO] 
[INFO] --- compiler:3.13.0:testCompile (default-testCompile) @ quarkus-arc-3.15 ---
[INFO] No sources to compile
[INFO] 
[INFO] --- surefire:3.5.2:test (default-test) @ quarkus-arc-3.15 ---
[INFO] No tests to run.
[INFO] Skipped
[INFO] 
[INFO] -------------< org.sonarsource.java:test-classpath-reader >-------------
[INFO] Building SonarQube Java :: Checks Test Sources :: Test Classpath Reader 8.44.0-SNAPSHOT [9/27]
[INFO]   from java-checks-test-sources/test-classpath-reader/pom.xml
[INFO] --------------------------------[ jar ]---------------------------------
[INFO] 
[INFO] --- buildnumber:3.2.1:create (default) @ test-classpath-reader ---
[INFO] 
[INFO] --- enforcer:3.5.0:enforce (enforce) @ test-classpath-reader ---
[INFO] Rule 0: org.apache.maven.enforcer.rules.property.RequireProperty passed
[INFO] Rule 1: org.apache.maven.enforcer.rules.property.RequireProperty passed
[INFO] Rule 2: org.apache.maven.enforcer.rules.property.RequireProperty passed
[INFO] Rule 3: org.apache.maven.enforcer.rules.property.RequireProperty passed
[INFO] Rule 4: org.apache.maven.enforcer.rules.property.RequireProperty passed
[INFO] Rule 5: org.apache.maven.enforcer.rules.property.RequireProperty passed
[INFO] Rule 8: org.apache.maven.enforcer.rules.RequirePluginVersions passed
[INFO] 
[INFO] --- license:4.6:check (enforce-license-headers) @ test-classpath-reader ---
[INFO] Checking licenses...
[INFO] 
[INFO] --- dependency:3.8.1:build-classpath (build-classpath) @ test-classpath-reader ---
[INFO] Wrote classpath file '/home/jenkins/agent/workspace/EI-11-Job-C/java-checks-test-sources/test-classpath-reader/target/test-classpath.txt'.
[INFO] 
[INFO] --- bsh:1.4:run (compute-artifact-display-version) @ test-classpath-reader ---
[INFO] Executing Script
[INFO] file class java.lang.Object
[INFO] script class java.lang.String
[INFO] evaluating script if (! "8.44.0-SNAPSHOT".endsWith("-SNAPSHOT")) { [+ 14 omitted line(s)]
[INFO] 
[INFO] --- resources:3.3.1:resources (default-resources) @ test-classpath-reader ---
[INFO] skip non existing resourceDirectory /home/jenkins/agent/workspace/EI-11-Job-C/java-checks-test-sources/test-classpath-reader/src/main/resources
[INFO] 
[INFO] --- compiler:3.13.0:compile (default-compile) @ test-classpath-reader ---
[INFO] Recompiling the module because of changed source code.
[INFO] Compiling 2 source files with javac [debug release 17] to target/classes
[INFO] 
[INFO] --- resources:3.3.1:testResources (default-testResources) @ test-classpath-reader ---
[INFO] Copying 2 resources from src/test/resources to target/test-classes
[INFO] 
[INFO] --- dependency:3.8.1:copy (download-jacoco-agent) @ test-classpath-reader ---
[INFO] Configured Artifact: org.jacoco:org.jacoco.agent:runtime:0.8.15:jar
[INFO] Configured Artifact: org.mockito:mockito-core:5.23.0:jar
[INFO] 
[INFO] --- compiler:3.13.0:testCompile (default-testCompile) @ test-classpath-reader ---
[INFO] Recompiling the module because of changed dependency.
[INFO] Compiling 1 source file with javac [debug release 17] to target/test-classes
[INFO] 
[INFO] --- surefire:3.5.2:test (default-test) @ test-classpath-reader ---
[INFO] Using auto detected provider org.apache.maven.surefire.junitplatform.JUnitPlatformProvider
[INFO] Using auto detected provider org.apache.maven.surefire.junitplatform.JUnitPlatformProvider
[INFO] Using auto detected provider org.apache.maven.surefire.junitplatform.JUnitPlatformProvider
[INFO] 
[INFO] -------------------------------------------------------
[INFO]  T E S T S
[INFO] -------------------------------------------------------
Picked up JAVA_TOOL_OPTIONS: -Xmx1024m
[INFO] Running org.sonar.java.test.classpath.TestClasspathUtilsTest
[INFO] Tests run: 16, Failures: 0, Errors: 0, Skipped: 0, Time elapsed: 0.134 s -- in org.sonar.java.test.classpath.TestClasspathUtilsTest
[INFO] 
[INFO] Results:
[INFO] 
[INFO] Tests run: 16, Failures: 0, Errors: 0, Skipped: 0
[INFO] 
[INFO] 
[INFO] -----------------< org.sonarsource.java:java-frontend >-----------------
[INFO] Building SonarQube Java :: Front-end 8.44.0-SNAPSHOT             [10/27]
[INFO]   from java-frontend/pom.xml
[INFO] --------------------------------[ jar ]---------------------------------
[INFO] 
[INFO] --- buildnumber:3.2.1:create (default) @ java-frontend ---
[INFO] 
[INFO] --- enforcer:3.5.0:enforce (enforce) @ java-frontend ---
[INFO] Rule 0: org.apache.maven.enforcer.rules.property.RequireProperty passed
[INFO] Rule 1: org.apache.maven.enforcer.rules.property.RequireProperty passed
[INFO] Rule 2: org.apache.maven.enforcer.rules.property.RequireProperty passed
[INFO] Rule 3: org.apache.maven.enforcer.rules.property.RequireProperty passed
[INFO] Rule 4: org.apache.maven.enforcer.rules.property.RequireProperty passed
[INFO] Rule 5: org.apache.maven.enforcer.rules.property.RequireProperty passed
[INFO] Rule 8: org.apache.maven.enforcer.rules.RequirePluginVersions passed
[INFO] 
[INFO] --- license:4.6:check (enforce-license-headers) @ java-frontend ---
[INFO] Checking licenses...
[INFO] 
[INFO] --- bsh:1.4:run (compute-artifact-display-version) @ java-frontend ---
[INFO] Executing Script
[INFO] file class java.lang.Object
[INFO] script class java.lang.String
[INFO] evaluating script if (! "8.44.0-SNAPSHOT".endsWith("-SNAPSHOT")) { [+ 14 omitted line(s)]
[INFO] 
[INFO] --- resources:3.3.1:resources (default-resources) @ java-frontend ---
[INFO] skip non existing resourceDirectory /home/jenkins/agent/workspace/EI-11-Job-C/java-frontend/src/main/resources
[INFO] 
[INFO] --- compiler:3.13.0:compile (default-compile) @ java-frontend ---
[INFO] Recompiling the module because of changed source code.
[INFO] Compiling 360 source files with javac [debug release 21] to target/classes
[WARNING] /home/jenkins/agent/workspace/EI-11-Job-C/java-frontend/src/main/java/org/sonar/java/model/InternalSyntaxToken.java:[91,14] column() in org.sonar.plugins.java.api.tree.SyntaxToken has been deprecated and marked for removal
[WARNING] /home/jenkins/agent/workspace/EI-11-Job-C/java-frontend/src/main/java/org/sonar/java/model/InternalSyntaxToken.java:[86,14] line() in org.sonar.plugins.java.api.tree.SyntaxToken has been deprecated and marked for removal
[WARNING] /home/jenkins/agent/workspace/EI-11-Job-C/java-frontend/src/main/java/org/sonar/java/model/InternalSyntaxTrivia.java:[122,14] column() in org.sonar.plugins.java.api.tree.SyntaxTrivia has been deprecated and marked for removal
[WARNING] /home/jenkins/agent/workspace/EI-11-Job-C/java-frontend/src/main/java/org/sonar/java/model/InternalSyntaxTrivia.java:[92,14] startLine() in org.sonar.plugins.java.api.tree.SyntaxTrivia has been deprecated and marked for removal
[WARNING] /home/jenkins/agent/workspace/EI-11-Job-C/java-frontend/src/main/java/org/sonar/java/model/expression/NewClassTreeImpl.java:[161,17] constructorSymbol() in org.sonar.plugins.java.api.tree.NewClassTree has been deprecated and marked for removal
[WARNING] /home/jenkins/agent/workspace/EI-11-Job-C/java-frontend/src/main/java/org/sonar/java/model/expression/MethodInvocationTreeImpl.java:[88,17] symbol() in org.sonar.plugins.java.api.tree.MethodInvocationTree has been deprecated and marked for removal
[WARNING] /home/jenkins/agent/workspace/EI-11-Job-C/java-frontend/src/main/java/org/sonar/java/model/expression/InstanceOfTreeImpl.java:[89,23] variable() in org.sonar.plugins.java.api.tree.PatternInstanceOfTree has been deprecated and marked for removal
[INFO] /home/jenkins/agent/workspace/EI-11-Job-C/java-frontend/src/main/java/org/sonar/java/AnalysisWarningsWrapper.java: Some input files use or override a deprecated API.
[INFO] /home/jenkins/agent/workspace/EI-11-Job-C/java-frontend/src/main/java/org/sonar/java/AnalysisWarningsWrapper.java: Recompile with -Xlint:deprecation for details.
[INFO] /home/jenkins/agent/workspace/EI-11-Job-C/java-frontend/src/main/java/org/sonar/java/SonarComponents.java: Some input files use unchecked or unsafe operations.
[INFO] /home/jenkins/agent/workspace/EI-11-Job-C/java-frontend/src/main/java/org/sonar/java/SonarComponents.java: Recompile with -Xlint:unchecked for details.
[INFO] 
[INFO] --- dependency:3.8.1:unpack (unpack-test-projects) @ java-frontend ---
[INFO] Configured Artifact: commons-collections:commons-collections:sources:3.2.1:jar
[INFO] Configured Artifact: commons-collections:commons-collections:3.2.1:jar
[INFO] Configured Artifact: org.apache.struts:struts-core:sources:1.3.9:jar
[INFO] Configured Artifact: org.apache.struts:struts-core:1.3.9:jar
[INFO] 
[INFO] --- resources:3.3.1:testResources (default-testResources) @ java-frontend ---
[INFO] Copying 9 resources from src/test/resources to target/test-classes
[INFO] 
[INFO] --- dependency:3.8.1:copy (download-jacoco-agent) @ java-frontend ---
[INFO] Configured Artifact: org.jacoco:org.jacoco.agent:runtime:0.8.15:jar
[INFO] Configured Artifact: org.mockito:mockito-core:5.23.0:jar
[INFO] 
[INFO] --- compiler:3.13.0:testCompile (default-testCompile) @ java-frontend ---
[INFO] Recompiling the module because of changed dependency.
[INFO] Compiling 149 source files with javac [debug release 21] to target/test-classes
[WARNING] /home/jenkins/agent/workspace/EI-11-Job-C/java-frontend/src/test/java/org/sonar/java/model/InternalSyntaxTokenTest.java:[31,21] line() in org.sonar.plugins.java.api.tree.SyntaxToken has been deprecated and marked for removal
[WARNING] /home/jenkins/agent/workspace/EI-11-Job-C/java-frontend/src/test/java/org/sonar/java/model/InternalSyntaxTokenTest.java:[32,21] column() in org.sonar.plugins.java.api.tree.SyntaxToken has been deprecated and marked for removal
[WARNING] /home/jenkins/agent/workspace/EI-11-Job-C/java-frontend/src/test/java/org/sonar/java/model/InternalSyntaxTokenTest.java:[36,21] line() in org.sonar.plugins.java.api.tree.SyntaxToken has been deprecated and marked for removal
[WARNING] /home/jenkins/agent/workspace/EI-11-Job-C/java-frontend/src/test/java/org/sonar/java/model/InternalSyntaxTokenTest.java:[37,21] column() in org.sonar.plugins.java.api.tree.SyntaxToken has been deprecated and marked for removal
[WARNING] /home/jenkins/agent/workspace/EI-11-Job-C/java-frontend/src/test/java/org/sonar/java/model/InternalSyntaxTriviaTest.java:[38,22] startLine() in org.sonar.plugins.java.api.tree.SyntaxTrivia has been deprecated and marked for removal
[WARNING] /home/jenkins/agent/workspace/EI-11-Job-C/java-frontend/src/test/java/org/sonar/java/model/InternalSyntaxTriviaTest.java:[39,22] column() in org.sonar.plugins.java.api.tree.SyntaxTrivia has been deprecated and marked for removal
[WARNING] /home/jenkins/agent/workspace/EI-11-Job-C/java-frontend/src/test/java/org/sonar/java/model/InternalSyntaxTriviaTest.java:[56,22] startLine() in org.sonar.plugins.java.api.tree.SyntaxTrivia has been deprecated and marked for removal
[WARNING] /home/jenkins/agent/workspace/EI-11-Job-C/java-frontend/src/test/java/org/sonar/java/model/InternalSyntaxTriviaTest.java:[57,22] column() in org.sonar.plugins.java.api.tree.SyntaxTrivia has been deprecated and marked for removal
[WARNING] /home/jenkins/agent/workspace/EI-11-Job-C/java-frontend/src/test/java/org/sonar/java/model/InternalSyntaxTriviaTest.java:[70,22] startLine() in org.sonar.plugins.java.api.tree.SyntaxTrivia has been deprecated and marked for removal
[WARNING] /home/jenkins/agent/workspace/EI-11-Job-C/java-frontend/src/test/java/org/sonar/java/model/InternalSyntaxTriviaTest.java:[71,22] column() in org.sonar.plugins.java.api.tree.SyntaxTrivia has been deprecated and marked for removal
[WARNING] /home/jenkins/agent/workspace/EI-11-Job-C/java-frontend/src/test/java/org/sonar/java/model/InternalSyntaxTriviaTest.java:[84,22] startLine() in org.sonar.plugins.java.api.tree.SyntaxTrivia has been deprecated and marked for removal
[WARNING] /home/jenkins/agent/workspace/EI-11-Job-C/java-frontend/src/test/java/org/sonar/java/model/InternalSyntaxTriviaTest.java:[85,22] column() in org.sonar.plugins.java.api.tree.SyntaxTrivia has been deprecated and marked for removal
[WARNING] /home/jenkins/agent/workspace/EI-11-Job-C/java-frontend/src/test/java/org/sonar/java/model/JParserSemanticTest.java:[609,46] variable() in org.sonar.plugins.java.api.tree.PatternInstanceOfTree has been deprecated and marked for removal
[WARNING] /home/jenkins/agent/workspace/EI-11-Job-C/java-frontend/src/test/java/org/sonar/java/model/expression/InstanceOfTreeImplTest.java:[63,20] variable() in org.sonar.plugins.java.api.tree.PatternInstanceOfTree has been deprecated and marked for removal
[WARNING] /home/jenkins/agent/workspace/EI-11-Job-C/java-frontend/src/test/java/org/sonar/java/model/expression/InstanceOfTreeImplTest.java:[100,33] variable() in org.sonar.plugins.java.api.tree.PatternInstanceOfTree has been deprecated and marked for removal
[WARNING] /home/jenkins/agent/workspace/EI-11-Job-C/java-frontend/src/test/java/org/sonar/plugins/java/api/CheckRegistrarTest.java:[81,32] repositoryKey() in org.sonar.plugins.java.api.CheckRegistrar.RegistrarContext has been deprecated and marked for removal
[WARNING] /home/jenkins/agent/workspace/EI-11-Job-C/java-frontend/src/test/java/org/sonar/plugins/java/api/CheckRegistrarTest.java:[82,32] checkClasses() in org.sonar.plugins.java.api.CheckRegistrar.RegistrarContext has been deprecated and marked for removal
[WARNING] /home/jenkins/agent/workspace/EI-11-Job-C/java-frontend/src/test/java/org/sonar/plugins/java/api/CheckRegistrarTest.java:[83,32] testCheckClasses() in org.sonar.plugins.java.api.CheckRegistrar.RegistrarContext has been deprecated and marked for removal
[INFO] /home/jenkins/agent/workspace/EI-11-Job-C/java-frontend/src/test/java/org/sonar/java/BatchGeneratorTest.java: Some input files use or override a deprecated API.
[INFO] /home/jenkins/agent/workspace/EI-11-Job-C/java-frontend/src/test/java/org/sonar/java/BatchGeneratorTest.java: Recompile with -Xlint:deprecation for details.
[INFO] /home/jenkins/agent/workspace/EI-11-Job-C/java-frontend/src/test/java/org/sonar/java/SonarComponentsTest.java: Some input files use unchecked or unsafe operations.
[INFO] /home/jenkins/agent/workspace/EI-11-Job-C/java-frontend/src/test/java/org/sonar/java/SonarComponentsTest.java: Recompile with -Xlint:unchecked for details.
[INFO] 
[INFO] --- surefire:3.5.2:test (default-test) @ java-frontend ---
[INFO] Using auto detected provider org.apache.maven.surefire.junitplatform.JUnitPlatformProvider
[INFO] Using auto detected provider org.apache.maven.surefire.junitplatform.JUnitPlatformProvider
[INFO] Using auto detected provider org.apache.maven.surefire.junitplatform.JUnitPlatformProvider
[INFO] 
[INFO] -------------------------------------------------------
[INFO]  T E S T S
[INFO] -------------------------------------------------------
Picked up JAVA_TOOL_OPTIONS: -Xmx1024m
[INFO] Running org.eclipse.jdt.core.dom.ASTUtilsTest
[INFO] Tests run: 1, Failures: 0, Errors: 0, Skipped: 0, Time elapsed: 0.118 s -- in org.eclipse.jdt.core.dom.ASTUtilsTest
[INFO] Running org.sonar.java.AnalysisWarningsWrapperTest
OpenJDK 64-Bit Server VM warning: Sharing is only supported for boot loader classes because bootstrap classpath has been appended
[INFO] Tests run: 1, Failures: 0, Errors: 0, Skipped: 0, Time elapsed: 0.282 s -- in org.sonar.java.AnalysisWarningsWrapperTest
[INFO] Running org.sonar.java.BatchGeneratorTest
[INFO] Tests run: 4, Failures: 0, Errors: 0, Skipped: 0, Time elapsed: 0.094 s -- in org.sonar.java.BatchGeneratorTest
[INFO] Running org.sonar.java.CommonsCollectionsTest
[INFO] Tests run: 1, Failures: 0, Errors: 0, Skipped: 0, Time elapsed: 2.524 s -- in org.sonar.java.CommonsCollectionsTest
[INFO] Running org.sonar.java.DefaultJavaResourceLocatorTest
[INFO] Tests run: 7, Failures: 0, Errors: 0, Skipped: 0, Time elapsed: 0.069 s -- in org.sonar.java.DefaultJavaResourceLocatorTest
[INFO] Running org.sonar.java.DefaultModuleMetadataTest
[INFO] Tests run: 4, Failures: 0, Errors: 0, Skipped: 0, Time elapsed: 0.060 s -- in org.sonar.java.DefaultModuleMetadataTest
[INFO] Running org.sonar.java.ExecutionTimeReportTest
[INFO] Tests run: 8, Failures: 0, Errors: 0, Skipped: 0, Time elapsed: 0.080 s -- in org.sonar.java.ExecutionTimeReportTest
[INFO] Running org.sonar.java.JavaConstantsTest
[INFO] Tests run: 1, Failures: 0, Errors: 0, Skipped: 0, Time elapsed: 0.001 s -- in org.sonar.java.JavaConstantsTest
[INFO] Running org.sonar.java.JavaFilesCacheTest
[INFO] Tests run: 2, Failures: 0, Errors: 0, Skipped: 0, Time elapsed: 0.019 s -- in org.sonar.java.JavaFilesCacheTest
[INFO] Running org.sonar.java.JavaFrontendTest
[WARNING] Tests run: 46, Failures: 0, Errors: 0, Skipped: 1, Time elapsed: 0.419 s -- in org.sonar.java.JavaFrontendTest
[INFO] Running org.sonar.java.JavaVersionAwareVisitorTest
[INFO] Tests run: 4, Failures: 0, Errors: 0, Skipped: 0, Time elapsed: 0.016 s -- in org.sonar.java.JavaVersionAwareVisitorTest
[INFO] Running org.sonar.java.MeasurerTest
[INFO] Tests run: 10, Failures: 0, Errors: 0, Skipped: 0, Time elapsed: 0.073 s -- in org.sonar.java.MeasurerTest
[INFO] Running org.sonar.java.ProgressMonitorTest
[INFO] Tests run: 13, Failures: 0, Errors: 0, Skipped: 0, Time elapsed: 5.423 s -- in org.sonar.java.ProgressMonitorTest
[INFO] Running org.sonar.java.SonarComponentsTest
[INFO] Running org.sonar.java.SonarComponentsTest$Logging
[INFO] Tests run: 73, Failures: 0, Errors: 0, Skipped: 0, Time elapsed: 0.025 s -- in org.sonar.java.SonarComponentsTest$Logging
[INFO] Tests run: 0, Failures: 0, Errors: 0, Skipped: 0, Time elapsed: 0.361 s -- in org.sonar.java.SonarComponentsTest
[INFO] Running org.sonar.java.StrutsTest
[INFO] Tests run: 1, Failures: 0, Errors: 0, Skipped: 0, Time elapsed: 0.622 s -- in org.sonar.java.StrutsTest
[INFO] Running org.sonar.java.TestUtilsTest
[INFO] Tests run: 1, Failures: 0, Errors: 0, Skipped: 0, Time elapsed: 0.003 s -- in org.sonar.java.TestUtilsTest
[INFO] Running org.sonar.java.ast.JavaAstScannerTest
[INFO] Tests run: 36, Failures: 0, Errors: 0, Skipped: 0, Time elapsed: 0.276 s -- in org.sonar.java.ast.JavaAstScannerTest
[INFO] Running org.sonar.java.ast.api.JavaKeywordTest
[INFO] Tests run: 1, Failures: 0, Errors: 0, Skipped: 0, Time elapsed: 0.003 s -- in org.sonar.java.ast.api.JavaKeywordTest
[INFO] Running org.sonar.java.ast.api.JavaPunctuatorTest
[INFO] Tests run: 1, Failures: 0, Errors: 0, Skipped: 0, Time elapsed: 0.001 s -- in org.sonar.java.ast.api.JavaPunctuatorTest
[INFO] Running org.sonar.java.ast.api.JavaRestrictedKeywordTest
[INFO] Tests run: 1, Failures: 0, Errors: 0, Skipped: 0, Time elapsed: 0 s -- in org.sonar.java.ast.api.JavaRestrictedKeywordTest
[INFO] Running org.sonar.java.ast.visitors.AccessorsUtilsTest
[INFO] Tests run: 15, Failures: 0, Errors: 0, Skipped: 0, Time elapsed: 0.041 s -- in org.sonar.java.ast.visitors.AccessorsUtilsTest
[INFO] Running org.sonar.java.ast.visitors.ComplexityVisitorTest
[INFO] Tests run: 3, Failures: 0, Errors: 0, Skipped: 0, Time elapsed: 0.006 s -- in org.sonar.java.ast.visitors.ComplexityVisitorTest
[INFO] Running org.sonar.java.ast.visitors.FileLinesVisitorTest
[INFO] Tests run: 2, Failures: 0, Errors: 0, Skipped: 0, Time elapsed: 0.015 s -- in org.sonar.java.ast.visitors.FileLinesVisitorTest
[INFO] Running org.sonar.java.ast.visitors.Java25FeaturesTelemetryVisitorTest
[INFO] Tests run: 2, Failures: 0, Errors: 0, Skipped: 0, Time elapsed: 0.032 s -- in org.sonar.java.ast.visitors.Java25FeaturesTelemetryVisitorTest
[INFO] Running org.sonar.java.ast.visitors.MethodNestingLevelVisitorTest
[INFO] Tests run: 9, Failures: 0, Errors: 0, Skipped: 0, Time elapsed: 0.024 s -- in org.sonar.java.ast.visitors.MethodNestingLevelVisitorTest
[INFO] Running org.sonar.java.ast.visitors.NumberOfDefinedVariablesVisitorTest
[INFO] Tests run: 3, Failures: 0, Errors: 0, Skipped: 0, Time elapsed: 0.005 s -- in org.sonar.java.ast.visitors.NumberOfDefinedVariablesVisitorTest
[INFO] Running org.sonar.java.ast.visitors.PublicApiCheckerTest
[INFO] Running org.sonar.java.ast.visitors.PublicApiCheckerTest$SpecialCases
[INFO] Tests run: 20, Failures: 0, Errors: 0, Skipped: 0, Time elapsed: 0.022 s -- in org.sonar.java.ast.visitors.PublicApiCheckerTest$SpecialCases
[INFO] Tests run: 0, Failures: 0, Errors: 0, Skipped: 0, Time elapsed: 0.042 s -- in org.sonar.java.ast.visitors.PublicApiCheckerTest
[INFO] Running org.sonar.java.ast.visitors.SonarSymbolTableVisitorTest
[INFO] Tests run: 1, Failures: 0, Errors: 0, Skipped: 0, Time elapsed: 0.014 s -- in org.sonar.java.ast.visitors.SonarSymbolTableVisitorTest
[INFO] Running org.sonar.java.ast.visitors.SyntaxHighlighterVisitorTest
[INFO] Tests run: 12, Failures: 0, Errors: 0, Skipped: 0, Time elapsed: 0.069 s -- in org.sonar.java.ast.visitors.SyntaxHighlighterVisitorTest
[INFO] Running org.sonar.java.caching.CacheContextImplTest
[INFO] Tests run: 12, Failures: 0, Errors: 0, Skipped: 0, Time elapsed: 0.006 s -- in org.sonar.java.caching.CacheContextImplTest
[INFO] Running org.sonar.java.caching.ContentHashCacheTest
[INFO] Tests run: 13, Failures: 0, Errors: 0, Skipped: 0, Time elapsed: 0.011 s -- in org.sonar.java.caching.ContentHashCacheTest
[INFO] Running org.sonar.java.caching.DummyCacheTest
[INFO] Tests run: 6, Failures: 0, Errors: 0, Skipped: 0, Time elapsed: 0.003 s -- in org.sonar.java.caching.DummyCacheTest
[INFO] Running org.sonar.java.caching.JavaReadCacheImplTest
[INFO] Tests run: 4, Failures: 0, Errors: 0, Skipped: 0, Time elapsed: 0.033 s -- in org.sonar.java.caching.JavaReadCacheImplTest
[INFO] Running org.sonar.java.caching.JavaWriteCacheImplTest
[INFO] Tests run: 4, Failures: 0, Errors: 0, Skipped: 0, Time elapsed: 0.002 s -- in org.sonar.java.caching.JavaWriteCacheImplTest
[INFO] Running org.sonar.java.cfg.CFGLoopTest
[INFO] Tests run: 14, Failures: 0, Errors: 0, Skipped: 0, Time elapsed: 0.012 s -- in org.sonar.java.cfg.CFGLoopTest
[INFO] Running org.sonar.java.cfg.CFGTest
[INFO] Tests run: 83, Failures: 0, Errors: 0, Skipped: 0, Time elapsed: 0.215 s -- in org.sonar.java.cfg.CFGTest
[INFO] Running org.sonar.java.cfg.CFGUtilsTest
[INFO] Tests run: 7, Failures: 0, Errors: 0, Skipped: 0, Time elapsed: 0.058 s -- in org.sonar.java.cfg.CFGUtilsTest
[INFO] Running org.sonar.java.cfg.LiveVariablesTest
[INFO] Tests run: 10, Failures: 0, Errors: 0, Skipped: 0, Time elapsed: 0.028 s -- in org.sonar.java.cfg.LiveVariablesTest
[INFO] Running org.sonar.java.cfg.VariableReadExtractorTest
[INFO] Tests run: 6, Failures: 0, Errors: 0, Skipped: 0, Time elapsed: 0.016 s -- in org.sonar.java.cfg.VariableReadExtractorTest
[INFO] Running org.sonar.java.classpath.ClasspathForMainTest
[INFO] Tests run: 41, Failures: 0, Errors: 0, Skipped: 0, Time elapsed: 0.070 s -- in org.sonar.java.classpath.ClasspathForMainTest
[INFO] Running org.sonar.java.classpath.ClasspathForTestTest
[INFO] Tests run: 8, Failures: 0, Errors: 0, Skipped: 0, Time elapsed: 0.005 s -- in org.sonar.java.classpath.ClasspathForTestTest
[INFO] Running org.sonar.java.classpath.DependencyVersionInferenceTest
[INFO] Tests run: 2, Failures: 0, Errors: 0, Skipped: 0, Time elapsed: 0.010 s -- in org.sonar.java.classpath.DependencyVersionInferenceTest
[INFO] Running org.sonar.java.classpath.JavaSdkUtilTest
[INFO] Tests run: 7, Failures: 0, Errors: 0, Skipped: 0, Time elapsed: 0.003 s -- in org.sonar.java.classpath.JavaSdkUtilTest
[INFO] Running org.sonar.java.classpath.VersionTest
[INFO] Tests run: 5, Failures: 0, Errors: 0, Skipped: 0, Time elapsed: 0.002 s -- in org.sonar.java.classpath.VersionTest
[INFO] Running org.sonar.java.collections.CollectionUtilsTest
[INFO] Tests run: 4, Failures: 0, Errors: 0, Skipped: 0, Time elapsed: 0.002 s -- in org.sonar.java.collections.CollectionUtilsTest
[INFO] Running org.sonar.java.exceptions.ThrowableUtilsTest
[INFO] Tests run: 4, Failures: 0, Errors: 0, Skipped: 0, Time elapsed: 0.001 s -- in org.sonar.java.exceptions.ThrowableUtilsTest
[INFO] Running org.sonar.java.matcher.MethodMatcherFactoryTest
[INFO] Tests run: 4, Failures: 0, Errors: 0, Skipped: 0, Time elapsed: 0.010 s -- in org.sonar.java.matcher.MethodMatcherFactoryTest
[INFO] Running org.sonar.java.matcher.TreeMatcherTest
[INFO] Tests run: 10, Failures: 0, Errors: 0, Skipped: 0, Time elapsed: 0.041 s -- in org.sonar.java.matcher.TreeMatcherTest
[INFO] Running org.sonar.java.metrics.MetricsComputerTest
[INFO] Tests run: 1, Failures: 0, Errors: 0, Skipped: 0, Time elapsed: 0.003 s -- in org.sonar.java.metrics.MetricsComputerTest
[INFO] Running org.sonar.java.model.ClassesLayoutTest
[INFO] Tests run: 12, Failures: 0, Errors: 0, Skipped: 0, Time elapsed: 0.003 s -- in org.sonar.java.model.ClassesLayoutTest
[INFO] Running org.sonar.java.model.DefaultInputFileScannerContextTest
[INFO] Tests run: 2, Failures: 0, Errors: 0, Skipped: 0, Time elapsed: 0.004 s -- in org.sonar.java.model.DefaultInputFileScannerContextTest
[INFO] Running org.sonar.java.model.DefaultJavaFileScannerContextTest
[INFO] Tests run: 27, Failures: 0, Errors: 0, Skipped: 0, Time elapsed: 0.094 s -- in org.sonar.java.model.DefaultJavaFileScannerContextTest
[INFO] Running org.sonar.java.model.DefaultJavaFileScannerContextWithSensorContextTest
[INFO] Tests run: 2, Failures: 0, Errors: 0, Skipped: 0, Time elapsed: 0.030 s -- in org.sonar.java.model.DefaultJavaFileScannerContextWithSensorContextTest
[INFO] Running org.sonar.java.model.DefaultModuleScannerContextTest
[INFO] Tests run: 14, Failures: 0, Errors: 0, Skipped: 0, Time elapsed: 0.091 s -- in org.sonar.java.model.DefaultModuleScannerContextTest
[INFO] Running org.sonar.java.model.ExpressionUtilsTest
[INFO] Tests run: 36, Failures: 0, Errors: 0, Skipped: 0, Time elapsed: 0.167 s -- in org.sonar.java.model.ExpressionUtilsTest
[INFO] Running org.sonar.java.model.GeneratedFileTest
[INFO] Tests run: 5, Failures: 0, Errors: 0, Skipped: 0, Time elapsed: 0.015 s -- in org.sonar.java.model.GeneratedFileTest
[INFO] Running org.sonar.java.model.InputFileUtilsTest
[INFO] Tests run: 6, Failures: 0, Errors: 0, Skipped: 0, Time elapsed: 0.017 s -- in org.sonar.java.model.InputFileUtilsTest
[INFO] Running org.sonar.java.model.InternalSyntaxTokenTest
[INFO] Tests run: 2, Failures: 0, Errors: 0, Skipped: 0, Time elapsed: 0.001 s -- in org.sonar.java.model.InternalSyntaxTokenTest
[INFO] Running org.sonar.java.model.InternalSyntaxTriviaTest
[INFO] Tests run: 5, Failures: 0, Errors: 0, Skipped: 0, Time elapsed: 0.002 s -- in org.sonar.java.model.InternalSyntaxTriviaTest
[INFO] Running org.sonar.java.model.JLabelSymbolTest
[INFO] Tests run: 1, Failures: 0, Errors: 0, Skipped: 0, Time elapsed: 0.003 s -- in org.sonar.java.model.JLabelSymbolTest
[INFO] Running org.sonar.java.model.JMethodSymbolTest
[INFO] Running org.sonar.java.model.JMethodSymbolTest$IsNativeMethod
[INFO] Tests run: 25, Failures: 0, Errors: 0, Skipped: 0, Time elapsed: 0.003 s -- in org.sonar.java.model.JMethodSymbolTest$IsNativeMethod
[INFO] Tests run: 0, Failures: 0, Errors: 0, Skipped: 0, Time elapsed: 0.145 s -- in org.sonar.java.model.JMethodSymbolTest
[INFO] Running org.sonar.java.model.JParserConfigTest
[INFO] Tests run: 2, Failures: 0, Errors: 0, Skipped: 0, Time elapsed: 0.001 s -- in org.sonar.java.model.JParserConfigTest
[INFO] Running org.sonar.java.model.JParserReleasingJarsTest
[INFO] Tests run: 6, Failures: 0, Errors: 0, Skipped: 0, Time elapsed: 0.014 s -- in org.sonar.java.model.JParserReleasingJarsTest
[INFO] Running org.sonar.java.model.JParserSemanticTest
[INFO] Running org.sonar.java.model.JParserSemanticTest$Labels
[INFO] Tests run: 90, Failures: 0, Errors: 0, Skipped: 0, Time elapsed: 0.002 s -- in org.sonar.java.model.JParserSemanticTest$Labels
[INFO] Tests run: 0, Failures: 0, Errors: 0, Skipped: 0, Time elapsed: 0.157 s -- in org.sonar.java.model.JParserSemanticTest
[INFO] Running org.sonar.java.model.JParserTest
[INFO] Tests run: 43, Failures: 0, Errors: 0, Skipped: 0, Time elapsed: 0.220 s -- in org.sonar.java.model.JParserTest
[INFO] Running org.sonar.java.model.JProblemTest
[INFO] Tests run: 2, Failures: 0, Errors: 0, Skipped: 0, Time elapsed: 0 s -- in org.sonar.java.model.JProblemTest
[INFO] Running org.sonar.java.model.JSemaTest
[INFO] Tests run: 4, Failures: 0, Errors: 0, Skipped: 0, Time elapsed: 0.004 s -- in org.sonar.java.model.JSemaTest
[INFO] Running org.sonar.java.model.JSymbolMetadataTest
[INFO] Running org.sonar.java.model.JSymbolMetadataTest$NullabilityDataTest
[INFO] Tests run: 29, Failures: 0, Errors: 0, Skipped: 0, Time elapsed: 0.002 s -- in org.sonar.java.model.JSymbolMetadataTest$NullabilityDataTest
[INFO] Tests run: 0, Failures: 0, Errors: 0, Skipped: 0, Time elapsed: 0.352 s -- in org.sonar.java.model.JSymbolMetadataTest
[INFO] Running org.sonar.java.model.JSymbolTest
[INFO] Running org.sonar.java.model.JSymbolTest$modifiers
[INFO] Tests run: 38, Failures: 0, Errors: 0, Skipped: 0, Time elapsed: 0.008 s -- in org.sonar.java.model.JSymbolTest$modifiers
[INFO] Running org.sonar.java.model.JSymbolTest$kinds
[INFO] Tests run: 4, Failures: 0, Errors: 0, Skipped: 0, Time elapsed: 0.003 s -- in org.sonar.java.model.JSymbolTest$kinds
[INFO] Tests run: 0, Failures: 0, Errors: 0, Skipped: 0, Time elapsed: 0.078 s -- in org.sonar.java.model.JSymbolTest
[INFO] Running org.sonar.java.model.JTypeSymbolTest
[INFO] Tests run: 8, Failures: 0, Errors: 0, Skipped: 0, Time elapsed: 0.070 s -- in org.sonar.java.model.JTypeSymbolTest
[INFO] Running org.sonar.java.model.JTypeTest
[INFO] Tests run: 29, Failures: 0, Errors: 0, Skipped: 0, Time elapsed: 0.025 s -- in org.sonar.java.model.JTypeTest
[INFO] Running org.sonar.java.model.JUtilsTest
[INFO] Running org.sonar.java.model.JUtilsTest$WrapTypeIfPrimitiveTest
[INFO] Tests run: 11, Failures: 0, Errors: 0, Skipped: 0, Time elapsed: 0.001 s -- in org.sonar.java.model.JUtilsTest$WrapTypeIfPrimitiveTest
[INFO] Running org.sonar.java.model.JUtilsTest$DirectSuperTypes
[INFO] Tests run: 4, Failures: 0, Errors: 0, Skipped: 0, Time elapsed: 0.010 s -- in org.sonar.java.model.JUtilsTest$DirectSuperTypes
[INFO] Running org.sonar.java.model.JUtilsTest$IsOverridable
[INFO] Tests run: 6, Failures: 0, Errors: 0, Skipped: 0, Time elapsed: 0.009 s -- in org.sonar.java.model.JUtilsTest$IsOverridable
[INFO] Running org.sonar.java.model.JUtilsTest$GetPackage
[INFO] Tests run: 5, Failures: 0, Errors: 0, Skipped: 0, Time elapsed: 0.004 s -- in org.sonar.java.model.JUtilsTest$GetPackage
[INFO] Running org.sonar.java.model.JUtilsTest$IsParametrizedMethod
[INFO] Tests run: 3, Failures: 0, Errors: 0, Skipped: 0, Time elapsed: 0.004 s -- in org.sonar.java.model.JUtilsTest$IsParametrizedMethod
[INFO] Running org.sonar.java.model.JUtilsTest$IsIntersectionType
[INFO] Tests run: 3, Failures: 0, Errors: 0, Skipped: 0, Time elapsed: 0.006 s -- in org.sonar.java.model.JUtilsTest$IsIntersectionType
[INFO] Running org.sonar.java.model.JUtilsTest$EnclosingClass
[INFO] Tests run: 3, Failures: 0, Errors: 0, Skipped: 0, Time elapsed: 0.002 s -- in org.sonar.java.model.JUtilsTest$EnclosingClass
[INFO] Running org.sonar.java.model.JUtilsTest$ImporTreeSymbol
[INFO] Tests run: 2, Failures: 0, Errors: 0, Skipped: 0, Time elapsed: 0.002 s -- in org.sonar.java.model.JUtilsTest$ImporTreeSymbol
[INFO] Running org.sonar.java.model.JUtilsTest$IsDefaultMethod
[INFO] Tests run: 3, Failures: 0, Errors: 0, Skipped: 0, Time elapsed: 0.002 s -- in org.sonar.java.model.JUtilsTest$IsDefaultMethod
[INFO] Running org.sonar.java.model.JUtilsTest$IsSynchronizedMethod
[INFO] Tests run: 3, Failures: 0, Errors: 0, Skipped: 0, Time elapsed: 0.002 s -- in org.sonar.java.model.JUtilsTest$IsSynchronizedMethod
[INFO] Running org.sonar.java.model.JUtilsTest$IsNullType
[INFO] Tests run: 3, Failures: 0, Errors: 0, Skipped: 0, Time elapsed: 0.003 s -- in org.sonar.java.model.JUtilsTest$IsNullType
[INFO] Running org.sonar.java.model.JUtilsTest$IsVarArgsMethod
[INFO] Tests run: 3, Failures: 0, Errors: 0, Skipped: 0, Time elapsed: 0.002 s -- in org.sonar.java.model.JUtilsTest$IsVarArgsMethod
[INFO] Running org.sonar.java.model.JUtilsTest$PrimitiveType
[INFO] Tests run: 2, Failures: 0, Errors: 0, Skipped: 0, Time elapsed: 0 s -- in org.sonar.java.model.JUtilsTest$PrimitiveType
[INFO] Running org.sonar.java.model.JUtilsTest$IsLocalVariable
[INFO] Tests run: 4, Failures: 0, Errors: 0, Skipped: 0, Time elapsed: 0.005 s -- in org.sonar.java.model.JUtilsTest$IsLocalVariable
[INFO] Running org.sonar.java.model.JUtilsTest$IsTypeVar
[INFO] Tests run: 3, Failures: 0, Errors: 0, Skipped: 0, Time elapsed: 0.003 s -- in org.sonar.java.model.JUtilsTest$IsTypeVar
[INFO] Running org.sonar.java.model.JUtilsTest$DefaultValue
[INFO] Tests run: 3, Failures: 0, Errors: 0, Skipped: 0, Time elapsed: 0.003 s -- in org.sonar.java.model.JUtilsTest$DefaultValue
[INFO] Running org.sonar.java.model.JUtilsTest$ConstantValue
[INFO] Tests run: 4, Failures: 0, Errors: 0, Skipped: 0, Time elapsed: 0.006 s -- in org.sonar.java.model.JUtilsTest$ConstantValue
[INFO] Running org.sonar.java.model.JUtilsTest$SuperTypes
[INFO] Tests run: 4, Failures: 0, Errors: 0, Skipped: 0, Time elapsed: 0.008 s -- in org.sonar.java.model.JUtilsTest$SuperTypes
[INFO] Running org.sonar.java.model.JUtilsTest$PrimitiveWrapperType
[INFO] Tests run: 2, Failures: 0, Errors: 0, Skipped: 0, Time elapsed: 0 s -- in org.sonar.java.model.JUtilsTest$PrimitiveWrapperType
[INFO] Running org.sonar.java.model.JUtilsTest$IsParameter
[INFO] Tests run: 6, Failures: 0, Errors: 0, Skipped: 0, Time elapsed: 0.008 s -- in org.sonar.java.model.JUtilsTest$IsParameter
[INFO] Running org.sonar.java.model.JUtilsTest$IsPrimitiveWrapper
[INFO] Tests run: 3, Failures: 0, Errors: 0, Skipped: 0, Time elapsed: 0 s -- in org.sonar.java.model.JUtilsTest$IsPrimitiveWrapper
[INFO] Tests run: 0, Failures: 0, Errors: 0, Skipped: 0, Time elapsed: 0.097 s -- in org.sonar.java.model.JUtilsTest
[INFO] Running org.sonar.java.model.JVariableSymbolTest
[INFO] Tests run: 3, Failures: 0, Errors: 0, Skipped: 0, Time elapsed: 0.004 s -- in org.sonar.java.model.JVariableSymbolTest
[INFO] Running org.sonar.java.model.JWarningTest
[INFO] Running org.sonar.java.model.JWarningTest$MapperTest
[INFO] Tests run: 9, Failures: 0, Errors: 0, Skipped: 0, Time elapsed: 0 s -- in org.sonar.java.model.JWarningTest$MapperTest
[INFO] Tests run: 0, Failures: 0, Errors: 0, Skipped: 0, Time elapsed: 0.001 s -- in org.sonar.java.model.JWarningTest
[INFO] Running org.sonar.java.model.JavaTreeModelTest
[INFO] Running org.sonar.java.model.JavaTreeModelTest$MethodInvocationExpressions
[INFO] Tests run: 61, Failures: 0, Errors: 0, Skipped: 0, Time elapsed: 0.006 s -- in org.sonar.java.model.JavaTreeModelTest$MethodInvocationExpressions
[INFO] Running org.sonar.java.model.JavaTreeModelTest$FieldAccesExpressions
[INFO] Tests run: 2, Failures: 0, Errors: 0, Skipped: 0, Time elapsed: 0.003 s -- in org.sonar.java.model.JavaTreeModelTest$FieldAccesExpressions
[INFO] Running org.sonar.java.model.JavaTreeModelTest$Annotations
[INFO] Tests run: 20, Failures: 0, Errors: 0, Skipped: 0, Time elapsed: 0.025 s -- in org.sonar.java.model.JavaTreeModelTest$Annotations
[INFO] Running org.sonar.java.model.JavaTreeModelTest$ArrayAsFormalParameters
[INFO] Tests run: 9, Failures: 0, Errors: 0, Skipped: 0, Time elapsed: 0.008 s -- in org.sonar.java.model.JavaTreeModelTest$ArrayAsFormalParameters
[INFO] Running org.sonar.java.model.JavaTreeModelTest$CastExpressions
[INFO] Tests run: 4, Failures: 0, Errors: 0, Skipped: 0, Time elapsed: 0.004 s -- in org.sonar.java.model.JavaTreeModelTest$CastExpressions
[INFO] Running org.sonar.java.model.JavaTreeModelTest$AnnotationTypes
[INFO] Tests run: 4, Failures: 0, Errors: 0, Skipped: 0, Time elapsed: 0.004 s -- in org.sonar.java.model.JavaTreeModelTest$AnnotationTypes
[INFO] Running org.sonar.java.model.JavaTreeModelTest$ForStatements
[INFO] Tests run: 6, Failures: 0, Errors: 0, Skipped: 0, Time elapsed: 0.005 s -- in org.sonar.java.model.JavaTreeModelTest$ForStatements
[INFO] Running org.sonar.java.model.JavaTreeModelTest$ArrayFields
[INFO] Tests run: 7, Failures: 0, Errors: 0, Skipped: 0, Time elapsed: 0.005 s -- in org.sonar.java.model.JavaTreeModelTest$ArrayFields
[INFO] Running org.sonar.java.model.JavaTreeModelTest$Enums
[INFO] Tests run: 7, Failures: 0, Errors: 0, Skipped: 0, Time elapsed: 0.010 s -- in org.sonar.java.model.JavaTreeModelTest$Enums
[INFO] Running org.sonar.java.model.JavaTreeModelTest$Interfaces
[INFO] Tests run: 5, Failures: 0, Errors: 0, Skipped: 0, Time elapsed: 0.004 s -- in org.sonar.java.model.JavaTreeModelTest$Interfaces
[INFO] Running org.sonar.java.model.JavaTreeModelTest$BitwiseAndLogicalOperators
[INFO] Tests run: 3, Failures: 0, Errors: 0, Skipped: 0, Time elapsed: 0.002 s -- in org.sonar.java.model.JavaTreeModelTest$BitwiseAndLogicalOperators
[INFO] Running org.sonar.java.model.JavaTreeModelTest$Classes
[INFO] Tests run: 13, Failures: 0, Errors: 0, Skipped: 0, Time elapsed: 0.012 s -- in org.sonar.java.model.JavaTreeModelTest$Classes
[INFO] Running org.sonar.java.model.JavaTreeModelTest$Switches
[INFO] Tests run: 8, Failures: 0, Errors: 0, Skipped: 0, Time elapsed: 0.009 s -- in org.sonar.java.model.JavaTreeModelTest$Switches
[INFO] Running org.sonar.java.model.JavaTreeModelTest$LocalVariables
[INFO] Tests run: 3, Failures: 0, Errors: 0, Skipped: 0, Time elapsed: 0.003 s -- in org.sonar.java.model.JavaTreeModelTest$LocalVariables
[INFO] Running org.sonar.java.model.JavaTreeModelTest$TryStatements
[INFO] Tests run: 12, Failures: 0, Errors: 0, Skipped: 0, Time elapsed: 0.013 s -- in org.sonar.java.model.JavaTreeModelTest$TryStatements
[INFO] Running org.sonar.java.model.JavaTreeModelTest$ExplicitConstructorInvocations
[INFO] Tests run: 6, Failures: 0, Errors: 0, Skipped: 0, Time elapsed: 0.005 s -- in org.sonar.java.model.JavaTreeModelTest$ExplicitConstructorInvocations
[INFO] Running org.sonar.java.model.JavaTreeModelTest$ClassInstanceCreationExpressions
[INFO] Tests run: 4, Failures: 0, Errors: 0, Skipped: 0, Time elapsed: 0.004 s -- in org.sonar.java.model.JavaTreeModelTest$ClassInstanceCreationExpressions
[INFO] Running org.sonar.java.model.JavaTreeModelTest$ImportStatements
[INFO] Tests run: 5, Failures: 0, Errors: 0, Skipped: 0, Time elapsed: 0.003 s -- in org.sonar.java.model.JavaTreeModelTest$ImportStatements
[INFO] Running org.sonar.java.model.JavaTreeModelTest$TypeArgumentsAndWildcards
[INFO] Tests run: 6, Failures: 0, Errors: 0, Skipped: 0, Time elapsed: 0.008 s -- in org.sonar.java.model.JavaTreeModelTest$TypeArgumentsAndWildcards
[INFO] Running org.sonar.java.model.JavaTreeModelTest$ArrayCreationExpression
[INFO] Tests run: 6, Failures: 0, Errors: 0, Skipped: 0, Time elapsed: 0.005 s -- in org.sonar.java.model.JavaTreeModelTest$ArrayCreationExpression
[INFO] Running org.sonar.java.model.JavaTreeModelTest$ArrayAsMethodReturnType
[INFO] Tests run: 6, Failures: 0, Errors: 0, Skipped: 0, Time elapsed: 0.005 s -- in org.sonar.java.model.JavaTreeModelTest$ArrayAsMethodReturnType
[INFO] Running org.sonar.java.model.JavaTreeModelTest$Literals
[INFO] Tests run: 9, Failures: 0, Errors: 0, Skipped: 0, Time elapsed: 0.006 s -- in org.sonar.java.model.JavaTreeModelTest$Literals
[INFO] Running org.sonar.java.model.JavaTreeModelTest$ClassLiterals
[INFO] Tests run: 5, Failures: 0, Errors: 0, Skipped: 0, Time elapsed: 0.003 s -- in org.sonar.java.model.JavaTreeModelTest$ClassLiterals
[INFO] Tests run: 0, Failures: 0, Errors: 0, Skipped: 0, Time elapsed: 0.206 s -- in org.sonar.java.model.JavaTreeModelTest
[INFO] Running org.sonar.java.model.JavaVersionImplTest
[INFO] Tests run: 30, Failures: 0, Errors: 0, Skipped: 0, Time elapsed: 0.006 s -- in org.sonar.java.model.JavaVersionImplTest
[INFO] Running org.sonar.java.model.KeywordSuperTest
[INFO] Tests run: 1, Failures: 0, Errors: 0, Skipped: 0, Time elapsed: 0.001 s -- in org.sonar.java.model.KeywordSuperTest
[INFO] Running org.sonar.java.model.KeywordThisTest
[INFO] Tests run: 1, Failures: 0, Errors: 0, Skipped: 0, Time elapsed: 0.001 s -- in org.sonar.java.model.KeywordThisTest
[INFO] Running org.sonar.java.model.LineColumnConverterTest
[INFO] Tests run: 4, Failures: 0, Errors: 0, Skipped: 0, Time elapsed: 0.002 s -- in org.sonar.java.model.LineColumnConverterTest
[INFO] Running org.sonar.java.model.LineUtilsTest
[INFO] Tests run: 3, Failures: 0, Errors: 0, Skipped: 0, Time elapsed: 0.001 s -- in org.sonar.java.model.LineUtilsTest
[INFO] Running org.sonar.java.model.LiteralUtilsTest
[INFO] Tests run: 27, Failures: 0, Errors: 0, Skipped: 0, Time elapsed: 0.048 s -- in org.sonar.java.model.LiteralUtilsTest
[INFO] Running org.sonar.java.model.ModifiersUtilsTest
[INFO] Tests run: 5, Failures: 0, Errors: 0, Skipped: 0, Time elapsed: 0.004 s -- in org.sonar.java.model.ModifiersUtilsTest
[INFO] Running org.sonar.java.model.PackageUtilsTest
[INFO] Tests run: 4, Failures: 0, Errors: 0, Skipped: 0, Time elapsed: 0.003 s -- in org.sonar.java.model.PackageUtilsTest
[INFO] Running org.sonar.java.model.SmapFileTest
[INFO] Tests run: 6, Failures: 0, Errors: 0, Skipped: 0, Time elapsed: 0.007 s -- in org.sonar.java.model.SmapFileTest
[INFO] Running org.sonar.java.model.SymbolsTest
[INFO] Tests run: 9, Failures: 0, Errors: 0, Skipped: 0, Time elapsed: 0.061 s -- in org.sonar.java.model.SymbolsTest
[INFO] Running org.sonar.java.model.SyntacticEquivalenceTest
[INFO] Tests run: 12, Failures: 0, Errors: 0, Skipped: 0, Time elapsed: 0.020 s -- in org.sonar.java.model.SyntacticEquivalenceTest
[INFO] Running org.sonar.java.model.TreeTokenCompletenessTest
[INFO] Tests run: 1, Failures: 0, Errors: 0, Skipped: 0, Time elapsed: 0.006 s -- in org.sonar.java.model.TreeTokenCompletenessTest
[INFO] Running org.sonar.java.model.TypeUtilsTest
[INFO] Tests run: 5, Failures: 0, Errors: 0, Skipped: 0, Time elapsed: 0.023 s -- in org.sonar.java.model.TypeUtilsTest
[INFO] Running org.sonar.java.model.VisitorsBridgeTest
[INFO] Running org.sonar.java.model.VisitorsBridgeTest$ScanWithoutParsing
[INFO] Tests run: 29, Failures: 0, Errors: 0, Skipped: 0, Time elapsed: 0.053 s -- in org.sonar.java.model.VisitorsBridgeTest$ScanWithoutParsing
[INFO] Tests run: 0, Failures: 0, Errors: 0, Skipped: 0, Time elapsed: 0.114 s -- in org.sonar.java.model.VisitorsBridgeTest
[INFO] Running org.sonar.java.model.declaration.ClassTreeImplTest
[INFO] Tests run: 5, Failures: 0, Errors: 0, Skipped: 0, Time elapsed: 0.007 s -- in org.sonar.java.model.declaration.ClassTreeImplTest
[INFO] Running org.sonar.java.model.declaration.ExportsDirectiveTreeImplTest
[INFO] Tests run: 3, Failures: 0, Errors: 0, Skipped: 0, Time elapsed: 0.005 s -- in org.sonar.java.model.declaration.ExportsDirectiveTreeImplTest
[INFO] Running org.sonar.java.model.declaration.ListTreeImplTest
[INFO] Tests run: 2, Failures: 0, Errors: 0, Skipped: 0, Time elapsed: 0 s -- in org.sonar.java.model.declaration.ListTreeImplTest
[INFO] Running org.sonar.java.model.declaration.MethodTreeImplTest
[INFO] Tests run: 21, Failures: 0, Errors: 0, Skipped: 0, Time elapsed: 0.071 s -- in org.sonar.java.model.declaration.MethodTreeImplTest
[INFO] Running org.sonar.java.model.declaration.ModuleDeclarationTreeImplTest
[INFO] Tests run: 3, Failures: 0, Errors: 0, Skipped: 0, Time elapsed: 0.002 s -- in org.sonar.java.model.declaration.ModuleDeclarationTreeImplTest
[INFO] Running org.sonar.java.model.declaration.OpensDirectiveTreeImplTest
[INFO] Tests run: 3, Failures: 0, Errors: 0, Skipped: 0, Time elapsed: 0.002 s -- in org.sonar.java.model.declaration.OpensDirectiveTreeImplTest
[INFO] Running org.sonar.java.model.declaration.ProvidesDirectiveTreeImplTest
[INFO] Tests run: 2, Failures: 0, Errors: 0, Skipped: 0, Time elapsed: 0.002 s -- in org.sonar.java.model.declaration.ProvidesDirectiveTreeImplTest
[INFO] Running org.sonar.java.model.declaration.RequiresDirectiveTreeImplTest
[INFO] Tests run: 4, Failures: 0, Errors: 0, Skipped: 0, Time elapsed: 0.002 s -- in org.sonar.java.model.declaration.RequiresDirectiveTreeImplTest
[INFO] Running org.sonar.java.model.declaration.UsesDirectiveTreeImplTest
[INFO] Tests run: 2, Failures: 0, Errors: 0, Skipped: 0, Time elapsed: 0.002 s -- in org.sonar.java.model.declaration.UsesDirectiveTreeImplTest
[INFO] Running org.sonar.java.model.expression.AssessableExpressionTreeTest
[INFO] Tests run: 7, Failures: 0, Errors: 0, Skipped: 0, Time elapsed: 0.034 s -- in org.sonar.java.model.expression.AssessableExpressionTreeTest
[INFO] Running org.sonar.java.model.expression.InstanceOfTreeImplTest
[INFO] Tests run: 4, Failures: 0, Errors: 0, Skipped: 0, Time elapsed: 0.013 s -- in org.sonar.java.model.expression.InstanceOfTreeImplTest
[INFO] Running org.sonar.java.model.expression.LambdaExpressionTreeImplTest
[INFO] Tests run: 8, Failures: 0, Errors: 0, Skipped: 0, Time elapsed: 0.015 s -- in org.sonar.java.model.expression.LambdaExpressionTreeImplTest
[INFO] Running org.sonar.java.model.expression.MethodInvocationTreeImplTest
[INFO] Tests run: 3, Failures: 0, Errors: 0, Skipped: 0, Time elapsed: 0.003 s -- in org.sonar.java.model.expression.MethodInvocationTreeImplTest
[INFO] Running org.sonar.java.model.location.InternalPositionTest
[INFO] Tests run: 5, Failures: 0, Errors: 0, Skipped: 0, Time elapsed: 0.001 s -- in org.sonar.java.model.location.InternalPositionTest
[INFO] Running org.sonar.java.model.location.InternalRangeTest
[INFO] Tests run: 4, Failures: 0, Errors: 0, Skipped: 0, Time elapsed: 0.001 s -- in org.sonar.java.model.location.InternalRangeTest
[INFO] Running org.sonar.java.model.pattern.AbstractPatternTreeTest
[INFO] Tests run: 16, Failures: 0, Errors: 0, Skipped: 0, Time elapsed: 0.042 s -- in org.sonar.java.model.pattern.AbstractPatternTreeTest
[INFO] Running org.sonar.java.model.pattern.RecordPatternTreeImplTest
[INFO] Tests run: 1, Failures: 0, Errors: 0, Skipped: 0, Time elapsed: 0.002 s -- in org.sonar.java.model.pattern.RecordPatternTreeImplTest
[INFO] Running org.sonar.java.model.statement.ContinueStatementTreeImplTest
[INFO] Tests run: 2, Failures: 0, Errors: 0, Skipped: 0, Time elapsed: 0.001 s -- in org.sonar.java.model.statement.ContinueStatementTreeImplTest
[INFO] Running org.sonar.java.regex.JavaAnalyzerRegexSourceTest
[INFO] Tests run: 4, Failures: 0, Errors: 0, Skipped: 0, Time elapsed: 0.007 s -- in org.sonar.java.regex.JavaAnalyzerRegexSourceTest
[INFO] Running org.sonar.java.regex.RegexCacheTest
[INFO] Tests run: 2, Failures: 0, Errors: 0, Skipped: 0, Time elapsed: 0.002 s -- in org.sonar.java.regex.RegexCacheTest
[INFO] Running org.sonar.java.regex.RegexCheckTest
[INFO] Tests run: 6, Failures: 0, Errors: 0, Skipped: 0, Time elapsed: 0.007 s -- in org.sonar.java.regex.RegexCheckTest
[INFO] Running org.sonar.java.reporting.AnalyzerMessageTest
[INFO] Tests run: 14, Failures: 0, Errors: 0, Skipped: 0, Time elapsed: 0.012 s -- in org.sonar.java.reporting.AnalyzerMessageTest
[INFO] Running org.sonar.java.reporting.InternalJavaIssueBuilderTest
[INFO] Running org.sonar.java.reporting.InternalJavaIssueBuilderTest$QuickFixes
[INFO] Tests run: 21, Failures: 0, Errors: 0, Skipped: 0, Time elapsed: 0.046 s -- in org.sonar.java.reporting.InternalJavaIssueBuilderTest$QuickFixes
[INFO] Tests run: 0, Failures: 0, Errors: 0, Skipped: 0, Time elapsed: 0.063 s -- in org.sonar.java.reporting.InternalJavaIssueBuilderTest
[INFO] Running org.sonar.java.reporting.JavaIssueTest
[INFO] Tests run: 2, Failures: 0, Errors: 0, Skipped: 0, Time elapsed: 0.057 s -- in org.sonar.java.reporting.JavaIssueTest
[INFO] Running org.sonar.java.reporting.JavaQuickFixTest
[INFO] Tests run: 5, Failures: 0, Errors: 0, Skipped: 0, Time elapsed: 0.001 s -- in org.sonar.java.reporting.JavaQuickFixTest
[INFO] Running org.sonar.java.reporting.JavaTextEditTest
[INFO] Tests run: 9, Failures: 0, Errors: 0, Skipped: 0, Time elapsed: 0.004 s -- in org.sonar.java.reporting.JavaTextEditTest
[INFO] Running org.sonar.java.resolve.ConstantTest
[INFO] Tests run: 1, Failures: 0, Errors: 0, Skipped: 0, Time elapsed: 0.003 s -- in org.sonar.java.resolve.ConstantTest
[INFO] Running org.sonar.java.telemetry.AlphaNumericComparatorTest
[INFO] Tests run: 1, Failures: 0, Errors: 0, Skipped: 0, Time elapsed: 0.001 s -- in org.sonar.java.telemetry.AlphaNumericComparatorTest
[INFO] Running org.sonar.java.telemetry.DefaultTelemetryTest
[INFO] Tests run: 9, Failures: 0, Errors: 0, Skipped: 0, Time elapsed: 0.003 s -- in org.sonar.java.telemetry.DefaultTelemetryTest
[INFO] Running org.sonar.java.telemetry.NoOpTelemetryTest
[INFO] Tests run: 1, Failures: 0, Errors: 0, Skipped: 0, Time elapsed: 0 s -- in org.sonar.java.telemetry.NoOpTelemetryTest
[INFO] Running org.sonar.java.telemetry.TelemetryKeyTest
[INFO] Tests run: 3, Failures: 0, Errors: 0, Skipped: 0, Time elapsed: 0.001 s -- in org.sonar.java.telemetry.TelemetryKeyTest
[INFO] Running org.sonar.java.testing.JavaFileScannerContextForTestsTest
[INFO] Tests run: 11, Failures: 0, Errors: 0, Skipped: 0, Time elapsed: 0.006 s -- in org.sonar.java.testing.JavaFileScannerContextForTestsTest
[INFO] Running org.sonar.java.testing.VisitorsBridgeForTestsTest
[INFO] Tests run: 5, Failures: 0, Errors: 0, Skipped: 0, Time elapsed: 0.004 s -- in org.sonar.java.testing.VisitorsBridgeForTestsTest
[INFO] Running org.sonar.java.utils.JavaFileTypeClassifierTest
[INFO] Tests run: 19, Failures: 0, Errors: 0, Skipped: 0, Time elapsed: 0.203 s -- in org.sonar.java.utils.JavaFileTypeClassifierTest
[INFO] Running org.sonar.java.utils.ModuleMetadataUtilsTest
[INFO] Tests run: 3, Failures: 0, Errors: 0, Skipped: 0, Time elapsed: 0.001 s -- in org.sonar.java.utils.ModuleMetadataUtilsTest
[INFO] Running org.sonar.plugins.java.api.CheckRegistrarTest
[INFO] Tests run: 2, Failures: 0, Errors: 0, Skipped: 0, Time elapsed: 0.002 s -- in org.sonar.plugins.java.api.CheckRegistrarTest
[INFO] Running org.sonar.plugins.java.api.IssuableSubscriptionVisitorTest
[INFO] Tests run: 3, Failures: 0, Errors: 0, Skipped: 0, Time elapsed: 0.031 s -- in org.sonar.plugins.java.api.IssuableSubscriptionVisitorTest
[INFO] Running org.sonar.plugins.java.api.LocationTest
[INFO] Tests run: 3, Failures: 0, Errors: 0, Skipped: 0, Time elapsed: 0.001 s -- in org.sonar.plugins.java.api.LocationTest
[INFO] Running org.sonar.plugins.java.api.caching.SonarLintCacheTest
[INFO] Tests run: 6, Failures: 0, Errors: 0, Skipped: 0, Time elapsed: 0.001 s -- in org.sonar.plugins.java.api.caching.SonarLintCacheTest
[INFO] Running org.sonar.plugins.java.api.semantic.MethodMatchersTest
[INFO] Tests run: 16, Failures: 0, Errors: 0, Skipped: 0, Time elapsed: 0.108 s -- in org.sonar.plugins.java.api.semantic.MethodMatchersTest
[INFO] Running org.sonar.plugins.java.api.tree.TreeTest
[INFO] Tests run: 3, Failures: 0, Errors: 0, Skipped: 0, Time elapsed: 0.001 s -- in org.sonar.plugins.java.api.tree.TreeTest
[INFO] 
[INFO] Results:
[INFO] 
[WARNING] Tests run: 1604, Failures: 0, Errors: 0, Skipped: 1
[INFO] 
[INFO] 
[INFO] --------------< org.sonarsource.java:java-checks-testkit >--------------
[INFO] Building SonarQube Java :: Checks Test tool kit 8.44.0-SNAPSHOT  [11/27]
[INFO]   from java-checks-testkit/pom.xml
[INFO] --------------------------------[ jar ]---------------------------------
[INFO] 
[INFO] --- buildnumber:3.2.1:create (default) @ java-checks-testkit ---
[INFO] 
[INFO] --- enforcer:3.5.0:enforce (enforce) @ java-checks-testkit ---
[INFO] Rule 0: org.apache.maven.enforcer.rules.property.RequireProperty passed
[INFO] Rule 1: org.apache.maven.enforcer.rules.property.RequireProperty passed
[INFO] Rule 2: org.apache.maven.enforcer.rules.property.RequireProperty passed
[INFO] Rule 3: org.apache.maven.enforcer.rules.property.RequireProperty passed
[INFO] Rule 4: org.apache.maven.enforcer.rules.property.RequireProperty passed
[INFO] Rule 5: org.apache.maven.enforcer.rules.property.RequireProperty passed
[INFO] Rule 8: org.apache.maven.enforcer.rules.RequirePluginVersions passed
[INFO] 
[INFO] --- license:4.6:check (enforce-license-headers) @ java-checks-testkit ---
[INFO] Checking licenses...
[INFO] 
[INFO] --- bsh:1.4:run (compute-artifact-display-version) @ java-checks-testkit ---
[INFO] Executing Script
[INFO] file class java.lang.Object
[INFO] script class java.lang.String
[INFO] evaluating script if (! "8.44.0-SNAPSHOT".endsWith("-SNAPSHOT")) { [+ 14 omitted line(s)]
[INFO] 
[INFO] --- resources:3.3.1:resources (default-resources) @ java-checks-testkit ---
[INFO] skip non existing resourceDirectory /home/jenkins/agent/workspace/EI-11-Job-C/java-checks-testkit/src/main/resources
[INFO] 
[INFO] --- compiler:3.13.0:compile (default-compile) @ java-checks-testkit ---
[INFO] Recompiling the module because of changed dependency.
[INFO] Compiling 23 source files with javac [debug release 21] to target/classes
[INFO] /home/jenkins/agent/workspace/EI-11-Job-C/java-checks-testkit/src/main/java/org/sonar/java/checks/verifier/internal/InternalSensorContext.java: Some input files use or override a deprecated API.
[INFO] /home/jenkins/agent/workspace/EI-11-Job-C/java-checks-testkit/src/main/java/org/sonar/java/checks/verifier/internal/InternalSensorContext.java: Recompile with -Xlint:deprecation for details.
[INFO] /home/jenkins/agent/workspace/EI-11-Job-C/java-checks-testkit/src/main/java/org/sonar/java/checks/verifier/TestCheckRegistrarContext.java: Some input files use unchecked or unsafe operations.
[INFO] /home/jenkins/agent/workspace/EI-11-Job-C/java-checks-testkit/src/main/java/org/sonar/java/checks/verifier/TestCheckRegistrarContext.java: Recompile with -Xlint:unchecked for details.
[INFO] 
[INFO] --- resources:3.3.1:testResources (default-testResources) @ java-checks-testkit ---
[INFO] Copying 5 resources from src/test/resources to target/test-classes
[INFO] 
[INFO] --- dependency:3.8.1:copy (download-jacoco-agent) @ java-checks-testkit ---
[INFO] Configured Artifact: org.jacoco:org.jacoco.agent:runtime:0.8.15:jar
[INFO] Configured Artifact: org.mockito:mockito-core:5.23.0:jar
[INFO] 
[INFO] --- compiler:3.13.0:testCompile (default-testCompile) @ java-checks-testkit ---
[INFO] Recompiling the module because of changed dependency.
[INFO] Compiling 19 source files with javac [debug release 21] to target/test-classes
[WARNING] /home/jenkins/agent/workspace/EI-11-Job-C/java-checks-testkit/src/test/java/org/sonar/java/checks/verifier/CheckVerifierTest.java:[57,18] newInternalVerifier() in org.sonar.java.checks.verifier.CheckVerifier has been deprecated and marked for removal
[WARNING] /home/jenkins/agent/workspace/EI-11-Job-C/java-checks-testkit/src/test/java/org/sonar/java/checks/verifier/CheckVerifierTest.java:[75,43] newInternalVerifier() in org.sonar.java.checks.verifier.CheckVerifier has been deprecated and marked for removal
[WARNING] /home/jenkins/agent/workspace/EI-11-Job-C/java-checks-testkit/src/test/java/org/sonar/java/checks/verifier/CheckVerifierTest.java:[95,43] newInternalVerifier() in org.sonar.java.checks.verifier.CheckVerifier has been deprecated and marked for removal
[WARNING] /home/jenkins/agent/workspace/EI-11-Job-C/java-checks-testkit/src/test/java/org/sonar/java/checks/verifier/CheckVerifierTest.java:[105,43] newInternalVerifier() in org.sonar.java.checks.verifier.CheckVerifier has been deprecated and marked for removal
[WARNING] /home/jenkins/agent/workspace/EI-11-Job-C/java-checks-testkit/src/test/java/org/sonar/java/checks/verifier/CheckVerifierTest.java:[116,18] newInternalVerifier() in org.sonar.java.checks.verifier.CheckVerifier has been deprecated and marked for removal
[WARNING] /home/jenkins/agent/workspace/EI-11-Job-C/java-checks-testkit/src/test/java/org/sonar/java/checks/verifier/CheckVerifierTest.java:[134,43] newInternalVerifier() in org.sonar.java.checks.verifier.CheckVerifier has been deprecated and marked for removal
[WARNING] /home/jenkins/agent/workspace/EI-11-Job-C/java-checks-testkit/src/test/java/org/sonar/java/checks/verifier/CheckVerifierTest.java:[140,18] newInternalVerifier() in org.sonar.java.checks.verifier.CheckVerifier has been deprecated and marked for removal
[WARNING] /home/jenkins/agent/workspace/EI-11-Job-C/java-checks-testkit/src/test/java/org/sonar/java/checks/verifier/CheckVerifierTest.java:[158,18] newInternalVerifier() in org.sonar.java.checks.verifier.CheckVerifier has been deprecated and marked for removal
[WARNING] /home/jenkins/agent/workspace/EI-11-Job-C/java-checks-testkit/src/test/java/org/sonar/java/checks/verifier/CheckVerifierTest.java:[180,18] newInternalVerifier() in org.sonar.java.checks.verifier.CheckVerifier has been deprecated and marked for removal
[WARNING] /home/jenkins/agent/workspace/EI-11-Job-C/java-checks-testkit/src/test/java/org/sonar/java/checks/verifier/CheckVerifierTest.java:[188,43] newInternalVerifier() in org.sonar.java.checks.verifier.CheckVerifier has been deprecated and marked for removal
[WARNING] /home/jenkins/agent/workspace/EI-11-Job-C/java-checks-testkit/src/test/java/org/sonar/java/checks/verifier/CheckVerifierTest.java:[199,43] newInternalVerifier() in org.sonar.java.checks.verifier.CheckVerifier has been deprecated and marked for removal
[WARNING] /home/jenkins/agent/workspace/EI-11-Job-C/java-checks-testkit/src/test/java/org/sonar/java/checks/verifier/CheckVerifierTest.java:[211,43] newInternalVerifier() in org.sonar.java.checks.verifier.CheckVerifier has been deprecated and marked for removal
[WARNING] /home/jenkins/agent/workspace/EI-11-Job-C/java-checks-testkit/src/test/java/org/sonar/java/checks/verifier/CheckVerifierTest.java:[222,43] newInternalVerifier() in org.sonar.java.checks.verifier.CheckVerifier has been deprecated and marked for removal
[WARNING] /home/jenkins/agent/workspace/EI-11-Job-C/java-checks-testkit/src/test/java/org/sonar/java/checks/verifier/CheckVerifierTest.java:[234,43] newInternalVerifier() in org.sonar.java.checks.verifier.CheckVerifier has been deprecated and marked for removal
[WARNING] /home/jenkins/agent/workspace/EI-11-Job-C/java-checks-testkit/src/test/java/org/sonar/java/checks/verifier/CheckVerifierTest.java:[246,43] newInternalVerifier() in org.sonar.java.checks.verifier.CheckVerifier has been deprecated and marked for removal
[WARNING] /home/jenkins/agent/workspace/EI-11-Job-C/java-checks-testkit/src/test/java/org/sonar/java/checks/verifier/CheckVerifierTest.java:[279,18] newInternalVerifier() in org.sonar.java.checks.verifier.CheckVerifier has been deprecated and marked for removal
[WARNING] /home/jenkins/agent/workspace/EI-11-Job-C/java-checks-testkit/src/test/java/org/sonar/java/checks/verifier/CheckVerifierTest.java:[298,43] newInternalVerifier() in org.sonar.java.checks.verifier.CheckVerifier has been deprecated and marked for removal
[WARNING] /home/jenkins/agent/workspace/EI-11-Job-C/java-checks-testkit/src/test/java/org/sonar/java/checks/verifier/CheckVerifierTest.java:[317,43] newInternalVerifier() in org.sonar.java.checks.verifier.CheckVerifier has been deprecated and marked for removal
[WARNING] /home/jenkins/agent/workspace/EI-11-Job-C/java-checks-testkit/src/test/java/org/sonar/java/checks/verifier/CheckVerifierTest.java:[339,61] newInternalVerifier() in org.sonar.java.checks.verifier.CheckVerifier has been deprecated and marked for removal
[WARNING] /home/jenkins/agent/workspace/EI-11-Job-C/java-checks-testkit/src/test/java/org/sonar/java/checks/verifier/CheckVerifierTest.java:[358,61] newInternalVerifier() in org.sonar.java.checks.verifier.CheckVerifier has been deprecated and marked for removal
[WARNING] /home/jenkins/agent/workspace/EI-11-Job-C/java-checks-testkit/src/test/java/org/sonar/java/checks/verifier/CheckVerifierTest.java:[372,43] newInternalVerifier() in org.sonar.java.checks.verifier.CheckVerifier has been deprecated and marked for removal
[WARNING] /home/jenkins/agent/workspace/EI-11-Job-C/java-checks-testkit/src/test/java/org/sonar/java/checks/verifier/CheckVerifierTest.java:[390,18] newInternalVerifier() in org.sonar.java.checks.verifier.CheckVerifier has been deprecated and marked for removal
[WARNING] /home/jenkins/agent/workspace/EI-11-Job-C/java-checks-testkit/src/test/java/org/sonar/java/checks/verifier/CheckVerifierTest.java:[407,18] newInternalVerifier() in org.sonar.java.checks.verifier.CheckVerifier has been deprecated and marked for removal
[WARNING] /home/jenkins/agent/workspace/EI-11-Job-C/java-checks-testkit/src/test/java/org/sonar/java/checks/verifier/CheckVerifierTest.java:[416,26] newInternalVerifier() in org.sonar.java.checks.verifier.CheckVerifier has been deprecated and marked for removal
[WARNING] /home/jenkins/agent/workspace/EI-11-Job-C/java-checks-testkit/src/test/java/org/sonar/java/checks/verifier/CheckVerifierTest.java:[427,26] newInternalVerifier() in org.sonar.java.checks.verifier.CheckVerifier has been deprecated and marked for removal
[WARNING] /home/jenkins/agent/workspace/EI-11-Job-C/java-checks-testkit/src/test/java/org/sonar/java/checks/verifier/CheckVerifierTest.java:[458,18] newInternalVerifier() in org.sonar.java.checks.verifier.CheckVerifier has been deprecated and marked for removal
[WARNING] /home/jenkins/agent/workspace/EI-11-Job-C/java-checks-testkit/src/test/java/org/sonar/java/checks/verifier/CheckVerifierTest.java:[478,26] newInternalVerifier() in org.sonar.java.checks.verifier.CheckVerifier has been deprecated and marked for removal
[INFO] /home/jenkins/agent/workspace/EI-11-Job-C/java-checks-testkit/src/test/java/org/sonar/java/checks/verifier/internal/InternalFileSystemTest.java: Some input files use or override a deprecated API.
[INFO] /home/jenkins/agent/workspace/EI-11-Job-C/java-checks-testkit/src/test/java/org/sonar/java/checks/verifier/internal/InternalFileSystemTest.java: Recompile with -Xlint:deprecation for details.
[INFO] /home/jenkins/agent/workspace/EI-11-Job-C/java-checks-testkit/src/test/java/org/sonar/java/checks/verifier/internal/ExpectationsTest.java: /home/jenkins/agent/workspace/EI-11-Job-C/java-checks-testkit/src/test/java/org/sonar/java/checks/verifier/internal/ExpectationsTest.java uses unchecked or unsafe operations.
[INFO] /home/jenkins/agent/workspace/EI-11-Job-C/java-checks-testkit/src/test/java/org/sonar/java/checks/verifier/internal/ExpectationsTest.java: Recompile with -Xlint:unchecked for details.
[INFO] 
[INFO] --- surefire:3.5.2:test (default-test) @ java-checks-testkit ---
[INFO] Using auto detected provider org.apache.maven.surefire.junitplatform.JUnitPlatformProvider
[INFO] Using auto detected provider org.apache.maven.surefire.junitplatform.JUnitPlatformProvider
[INFO] Using auto detected provider org.apache.maven.surefire.junitplatform.JUnitPlatformProvider
[INFO] 
[INFO] -------------------------------------------------------
[INFO]  T E S T S
[INFO] -------------------------------------------------------
Picked up JAVA_TOOL_OPTIONS: -Xmx1024m
[INFO] Running org.sonar.java.checks.verifier.CheckVerifierTest
[INFO] Tests run: 32, Failures: 0, Errors: 0, Skipped: 0, Time elapsed: 1.268 s -- in org.sonar.java.checks.verifier.CheckVerifierTest
[INFO] Running org.sonar.java.checks.verifier.FilesUtilsTest
[INFO] Tests run: 1, Failures: 0, Errors: 0, Skipped: 0, Time elapsed: 0.011 s -- in org.sonar.java.checks.verifier.FilesUtilsTest
[INFO] Running org.sonar.java.checks.verifier.TestCheckRegistrarContextTest
[INFO] Tests run: 4, Failures: 0, Errors: 0, Skipped: 0, Time elapsed: 0.006 s -- in org.sonar.java.checks.verifier.TestCheckRegistrarContextTest
[INFO] Running org.sonar.java.checks.verifier.TestProfileRegistrarContextTest
[INFO] Tests run: 1, Failures: 0, Errors: 0, Skipped: 0, Time elapsed: 0.001 s -- in org.sonar.java.checks.verifier.TestProfileRegistrarContextTest
[INFO] Running org.sonar.java.checks.verifier.TestUtilsTest
[INFO] Tests run: 12, Failures: 0, Errors: 0, Skipped: 0, Time elapsed: 0.008 s -- in org.sonar.java.checks.verifier.TestUtilsTest
[INFO] Running org.sonar.java.checks.verifier.internal.ExpectationsTest
[INFO] Running org.sonar.java.checks.verifier.internal.ExpectationsTest$QuickFixes
[INFO] Tests run: 43, Failures: 0, Errors: 0, Skipped: 0, Time elapsed: 0.016 s -- in org.sonar.java.checks.verifier.internal.ExpectationsTest$QuickFixes
[INFO] Tests run: 0, Failures: 0, Errors: 0, Skipped: 0, Time elapsed: 0.032 s -- in org.sonar.java.checks.verifier.internal.ExpectationsTest
[INFO] Running org.sonar.java.checks.verifier.internal.InternalCacheContextTest
[INFO] Tests run: 2, Failures: 0, Errors: 0, Skipped: 0, Time elapsed: 0.002 s -- in org.sonar.java.checks.verifier.internal.InternalCacheContextTest
[INFO] Running org.sonar.java.checks.verifier.internal.InternalCheckVerifierTest
OpenJDK 64-Bit Server VM warning: Sharing is only supported for boot loader classes because bootstrap classpath has been appended
[INFO] Running org.sonar.java.checks.verifier.internal.InternalCheckVerifierTest$TestingNoIssues
[INFO] Tests run: 20, Failures: 0, Errors: 0, Skipped: 0, Time elapsed: 0.036 s -- in org.sonar.java.checks.verifier.internal.InternalCheckVerifierTest$TestingNoIssues
[INFO] Running org.sonar.java.checks.verifier.internal.InternalCheckVerifierTest$TestingCheckVerifierInitialConfiguration
[INFO] Tests run: 13, Failures: 0, Errors: 0, Skipped: 0, Time elapsed: 0.084 s -- in org.sonar.java.checks.verifier.internal.InternalCheckVerifierTest$TestingCheckVerifierInitialConfiguration
[INFO] Running org.sonar.java.checks.verifier.internal.InternalCheckVerifierTest$TestingFileIssues
[INFO] Tests run: 6, Failures: 0, Errors: 0, Skipped: 0, Time elapsed: 0.095 s -- in org.sonar.java.checks.verifier.internal.InternalCheckVerifierTest$TestingFileIssues
[INFO] Running org.sonar.java.checks.verifier.internal.InternalCheckVerifierTest$TestingMulitpleFileIssues
[INFO] Tests run: 6, Failures: 0, Errors: 0, Skipped: 0, Time elapsed: 0.098 s -- in org.sonar.java.checks.verifier.internal.InternalCheckVerifierTest$TestingMulitpleFileIssues
[INFO] Running org.sonar.java.checks.verifier.internal.InternalCheckVerifierTest$TestingQuickFix
[INFO] Tests run: 14, Failures: 0, Errors: 0, Skipped: 0, Time elapsed: 0.254 s -- in org.sonar.java.checks.verifier.internal.InternalCheckVerifierTest$TestingQuickFix
[INFO] Running org.sonar.java.checks.verifier.internal.InternalCheckVerifierTest$TestingProjectIssues
[INFO] Tests run: 6, Failures: 0, Errors: 0, Skipped: 0, Time elapsed: 0.090 s -- in org.sonar.java.checks.verifier.internal.InternalCheckVerifierTest$TestingProjectIssues
[INFO] Running org.sonar.java.checks.verifier.internal.InternalCheckVerifierTest$TestingRuleMetadata
[INFO] Tests run: 9, Failures: 0, Errors: 0, Skipped: 0, Time elapsed: 0.160 s -- in org.sonar.java.checks.verifier.internal.InternalCheckVerifierTest$TestingRuleMetadata
[INFO] Tests run: 0, Failures: 0, Errors: 0, Skipped: 0, Time elapsed: 1.281 s -- in org.sonar.java.checks.verifier.internal.InternalCheckVerifierTest
[INFO] Running org.sonar.java.checks.verifier.internal.InternalConfigurationTest
[INFO] Tests run: 1, Failures: 0, Errors: 0, Skipped: 0, Time elapsed: 0.001 s -- in org.sonar.java.checks.verifier.internal.InternalConfigurationTest
[INFO] Running org.sonar.java.checks.verifier.internal.InternalFileSystemTest
[INFO] Tests run: 1, Failures: 0, Errors: 0, Skipped: 0, Time elapsed: 0.003 s -- in org.sonar.java.checks.verifier.internal.InternalFileSystemTest
[INFO] Running org.sonar.java.checks.verifier.internal.InternalInputFileTest
[INFO] Tests run: 3, Failures: 0, Errors: 0, Skipped: 0, Time elapsed: 0.007 s -- in org.sonar.java.checks.verifier.internal.InternalInputFileTest
[INFO] Running org.sonar.java.checks.verifier.internal.InternalReadCacheTest
[INFO] Tests run: 6, Failures: 0, Errors: 0, Skipped: 0, Time elapsed: 0.003 s -- in org.sonar.java.checks.verifier.internal.InternalReadCacheTest
[INFO] Running org.sonar.java.checks.verifier.internal.InternalSensorContextTest
[INFO] Tests run: 3, Failures: 0, Errors: 0, Skipped: 0, Time elapsed: 0.002 s -- in org.sonar.java.checks.verifier.internal.InternalSensorContextTest
[INFO] Running org.sonar.java.checks.verifier.internal.InternalSonarRuntimeTest
[INFO] Tests run: 1, Failures: 0, Errors: 0, Skipped: 0, Time elapsed: 0.001 s -- in org.sonar.java.checks.verifier.internal.InternalSonarRuntimeTest
[INFO] Running org.sonar.java.checks.verifier.internal.InternalTextPointerTest
[INFO] Tests run: 1, Failures: 0, Errors: 0, Skipped: 0, Time elapsed: 0.001 s -- in org.sonar.java.checks.verifier.internal.InternalTextPointerTest
[INFO] Running org.sonar.java.checks.verifier.internal.InternalTextRangeTest
[INFO] Tests run: 1, Failures: 0, Errors: 0, Skipped: 0, Time elapsed: 0 s -- in org.sonar.java.checks.verifier.internal.InternalTextRangeTest
[INFO] Running org.sonar.java.checks.verifier.internal.InternalWriteCacheTest
[INFO] Tests run: 5, Failures: 0, Errors: 0, Skipped: 0, Time elapsed: 0.055 s -- in org.sonar.java.checks.verifier.internal.InternalWriteCacheTest
[INFO] Running org.sonar.java.checks.verifier.internal.JavaCheckVerifierTest
[INFO] Tests run: 38, Failures: 0, Errors: 0, Skipped: 0, Time elapsed: 0.595 s -- in org.sonar.java.checks.verifier.internal.JavaCheckVerifierTest
[INFO] 
[INFO] Results:
[INFO] 
[INFO] Tests run: 229, Failures: 0, Errors: 0, Skipped: 0
[INFO] 
[INFO] 
[INFO] --------------< org.sonarsource.java:java-checks-common >---------------
[INFO] Building SonarQube Java :: Checks Common 8.44.0-SNAPSHOT         [12/27]
[INFO]   from java-checks-common/pom.xml
[INFO] --------------------------------[ jar ]---------------------------------
[INFO] 
[INFO] --- buildnumber:3.2.1:create (default) @ java-checks-common ---
[INFO] 
[INFO] --- enforcer:3.5.0:enforce (enforce) @ java-checks-common ---
[INFO] Rule 0: org.apache.maven.enforcer.rules.property.RequireProperty passed
[INFO] Rule 1: org.apache.maven.enforcer.rules.property.RequireProperty passed
[INFO] Rule 2: org.apache.maven.enforcer.rules.property.RequireProperty passed
[INFO] Rule 3: org.apache.maven.enforcer.rules.property.RequireProperty passed
[INFO] Rule 4: org.apache.maven.enforcer.rules.property.RequireProperty passed
[INFO] Rule 5: org.apache.maven.enforcer.rules.property.RequireProperty passed
[INFO] Rule 8: org.apache.maven.enforcer.rules.RequirePluginVersions passed
[INFO] 
[INFO] --- license:4.6:check (enforce-license-headers) @ java-checks-common ---
[INFO] Checking licenses...
[INFO] 
[INFO] --- bsh:1.4:run (compute-artifact-display-version) @ java-checks-common ---
[INFO] Executing Script
[INFO] file class java.lang.Object
[INFO] script class java.lang.String
[INFO] evaluating script if (! "8.44.0-SNAPSHOT".endsWith("-SNAPSHOT")) { [+ 14 omitted line(s)]
[INFO] 
[INFO] --- resources:3.3.1:resources (default-resources) @ java-checks-common ---
[INFO] skip non existing resourceDirectory /home/jenkins/agent/workspace/EI-11-Job-C/java-checks-common/src/main/resources
[INFO] 
[INFO] --- compiler:3.13.0:compile (default-compile) @ java-checks-common ---
[INFO] Recompiling the module because of changed dependency.
[INFO] Compiling 9 source files with javac [debug release 21] to target/classes
[INFO] 
[INFO] --- resources:3.3.1:testResources (default-testResources) @ java-checks-common ---
[INFO] Copying 1 resource from src/test/resources to target/test-classes
[INFO] 
[INFO] --- dependency:3.8.1:copy (download-jacoco-agent) @ java-checks-common ---
[INFO] Configured Artifact: org.jacoco:org.jacoco.agent:runtime:0.8.15:jar
[INFO] Configured Artifact: org.mockito:mockito-core:5.23.0:jar
[INFO] 
[INFO] --- compiler:3.13.0:testCompile (default-testCompile) @ java-checks-common ---
[INFO] Recompiling the module because of changed dependency.
[INFO] Compiling 8 source files with javac [debug release 21] to target/test-classes
[INFO] /home/jenkins/agent/workspace/EI-11-Job-C/java-checks-common/src/test/java/org/sonar/java/checks/helpers/ExpressionsHelperTest.java: Some input files use or override a deprecated API.
[INFO] /home/jenkins/agent/workspace/EI-11-Job-C/java-checks-common/src/test/java/org/sonar/java/checks/helpers/ExpressionsHelperTest.java: Recompile with -Xlint:deprecation for details.
[INFO] 
[INFO] --- surefire:3.5.2:test (default-test) @ java-checks-common ---
[INFO] Using auto detected provider org.apache.maven.surefire.junitplatform.JUnitPlatformProvider
[INFO] Using auto detected provider org.apache.maven.surefire.junitplatform.JUnitPlatformProvider
[INFO] Using auto detected provider org.apache.maven.surefire.junitplatform.JUnitPlatformProvider
[INFO] 
[INFO] -------------------------------------------------------
[INFO]  T E S T S
[INFO] -------------------------------------------------------
Picked up JAVA_TOOL_OPTIONS: -Xmx1024m
[INFO] Running org.sonar.java.checks.helpers.CredentialMethodTest
[INFO] Tests run: 3, Failures: 0, Errors: 0, Skipped: 0, Time elapsed: 0.055 s -- in org.sonar.java.checks.helpers.CredentialMethodTest
[INFO] Running org.sonar.java.checks.helpers.CredentialMethodsLoaderTest
WARNING: Final field cls in class org.sonar.java.checks.helpers.CredentialMethod has been mutated reflectively by class com.google.gson.internal.bind.ReflectiveTypeAdapterFactory$2 in unnamed module @3d3e5463 (file:/home/jenkins/.m2/repository/com/google/code/gson/gson/2.14.0/gson-2.14.0.jar)
WARNING: Use --enable-final-field-mutation=ALL-UNNAMED to avoid a warning
WARNING: Mutating final fields will be blocked in a future release unless final field mutation is enabled
[INFO] Tests run: 2, Failures: 0, Errors: 0, Skipped: 0, Time elapsed: 0.030 s -- in org.sonar.java.checks.helpers.CredentialMethodsLoaderTest
[INFO] Running org.sonar.java.checks.helpers.ExpressionsHelperTest
OpenJDK 64-Bit Server VM warning: Sharing is only supported for boot loader classes because bootstrap classpath has been appended
[INFO] Tests run: 38, Failures: 0, Errors: 0, Skipped: 0, Time elapsed: 0.917 s -- in org.sonar.java.checks.helpers.ExpressionsHelperTest
[INFO] Running org.sonar.java.checks.helpers.HardcodedStringExpressionCheckerTest
[INFO] Tests run: 1, Failures: 0, Errors: 0, Skipped: 0, Time elapsed: 0.080 s -- in org.sonar.java.checks.helpers.HardcodedStringExpressionCheckerTest
[INFO] Running org.sonar.java.checks.helpers.ReassignmentFinderTest
[INFO] Tests run: 16, Failures: 0, Errors: 0, Skipped: 0, Time elapsed: 0.045 s -- in org.sonar.java.checks.helpers.ReassignmentFinderTest
[INFO] Running org.sonar.java.checks.helpers.TreeHelperTest
[INFO] Tests run: 11, Failures: 0, Errors: 0, Skipped: 0, Time elapsed: 0.032 s -- in org.sonar.java.checks.helpers.TreeHelperTest
[INFO] Running org.sonar.java.checks.methods.AbstractMethodDetectionTest
[INFO] Tests run: 3, Failures: 0, Errors: 0, Skipped: 0, Time elapsed: 0.041 s -- in org.sonar.java.checks.methods.AbstractMethodDetectionTest
[INFO] 
[INFO] Results:
[INFO] 
[INFO] Tests run: 74, Failures: 0, Errors: 0, Skipped: 0
[INFO] 
[INFO] 
[INFO] ------------------< org.sonarsource.java:java-checks >------------------
[INFO] Building SonarQube Java :: Checks 8.44.0-SNAPSHOT                [13/27]
[INFO]   from java-checks/pom.xml
[INFO] --------------------------------[ jar ]---------------------------------
[INFO] 
[INFO] --- buildnumber:3.2.1:create (default) @ java-checks ---
[INFO] 
[INFO] --- enforcer:3.5.0:enforce (enforce) @ java-checks ---
[INFO] Rule 0: org.apache.maven.enforcer.rules.property.RequireProperty passed
[INFO] Rule 1: org.apache.maven.enforcer.rules.property.RequireProperty passed
[INFO] Rule 2: org.apache.maven.enforcer.rules.property.RequireProperty passed
[INFO] Rule 3: org.apache.maven.enforcer.rules.property.RequireProperty passed
[INFO] Rule 4: org.apache.maven.enforcer.rules.property.RequireProperty passed
[INFO] Rule 5: org.apache.maven.enforcer.rules.property.RequireProperty passed
[INFO] Rule 8: org.apache.maven.enforcer.rules.RequirePluginVersions passed
[INFO] 
[INFO] --- license:4.6:check (enforce-license-headers) @ java-checks ---
[INFO] Checking licenses...
[INFO] 
[INFO] --- bsh:1.4:run (compute-artifact-display-version) @ java-checks ---
[INFO] Executing Script
[INFO] file class java.lang.Object
[INFO] script class java.lang.String
[INFO] evaluating script if (! "8.44.0-SNAPSHOT".endsWith("-SNAPSHOT")) { [+ 14 omitted line(s)]
[INFO] 
[INFO] --- resources:3.3.1:resources (default-resources) @ java-checks ---
[INFO] skip non existing resourceDirectory /home/jenkins/agent/workspace/EI-11-Job-C/java-checks/src/main/resources
[INFO] 
[INFO] --- compiler:3.13.0:compile (default-compile) @ java-checks ---
[INFO] Recompiling the module because of changed dependency.
[INFO] Compiling 821 source files with javac [debug release 21] to target/classes
[INFO] /home/jenkins/agent/workspace/EI-11-Job-C/java-checks/src/main/java/org/sonar/java/checks/HardCodedPasswordCheck.java: Some input files use or override a deprecated API.
[INFO] /home/jenkins/agent/workspace/EI-11-Job-C/java-checks/src/main/java/org/sonar/java/checks/HardCodedPasswordCheck.java: Recompile with -Xlint:deprecation for details.
[INFO] /home/jenkins/agent/workspace/EI-11-Job-C/java-checks/src/main/java/org/sonar/java/checks/helpers/QuickFixHelper.java: Some input files use unchecked or unsafe operations.
[INFO] /home/jenkins/agent/workspace/EI-11-Job-C/java-checks/src/main/java/org/sonar/java/checks/helpers/QuickFixHelper.java: Recompile with -Xlint:unchecked for details.
[INFO] 
[INFO] --- resources:3.3.1:testResources (default-testResources) @ java-checks ---
[INFO] Copying 1 resource from src/test/resources to target/test-classes
[INFO] 
[INFO] --- dependency:3.8.1:copy (download-jacoco-agent) @ java-checks ---
[INFO] Configured Artifact: org.jacoco:org.jacoco.agent:runtime:0.8.15:jar
[INFO] Configured Artifact: org.mockito:mockito-core:5.23.0:jar
[INFO] 
[INFO] --- compiler:3.13.0:testCompile (default-testCompile) @ java-checks ---
[INFO] Recompiling the module because of changed dependency.
[INFO] Compiling 775 source files with javac [debug release 21] to target/test-classes
[INFO] /home/jenkins/agent/workspace/EI-11-Job-C/java-checks/src/test/java/org/sonar/java/checks/helpers/BoundedIntegerRangeTest.java: Some input files use or override a deprecated API.
[INFO] /home/jenkins/agent/workspace/EI-11-Job-C/java-checks/src/test/java/org/sonar/java/checks/helpers/BoundedIntegerRangeTest.java: Recompile with -Xlint:deprecation for details.
[INFO] 
[INFO] --- surefire:3.5.2:test (default-test) @ java-checks ---
[INFO] Using auto detected provider org.apache.maven.surefire.junitplatform.JUnitPlatformProvider
[INFO] Using auto detected provider org.apache.maven.surefire.junitplatform.JUnitPlatformProvider
[INFO] Using auto detected provider org.apache.maven.surefire.junitplatform.JUnitPlatformProvider
[INFO] 
[INFO] -------------------------------------------------------
[INFO]  T E S T S
[INFO] -------------------------------------------------------
Picked up JAVA_TOOL_OPTIONS: -Xmx1024m
[INFO] Running org.sonar.java.checks.AbsOnNegativeCheckTest
[INFO] Tests run: 2, Failures: 0, Errors: 0, Skipped: 0, Time elapsed: 0.705 s -- in org.sonar.java.checks.AbsOnNegativeCheckTest
[INFO] Running org.sonar.java.checks.AbstractClassNoFieldShouldBeInterfaceCheckTest
[INFO] Tests run: 9, Failures: 0, Errors: 0, Skipped: 0, Time elapsed: 0.243 s -- in org.sonar.java.checks.AbstractClassNoFieldShouldBeInterfaceCheckTest
[INFO] Running org.sonar.java.checks.AbstractClassWithoutAbstractMethodCheckTest
[INFO] Tests run: 2, Failures: 0, Errors: 0, Skipped: 0, Time elapsed: 0.043 s -- in org.sonar.java.checks.AbstractClassWithoutAbstractMethodCheckTest
[INFO] Running org.sonar.java.checks.AccessibilityChangeCheckTest
[INFO] Tests run: 4, Failures: 0, Errors: 0, Skipped: 0, Time elapsed: 0.150 s -- in org.sonar.java.checks.AccessibilityChangeCheckTest
[INFO] Running org.sonar.java.checks.AccessibilityChangeOnRecordsCheckTest
[INFO] Tests run: 2, Failures: 0, Errors: 0, Skipped: 0, Time elapsed: 0.054 s -- in org.sonar.java.checks.AccessibilityChangeOnRecordsCheckTest
[INFO] Running org.sonar.java.checks.AllBranchesAreIdenticalCheckTest
[INFO] Tests run: 3, Failures: 0, Errors: 0, Skipped: 0, Time elapsed: 0.092 s -- in org.sonar.java.checks.AllBranchesAreIdenticalCheckTest
[INFO] Running org.sonar.java.checks.AlmostJavadocCheckTest
[INFO] Tests run: 5, Failures: 0, Errors: 0, Skipped: 0, Time elapsed: 0.126 s -- in org.sonar.java.checks.AlmostJavadocCheckTest
[INFO] Running org.sonar.java.checks.AnnotationDefaultArgumentCheckTest
[INFO] Tests run: 3, Failures: 0, Errors: 0, Skipped: 0, Time elapsed: 0.075 s -- in org.sonar.java.checks.AnnotationDefaultArgumentCheckTest
[INFO] Running org.sonar.java.checks.AnonymousClassOnFunctionalInterfaceCheckTest
[INFO] Tests run: 2, Failures: 0, Errors: 0, Skipped: 0, Time elapsed: 0.078 s -- in org.sonar.java.checks.AnonymousClassOnFunctionalInterfaceCheckTest
[INFO] Running org.sonar.java.checks.AnonymousClassShouldBeLambdaCheckTest
[INFO] Tests run: 5, Failures: 0, Errors: 0, Skipped: 0, Time elapsed: 0.168 s -- in org.sonar.java.checks.AnonymousClassShouldBeLambdaCheckTest
[INFO] Running org.sonar.java.checks.AnonymousClassesTooBigCheckTest
[INFO] Tests run: 3, Failures: 0, Errors: 0, Skipped: 0, Time elapsed: 0.076 s -- in org.sonar.java.checks.AnonymousClassesTooBigCheckTest
[INFO] Running org.sonar.java.checks.ArrayCopyLoopCheckTest
[INFO] Tests run: 2, Failures: 0, Errors: 0, Skipped: 0, Time elapsed: 0.102 s -- in org.sonar.java.checks.ArrayCopyLoopCheckTest
[INFO] Running org.sonar.java.checks.ArrayDesignatorAfterTypeCheckTest
[INFO] Tests run: 2, Failures: 0, Errors: 0, Skipped: 0, Time elapsed: 0.041 s -- in org.sonar.java.checks.ArrayDesignatorAfterTypeCheckTest
[INFO] Running org.sonar.java.checks.ArrayDesignatorOnVariableCheckTest
[INFO] Tests run: 2, Failures: 0, Errors: 0, Skipped: 0, Time elapsed: 0.040 s -- in org.sonar.java.checks.ArrayDesignatorOnVariableCheckTest
[INFO] Running org.sonar.java.checks.ArrayForVarArgCheckTest
[INFO] Tests run: 3, Failures: 0, Errors: 0, Skipped: 0, Time elapsed: 0.084 s -- in org.sonar.java.checks.ArrayForVarArgCheckTest
[INFO] Running org.sonar.java.checks.ArrayHashCodeAndToStringCheckTest
[INFO] Tests run: 2, Failures: 0, Errors: 0, Skipped: 0, Time elapsed: 0.041 s -- in org.sonar.java.checks.ArrayHashCodeAndToStringCheckTest
[INFO] Running org.sonar.java.checks.ArraysAsListOfPrimitiveToStreamCheckTest
[INFO] Tests run: 2, Failures: 0, Errors: 0, Skipped: 0, Time elapsed: 0.043 s -- in org.sonar.java.checks.ArraysAsListOfPrimitiveToStreamCheckTest
[INFO] Running org.sonar.java.checks.AssertOnBooleanVariableCheckTest
[INFO] Tests run: 2, Failures: 0, Errors: 0, Skipped: 0, Time elapsed: 0.044 s -- in org.sonar.java.checks.AssertOnBooleanVariableCheckTest
[INFO] Running org.sonar.java.checks.AssertThrowsInsteadOfTryCatchFailCheckTest
[INFO] Tests run: 2, Failures: 0, Errors: 0, Skipped: 0, Time elapsed: 0.063 s -- in org.sonar.java.checks.AssertThrowsInsteadOfTryCatchFailCheckTest
[INFO] Running org.sonar.java.checks.AssertionsInProductionCodeCheckTest
[INFO] Tests run: 4, Failures: 0, Errors: 0, Skipped: 0, Time elapsed: 0.080 s -- in org.sonar.java.checks.AssertionsInProductionCodeCheckTest
[INFO] Running org.sonar.java.checks.AssertsOnParametersOfPublicMethodCheckTest
[INFO] Tests run: 2, Failures: 0, Errors: 0, Skipped: 0, Time elapsed: 0.046 s -- in org.sonar.java.checks.AssertsOnParametersOfPublicMethodCheckTest
[INFO] Running org.sonar.java.checks.AssignmentInSubExpressionCheckTest
[INFO] Tests run: 2, Failures: 0, Errors: 0, Skipped: 0, Time elapsed: 0.050 s -- in org.sonar.java.checks.AssignmentInSubExpressionCheckTest
[INFO] Running org.sonar.java.checks.AtLeastOneConstructorCheckTest
[INFO] Tests run: 3, Failures: 0, Errors: 0, Skipped: 0, Time elapsed: 0.109 s -- in org.sonar.java.checks.AtLeastOneConstructorCheckTest
[INFO] Running org.sonar.java.checks.AvoidHighFrameratesOnMobileCheckTest
[INFO] Tests run: 2, Failures: 0, Errors: 0, Skipped: 0, Time elapsed: 0.031 s -- in org.sonar.java.checks.AvoidHighFrameratesOnMobileCheckTest
[INFO] Running org.sonar.java.checks.BareDotRegexpCheckTest
[INFO] Tests run: 2, Failures: 0, Errors: 0, Skipped: 0, Time elapsed: 0.039 s -- in org.sonar.java.checks.BareDotRegexpCheckTest
[INFO] Running org.sonar.java.checks.BasicAuthCheckTest
[INFO] Tests run: 2, Failures: 0, Errors: 0, Skipped: 0, Time elapsed: 0.042 s -- in org.sonar.java.checks.BasicAuthCheckTest
[INFO] Running org.sonar.java.checks.BatchSQLStatementsCheckTest
[INFO] Tests run: 2, Failures: 0, Errors: 0, Skipped: 0, Time elapsed: 0.060 s -- in org.sonar.java.checks.BatchSQLStatementsCheckTest
[INFO] Running org.sonar.java.checks.BeanValidationConstraintOnStaticFieldCheckTest
[INFO] Tests run: 3, Failures: 0, Errors: 0, Skipped: 0, Time elapsed: 0.076 s -- in org.sonar.java.checks.BeanValidationConstraintOnStaticFieldCheckTest
[INFO] Running org.sonar.java.checks.BigDecimalDoubleConstructorCheckTest
[INFO] Tests run: 2, Failures: 0, Errors: 0, Skipped: 0, Time elapsed: 0.040 s -- in org.sonar.java.checks.BigDecimalDoubleConstructorCheckTest
[INFO] Running org.sonar.java.checks.BigDecimalEqualsCheckTest
[INFO] Tests run: 4, Failures: 0, Errors: 0, Skipped: 0, Time elapsed: 0.092 s -- in org.sonar.java.checks.BigDecimalEqualsCheckTest
[INFO] Running org.sonar.java.checks.BitwiseAndWithZeroCheckTest
[INFO] Tests run: 2, Failures: 0, Errors: 0, Skipped: 0, Time elapsed: 0.032 s -- in org.sonar.java.checks.BitwiseAndWithZeroCheckTest
[INFO] Running org.sonar.java.checks.BlockingOperationsInVirtualThreadsCheckTest
[INFO] Tests run: 3, Failures: 0, Errors: 0, Skipped: 0, Time elapsed: 0.091 s -- in org.sonar.java.checks.BlockingOperationsInVirtualThreadsCheckTest
[INFO] Running org.sonar.java.checks.BluetoothLowPowerModeCheckTest
[INFO] Tests run: 2, Failures: 0, Errors: 0, Skipped: 0, Time elapsed: 0.035 s -- in org.sonar.java.checks.BluetoothLowPowerModeCheckTest
[INFO] Running org.sonar.java.checks.BooleanInversionCheckTest
[INFO] Tests run: 2, Failures: 0, Errors: 0, Skipped: 0, Time elapsed: 0.030 s -- in org.sonar.java.checks.BooleanInversionCheckTest
[INFO] Running org.sonar.java.checks.BooleanLiteralCheckTest
[INFO] Tests run: 2, Failures: 0, Errors: 0, Skipped: 0, Time elapsed: 0.047 s -- in org.sonar.java.checks.BooleanLiteralCheckTest
[INFO] Running org.sonar.java.checks.BooleanMethodReturnCheckTest
[INFO] Tests run: 4, Failures: 0, Errors: 0, Skipped: 0, Time elapsed: 0.137 s -- in org.sonar.java.checks.BooleanMethodReturnCheckTest
[INFO] Running org.sonar.java.checks.BoxedBooleanExpressionsCheckTest
[INFO] Tests run: 2, Failures: 0, Errors: 0, Skipped: 0, Time elapsed: 0.104 s -- in org.sonar.java.checks.BoxedBooleanExpressionsCheckTest
[INFO] Running org.sonar.java.checks.BufferedReaderBoilerplateCheckTest
[INFO] Tests run: 3, Failures: 0, Errors: 0, Skipped: 0, Time elapsed: 0.070 s -- in org.sonar.java.checks.BufferedReaderBoilerplateCheckTest
[INFO] Running org.sonar.java.checks.CORSCheckTest
[INFO] Tests run: 3, Failures: 0, Errors: 0, Skipped: 0, Time elapsed: 0.062 s -- in org.sonar.java.checks.CORSCheckTest
[INFO] Running org.sonar.java.checks.CallOuterPrivateMethodCheckTest
[INFO] Tests run: 3, Failures: 0, Errors: 0, Skipped: 0, Time elapsed: 0.069 s -- in org.sonar.java.checks.CallOuterPrivateMethodCheckTest
[INFO] Running org.sonar.java.checks.CallSuperMethodFromInnerClassCheckTest
[INFO] Tests run: 2, Failures: 0, Errors: 0, Skipped: 0, Time elapsed: 0.038 s -- in org.sonar.java.checks.CallSuperMethodFromInnerClassCheckTest
[INFO] Running org.sonar.java.checks.CallToDeprecatedCodeMarkedForRemovalCheckTest
[INFO] Tests run: 2, Failures: 0, Errors: 0, Skipped: 0, Time elapsed: 0.040 s -- in org.sonar.java.checks.CallToDeprecatedCodeMarkedForRemovalCheckTest
[INFO] Running org.sonar.java.checks.CallToDeprecatedMethodCheckTest
[INFO] Tests run: 4, Failures: 0, Errors: 0, Skipped: 0, Time elapsed: 0.106 s -- in org.sonar.java.checks.CallToDeprecatedMethodCheckTest
[INFO] Running org.sonar.java.checks.CallToFileDeleteOnExitMethodCheckTest
[INFO] Tests run: 2, Failures: 0, Errors: 0, Skipped: 0, Time elapsed: 0.029 s -- in org.sonar.java.checks.CallToFileDeleteOnExitMethodCheckTest
[INFO] Running org.sonar.java.checks.CaseInsensitiveComparisonCheckTest
[INFO] Tests run: 2, Failures: 0, Errors: 0, Skipped: 0, Time elapsed: 0.036 s -- in org.sonar.java.checks.CaseInsensitiveComparisonCheckTest
[INFO] Running org.sonar.java.checks.CastArithmeticOperandCheckTest
[INFO] Tests run: 2, Failures: 0, Errors: 0, Skipped: 0, Time elapsed: 0.067 s -- in org.sonar.java.checks.CastArithmeticOperandCheckTest
[INFO] Running org.sonar.java.checks.CatchExceptionCheckTest
[INFO] Tests run: 2, Failures: 0, Errors: 0, Skipped: 0, Time elapsed: 0.042 s -- in org.sonar.java.checks.CatchExceptionCheckTest
[INFO] Running org.sonar.java.checks.CatchIllegalMonitorStateExceptionCheckTest
[INFO] Tests run: 3, Failures: 0, Errors: 0, Skipped: 0, Time elapsed: 0.065 s -- in org.sonar.java.checks.CatchIllegalMonitorStateExceptionCheckTest
[INFO] Running org.sonar.java.checks.CatchNPECheckTest
[INFO] Tests run: 2, Failures: 0, Errors: 0, Skipped: 0, Time elapsed: 0.030 s -- in org.sonar.java.checks.CatchNPECheckTest
[INFO] Running org.sonar.java.checks.CatchOfThrowableOrErrorCheckTest
[INFO] Tests run: 4, Failures: 0, Errors: 0, Skipped: 0, Time elapsed: 0.086 s -- in org.sonar.java.checks.CatchOfThrowableOrErrorCheckTest
[INFO] Running org.sonar.java.checks.CatchRethrowingCheckTest
[INFO] Tests run: 2, Failures: 0, Errors: 0, Skipped: 0, Time elapsed: 0.029 s -- in org.sonar.java.checks.CatchRethrowingCheckTest
[INFO] Running org.sonar.java.checks.CatchUsesExceptionWithContextCheckTest
[INFO] Tests run: 5, Failures: 0, Errors: 0, Skipped: 0, Time elapsed: 0.164 s -- in org.sonar.java.checks.CatchUsesExceptionWithContextCheckTest
[INFO] Running org.sonar.java.checks.ChangeMethodContractCheckTest
[INFO] Tests run: 6, Failures: 0, Errors: 0, Skipped: 0, Time elapsed: 0.202 s -- in org.sonar.java.checks.ChangeMethodContractCheckTest
[INFO] Running org.sonar.java.checks.ChildClassShadowFieldCheckTest
[INFO] Tests run: 2, Failures: 0, Errors: 0, Skipped: 0, Time elapsed: 0.031 s -- in org.sonar.java.checks.ChildClassShadowFieldCheckTest
[INFO] Running org.sonar.java.checks.ClassBuilderWithMethodCheckTest
[INFO] Tests run: 2, Failures: 0, Errors: 0, Skipped: 0, Time elapsed: 0.042 s -- in org.sonar.java.checks.ClassBuilderWithMethodCheckTest
[INFO] Running org.sonar.java.checks.ClassComparedByNameCheckTest
[INFO] Tests run: 2, Failures: 0, Errors: 0, Skipped: 0, Time elapsed: 0.036 s -- in org.sonar.java.checks.ClassComparedByNameCheckTest
[INFO] Running org.sonar.java.checks.ClassFieldCountCheckTest
[INFO] Tests run: 5, Failures: 0, Errors: 0, Skipped: 0, Time elapsed: 0.112 s -- in org.sonar.java.checks.ClassFieldCountCheckTest
[INFO] Running org.sonar.java.checks.ClassNameInClassTransformCheckTest
[INFO] Tests run: 2, Failures: 0, Errors: 0, Skipped: 0, Time elapsed: 0.041 s -- in org.sonar.java.checks.ClassNameInClassTransformCheckTest
[INFO] Running org.sonar.java.checks.ClassVariableVisibilityCheckTest
[INFO] Tests run: 2, Failures: 0, Errors: 0, Skipped: 0, Time elapsed: 0.029 s -- in org.sonar.java.checks.ClassVariableVisibilityCheckTest
[INFO] Running org.sonar.java.checks.ClassWithOnlyStaticMethodsInstantiationCheckTest
[INFO] Tests run: 2, Failures: 0, Errors: 0, Skipped: 0, Time elapsed: 0.036 s -- in org.sonar.java.checks.ClassWithOnlyStaticMethodsInstantiationCheckTest
[INFO] Running org.sonar.java.checks.ClassWithoutHashCodeInHashStructureCheckTest
[INFO] Tests run: 2, Failures: 0, Errors: 0, Skipped: 0, Time elapsed: 0.070 s -- in org.sonar.java.checks.ClassWithoutHashCodeInHashStructureCheckTest
[INFO] Running org.sonar.java.checks.CloneMethodCallsSuperCloneCheckTest
[INFO] Tests run: 2, Failures: 0, Errors: 0, Skipped: 0, Time elapsed: 0.032 s -- in org.sonar.java.checks.CloneMethodCallsSuperCloneCheckTest
[INFO] Running org.sonar.java.checks.CloneOverrideCheckTest
[INFO] Tests run: 2, Failures: 0, Errors: 0, Skipped: 0, Time elapsed: 0.033 s -- in org.sonar.java.checks.CloneOverrideCheckTest
[INFO] Running org.sonar.java.checks.CloneableImplementingCloneCheckTest
[INFO] Tests run: 2, Failures: 0, Errors: 0, Skipped: 0, Time elapsed: 0.037 s -- in org.sonar.java.checks.CloneableImplementingCloneCheckTest
[INFO] Running org.sonar.java.checks.CognitiveComplexityMethodCheckTest
[INFO] Tests run: 2, Failures: 0, Errors: 0, Skipped: 0, Time elapsed: 0.047 s -- in org.sonar.java.checks.CognitiveComplexityMethodCheckTest
[INFO] Running org.sonar.java.checks.CollapsibleIfCandidateCheckTest
[INFO] Tests run: 3, Failures: 0, Errors: 0, Skipped: 0, Time elapsed: 0.065 s -- in org.sonar.java.checks.CollapsibleIfCandidateCheckTest
[INFO] Running org.sonar.java.checks.CollectInsteadOfForeachCheckTest
[INFO] Tests run: 2, Failures: 0, Errors: 0, Skipped: 0, Time elapsed: 0.033 s -- in org.sonar.java.checks.CollectInsteadOfForeachCheckTest
[INFO] Running org.sonar.java.checks.CollectionCallingItselfCheckTest
[INFO] Tests run: 2, Failures: 0, Errors: 0, Skipped: 0, Time elapsed: 0.029 s -- in org.sonar.java.checks.CollectionCallingItselfCheckTest
[INFO] Running org.sonar.java.checks.CollectionConstructorReferenceCheckTest
[INFO] Tests run: 3, Failures: 0, Errors: 0, Skipped: 0, Time elapsed: 0.094 s -- in org.sonar.java.checks.CollectionConstructorReferenceCheckTest
[INFO] Running org.sonar.java.checks.CollectionImplementationReferencedCheckTest
[INFO] Tests run: 2, Failures: 0, Errors: 0, Skipped: 0, Time elapsed: 0.053 s -- in org.sonar.java.checks.CollectionImplementationReferencedCheckTest
[INFO] Running org.sonar.java.checks.CollectionInappropriateCallsCheckTest
[INFO] Tests run: 3, Failures: 0, Errors: 0, Skipped: 0, Time elapsed: 0.109 s -- in org.sonar.java.checks.CollectionInappropriateCallsCheckTest
[INFO] Running org.sonar.java.checks.CollectionIsEmptyCheckTest
[INFO] Tests run: 2, Failures: 0, Errors: 0, Skipped: 0, Time elapsed: 0.044 s -- in org.sonar.java.checks.CollectionIsEmptyCheckTest
[INFO] Running org.sonar.java.checks.CollectionMethodsWithLinearComplexityCheckTest
[INFO] Tests run: 2, Failures: 0, Errors: 0, Skipped: 0, Time elapsed: 0.042 s -- in org.sonar.java.checks.CollectionMethodsWithLinearComplexityCheckTest
[INFO] Running org.sonar.java.checks.CollectionSizeAndArrayLengthCheckTest
[INFO] Tests run: 2, Failures: 0, Errors: 0, Skipped: 0, Time elapsed: 0.036 s -- in org.sonar.java.checks.CollectionSizeAndArrayLengthCheckTest
[INFO] Running org.sonar.java.checks.CollectionsEmptyConstantsCheckTest
[INFO] Tests run: 2, Failures: 0, Errors: 0, Skipped: 0, Time elapsed: 0.030 s -- in org.sonar.java.checks.CollectionsEmptyConstantsCheckTest
[INFO] Running org.sonar.java.checks.CollectorsToListCheckTest
[INFO] Tests run: 4, Failures: 0, Errors: 0, Skipped: 0, Time elapsed: 0.146 s -- in org.sonar.java.checks.CollectorsToListCheckTest
[INFO] Running org.sonar.java.checks.CombineCatchCheckTest
[INFO] Tests run: 4, Failures: 0, Errors: 0, Skipped: 0, Time elapsed: 0.103 s -- in org.sonar.java.checks.CombineCatchCheckTest
[INFO] Running org.sonar.java.checks.CommentRegularExpressionCheckTest
[INFO] Tests run: 4, Failures: 0, Errors: 0, Skipped: 0, Time elapsed: 0.081 s -- in org.sonar.java.checks.CommentRegularExpressionCheckTest
[INFO] Running org.sonar.java.checks.CommentedOutCodeLineCheckTest
[INFO] Tests run: 2, Failures: 0, Errors: 0, Skipped: 0, Time elapsed: 0.032 s -- in org.sonar.java.checks.CommentedOutCodeLineCheckTest
[INFO] Running org.sonar.java.checks.CommentsMustStartWithCorrectNumberOfSlashesCheckTest
[INFO] Tests run: 4, Failures: 0, Errors: 0, Skipped: 0, Time elapsed: 0.084 s -- in org.sonar.java.checks.CommentsMustStartWithCorrectNumberOfSlashesCheckTest
[INFO] Running org.sonar.java.checks.CompareObjectWithEqualsCheckTest
[INFO] Tests run: 2, Failures: 0, Errors: 0, Skipped: 0, Time elapsed: 0.041 s -- in org.sonar.java.checks.CompareObjectWithEqualsCheckTest
[INFO] Running org.sonar.java.checks.CompareStringsBoxedTypesWithEqualsCheckTest
[INFO] Tests run: 2, Failures: 0, Errors: 0, Skipped: 0, Time elapsed: 0.067 s -- in org.sonar.java.checks.CompareStringsBoxedTypesWithEqualsCheckTest
[INFO] Running org.sonar.java.checks.CompareToNotOverloadedCheckTest
[INFO] Tests run: 2, Failures: 0, Errors: 0, Skipped: 0, Time elapsed: 0.034 s -- in org.sonar.java.checks.CompareToNotOverloadedCheckTest
[INFO] Running org.sonar.java.checks.CompareToResultTestCheckTest
[INFO] Tests run: 3, Failures: 0, Errors: 0, Skipped: 0, Time elapsed: 0.069 s -- in org.sonar.java.checks.CompareToResultTestCheckTest
[INFO] Running org.sonar.java.checks.CompareToReturnValueCheckTest
[INFO] Tests run: 2, Failures: 0, Errors: 0, Skipped: 0, Time elapsed: 0.041 s -- in org.sonar.java.checks.CompareToReturnValueCheckTest
[INFO] Running org.sonar.java.checks.ConcatenationWithStringValueOfCheckTest
[INFO] Tests run: 2, Failures: 0, Errors: 0, Skipped: 0, Time elapsed: 0.040 s -- in org.sonar.java.checks.ConcatenationWithStringValueOfCheckTest
[INFO] Running org.sonar.java.checks.ConditionalOnNewLineCheckTest
[INFO] Tests run: 2, Failures: 0, Errors: 0, Skipped: 0, Time elapsed: 0.030 s -- in org.sonar.java.checks.ConditionalOnNewLineCheckTest
[INFO] Running org.sonar.java.checks.ConditionalRuleCacheUtilsTest
[INFO] Tests run: 6, Failures: 0, Errors: 0, Skipped: 0, Time elapsed: 0.008 s -- in org.sonar.java.checks.ConditionalRuleCacheUtilsTest
[INFO] Running org.sonar.java.checks.ConfigurationBeanNamesCheckTest
[INFO] Tests run: 2, Failures: 0, Errors: 0, Skipped: 0, Time elapsed: 0.037 s -- in org.sonar.java.checks.ConfigurationBeanNamesCheckTest
[INFO] Running org.sonar.java.checks.ConfusingOverloadCheckTest
[INFO] Tests run: 3, Failures: 0, Errors: 0, Skipped: 0, Time elapsed: 0.067 s -- in org.sonar.java.checks.ConfusingOverloadCheckTest
[INFO] Running org.sonar.java.checks.ConfusingVarargCheckTest
[INFO] Tests run: 2, Failures: 0, Errors: 0, Skipped: 0, Time elapsed: 0.043 s -- in org.sonar.java.checks.ConfusingVarargCheckTest
[INFO] Running org.sonar.java.checks.ConstantMathCheckTest
[INFO] Tests run: 2, Failures: 0, Errors: 0, Skipped: 0, Time elapsed: 0.037 s -- in org.sonar.java.checks.ConstantMathCheckTest
[INFO] Running org.sonar.java.checks.ConstantMethodCheckTest
[INFO] Tests run: 2, Failures: 0, Errors: 0, Skipped: 0, Time elapsed: 0.042 s -- in org.sonar.java.checks.ConstantMethodCheckTest
[INFO] Running org.sonar.java.checks.ConstantsShouldBeStaticFinalCheckTest
[INFO] Tests run: 3, Failures: 0, Errors: 0, Skipped: 0, Time elapsed: 0.077 s -- in org.sonar.java.checks.ConstantsShouldBeStaticFinalCheckTest
[INFO] Running org.sonar.java.checks.ConstructorCallingOverridableCheckTest
[INFO] Tests run: 2, Failures: 0, Errors: 0, Skipped: 0, Time elapsed: 0.038 s -- in org.sonar.java.checks.ConstructorCallingOverridableCheckTest
[INFO] Running org.sonar.java.checks.ConstructorInjectionCheckTest
[INFO] Tests run: 1, Failures: 0, Errors: 0, Skipped: 0, Time elapsed: 0.038 s -- in org.sonar.java.checks.ConstructorInjectionCheckTest
[INFO] Running org.sonar.java.checks.ContinueInLoopCheckTest
[INFO] Tests run: 2, Failures: 0, Errors: 0, Skipped: 0, Time elapsed: 0.037 s -- in org.sonar.java.checks.ContinueInLoopCheckTest
[INFO] Running org.sonar.java.checks.ControlCharacterInLiteralCheckTest
[INFO] Tests run: 4, Failures: 0, Errors: 0, Skipped: 0, Time elapsed: 0.104 s -- in org.sonar.java.checks.ControlCharacterInLiteralCheckTest
[INFO] Running org.sonar.java.checks.CopyConstructorMissesFieldCheckTest
[INFO] Tests run: 3, Failures: 0, Errors: 0, Skipped: 0, Time elapsed: 0.085 s -- in org.sonar.java.checks.CopyConstructorMissesFieldCheckTest
[INFO] Running org.sonar.java.checks.CounterModeIVShouldNotBeReusedCheckTest
[INFO] Tests run: 2, Failures: 0, Errors: 0, Skipped: 0, Time elapsed: 0.044 s -- in org.sonar.java.checks.CounterModeIVShouldNotBeReusedCheckTest
[INFO] Running org.sonar.java.checks.CredentialsProviderUnremovableCheckTest
[INFO] Tests run: 3, Failures: 0, Errors: 0, Skipped: 0, Time elapsed: 0.068 s -- in org.sonar.java.checks.CredentialsProviderUnremovableCheckTest
[INFO] Running org.sonar.java.checks.CustomCryptographicAlgorithmCheckTest
[INFO] Tests run: 2, Failures: 0, Errors: 0, Skipped: 0, Time elapsed: 0.030 s -- in org.sonar.java.checks.CustomCryptographicAlgorithmCheckTest
[INFO] Running org.sonar.java.checks.DanglingElseStatementsCheckTest
[INFO] Tests run: 2, Failures: 0, Errors: 0, Skipped: 0, Time elapsed: 0.028 s -- in org.sonar.java.checks.DanglingElseStatementsCheckTest
[INFO] Running org.sonar.java.checks.DanglingJavadocCheckTest
[INFO] Tests run: 2, Failures: 0, Errors: 0, Skipped: 0, Time elapsed: 0.034 s -- in org.sonar.java.checks.DanglingJavadocCheckTest
[INFO] Running org.sonar.java.checks.DateAndTimesCheckTest
[INFO] Tests run: 6, Failures: 0, Errors: 0, Skipped: 0, Time elapsed: 0.130 s -- in org.sonar.java.checks.DateAndTimesCheckTest
[INFO] Running org.sonar.java.checks.DateEnumsCheckTest
OpenJDK 64-Bit Server VM warning: Sharing is only supported for boot loader classes because bootstrap classpath has been appended
[INFO] Tests run: 8, Failures: 0, Errors: 0, Skipped: 0, Time elapsed: 0.887 s -- in org.sonar.java.checks.DateEnumsCheckTest
[INFO] Running org.sonar.java.checks.DateFormatWeekYearCheckTest
[INFO] Tests run: 2, Failures: 0, Errors: 0, Skipped: 0, Time elapsed: 0.055 s -- in org.sonar.java.checks.DateFormatWeekYearCheckTest
[INFO] Running org.sonar.java.checks.DateTimeConversionsCheckTest
[INFO] Tests run: 2, Failures: 0, Errors: 0, Skipped: 0, Time elapsed: 0.041 s -- in org.sonar.java.checks.DateTimeConversionsCheckTest
[INFO] Running org.sonar.java.checks.DateTimeDurationCheckTest
[INFO] Tests run: 2, Failures: 0, Errors: 0, Skipped: 0, Time elapsed: 0.037 s -- in org.sonar.java.checks.DateTimeDurationCheckTest
[INFO] Running org.sonar.java.checks.DateTimeFormatterMismatchCheckTest
[INFO] Tests run: 2, Failures: 0, Errors: 0, Skipped: 0, Time elapsed: 0.047 s -- in org.sonar.java.checks.DateTimeFormatterMismatchCheckTest
[INFO] Running org.sonar.java.checks.DateUtilsTruncateCheckTest
[INFO] Tests run: 4, Failures: 0, Errors: 0, Skipped: 0, Time elapsed: 0.104 s -- in org.sonar.java.checks.DateUtilsTruncateCheckTest
[INFO] Running org.sonar.java.checks.DeadStoreCheckTest
[INFO] Tests run: 5, Failures: 0, Errors: 0, Skipped: 0, Time elapsed: 0.182 s -- in org.sonar.java.checks.DeadStoreCheckTest
[INFO] Running org.sonar.java.checks.DefaultEncodingUsageCheckTest
[INFO] Tests run: 7, Failures: 0, Errors: 0, Skipped: 0, Time elapsed: 0.298 s -- in org.sonar.java.checks.DefaultEncodingUsageCheckTest
[INFO] Running org.sonar.java.checks.DefaultFinisherInGathererFactoryCheckTest
[INFO] Tests run: 2, Failures: 0, Errors: 0, Skipped: 0, Time elapsed: 0.043 s -- in org.sonar.java.checks.DefaultFinisherInGathererFactoryCheckTest
[INFO] Running org.sonar.java.checks.DefaultInitializedFieldCheckTest
[INFO] Tests run: 2, Failures: 0, Errors: 0, Skipped: 0, Time elapsed: 0.044 s -- in org.sonar.java.checks.DefaultInitializedFieldCheckTest
[INFO] Running org.sonar.java.checks.DefaultPackageCheckTest
[INFO] Tests run: 5, Failures: 0, Errors: 0, Skipped: 0, Time elapsed: 0.157 s -- in org.sonar.java.checks.DefaultPackageCheckTest
[INFO] Running org.sonar.java.checks.DeprecatedArgumentsCheckTest
[INFO] Tests run: 3, Failures: 0, Errors: 0, Skipped: 0, Time elapsed: 0.095 s -- in org.sonar.java.checks.DeprecatedArgumentsCheckTest
[INFO] Running org.sonar.java.checks.DeprecatedTagPresenceCheckTest
[INFO] Tests run: 2, Failures: 0, Errors: 0, Skipped: 0, Time elapsed: 0.038 s -- in org.sonar.java.checks.DeprecatedTagPresenceCheckTest
[INFO] Running org.sonar.java.checks.DepthOfInheritanceTreeCheckTest
[INFO] Tests run: 5, Failures: 0, Errors: 0, Skipped: 0, Time elapsed: 0.199 s -- in org.sonar.java.checks.DepthOfInheritanceTreeCheckTest
[INFO] Running org.sonar.java.checks.DiamondOperatorCheckTest
[INFO] Tests run: 4, Failures: 0, Errors: 0, Skipped: 0, Time elapsed: 0.116 s -- in org.sonar.java.checks.DiamondOperatorCheckTest
[INFO] Running org.sonar.java.checks.DisallowedClassCheckTest
[INFO] Tests run: 4, Failures: 0, Errors: 0, Skipped: 0, Time elapsed: 0.107 s -- in org.sonar.java.checks.DisallowedClassCheckTest
[INFO] Running org.sonar.java.checks.DisallowedConstructorCheckTest
[INFO] Tests run: 5, Failures: 0, Errors: 0, Skipped: 0, Time elapsed: 0.102 s -- in org.sonar.java.checks.DisallowedConstructorCheckTest
[INFO] Running org.sonar.java.checks.DisallowedMethodCheckTest
[INFO] Tests run: 6, Failures: 0, Errors: 0, Skipped: 0, Time elapsed: 0.124 s -- in org.sonar.java.checks.DisallowedMethodCheckTest
[INFO] Running org.sonar.java.checks.DisallowedThreadGroupCheckTest
[INFO] Tests run: 3, Failures: 0, Errors: 0, Skipped: 0, Time elapsed: 0.065 s -- in org.sonar.java.checks.DisallowedThreadGroupCheckTest
[INFO] Running org.sonar.java.checks.DoubleBraceInitializationCheckTest
[INFO] Tests run: 2, Failures: 0, Errors: 0, Skipped: 0, Time elapsed: 0.037 s -- in org.sonar.java.checks.DoubleBraceInitializationCheckTest
[INFO] Running org.sonar.java.checks.DoubleCheckedLockingAssignmentCheckTest
[INFO] Tests run: 2, Failures: 0, Errors: 0, Skipped: 0, Time elapsed: 0.045 s -- in org.sonar.java.checks.DoubleCheckedLockingAssignmentCheckTest
[INFO] Running org.sonar.java.checks.DoublePrefixOperatorCheckTest
[INFO] Tests run: 2, Failures: 0, Errors: 0, Skipped: 0, Time elapsed: 0.029 s -- in org.sonar.java.checks.DoublePrefixOperatorCheckTest
[INFO] Running org.sonar.java.checks.DuplicateConditionIfElseIfCheckTest
[INFO] Tests run: 2, Failures: 0, Errors: 0, Skipped: 0, Time elapsed: 0.029 s -- in org.sonar.java.checks.DuplicateConditionIfElseIfCheckTest
[INFO] Running org.sonar.java.checks.DuplicateImmutableCollectionArgumentsCheckTest
[INFO] Tests run: 2, Failures: 0, Errors: 0, Skipped: 0, Time elapsed: 0.048 s -- in org.sonar.java.checks.DuplicateImmutableCollectionArgumentsCheckTest
[INFO] Running org.sonar.java.checks.DynamicClassLoadCheckTest
[INFO] Tests run: 2, Failures: 0, Errors: 0, Skipped: 0, Time elapsed: 0.037 s -- in org.sonar.java.checks.DynamicClassLoadCheckTest
[INFO] Running org.sonar.java.checks.EmptyArchiveEntryCheckTest
[INFO] Tests run: 2, Failures: 0, Errors: 0, Skipped: 0, Time elapsed: 0.052 s -- in org.sonar.java.checks.EmptyArchiveEntryCheckTest
[INFO] Running org.sonar.java.checks.EmptyBlockCheckTest
[INFO] Tests run: 2, Failures: 0, Errors: 0, Skipped: 0, Time elapsed: 0.032 s -- in org.sonar.java.checks.EmptyBlockCheckTest
[INFO] Running org.sonar.java.checks.EmptyClassCheckTest
[INFO] Tests run: 2, Failures: 0, Errors: 0, Skipped: 0, Time elapsed: 0.043 s -- in org.sonar.java.checks.EmptyClassCheckTest
[INFO] Running org.sonar.java.checks.EmptyFileCheckTest
[INFO] Tests run: 5, Failures: 0, Errors: 0, Skipped: 0, Time elapsed: 0.103 s -- in org.sonar.java.checks.EmptyFileCheckTest
[INFO] Running org.sonar.java.checks.EmptyMethodsCheckTest
[INFO] Tests run: 3, Failures: 0, Errors: 0, Skipped: 0, Time elapsed: 0.071 s -- in org.sonar.java.checks.EmptyMethodsCheckTest
[INFO] Running org.sonar.java.checks.EmptyStatementUsageCheckTest
[INFO] Tests run: 3, Failures: 0, Errors: 0, Skipped: 0, Time elapsed: 0.064 s -- in org.sonar.java.checks.EmptyStatementUsageCheckTest
[INFO] Running org.sonar.java.checks.EntityManagerMergeUnusedResultCheckTest
[INFO] Tests run: 3, Failures: 0, Errors: 0, Skipped: 0, Time elapsed: 0.064 s -- in org.sonar.java.checks.EntityManagerMergeUnusedResultCheckTest
[INFO] Running org.sonar.java.checks.EnumEqualCheckTest
[INFO] Tests run: 2, Failures: 0, Errors: 0, Skipped: 0, Time elapsed: 0.033 s -- in org.sonar.java.checks.EnumEqualCheckTest
[INFO] Running org.sonar.java.checks.EnumMapCheckTest
[INFO] Tests run: 2, Failures: 0, Errors: 0, Skipped: 0, Time elapsed: 0.039 s -- in org.sonar.java.checks.EnumMapCheckTest
[INFO] Running org.sonar.java.checks.EnumMutableFieldCheckTest
[INFO] Tests run: 3, Failures: 0, Errors: 0, Skipped: 0, Time elapsed: 0.075 s -- in org.sonar.java.checks.EnumMutableFieldCheckTest
[INFO] Running org.sonar.java.checks.EnumSetCheckTest
[INFO] Tests run: 2, Failures: 0, Errors: 0, Skipped: 0, Time elapsed: 0.049 s -- in org.sonar.java.checks.EnumSetCheckTest
[INFO] Running org.sonar.java.checks.EqualsArgumentTypeCheckTest
[INFO] Tests run: 2, Failures: 0, Errors: 0, Skipped: 0, Time elapsed: 0.051 s -- in org.sonar.java.checks.EqualsArgumentTypeCheckTest
[INFO] Running org.sonar.java.checks.EqualsMismatchedMembersCheckTest
[INFO] Tests run: 3, Failures: 0, Errors: 0, Skipped: 0, Time elapsed: 0.090 s -- in org.sonar.java.checks.EqualsMismatchedMembersCheckTest
[INFO] Running org.sonar.java.checks.EqualsNotOverriddenInSubclassCheckTest
[INFO] Tests run: 2, Failures: 0, Errors: 0, Skipped: 0, Time elapsed: 0.070 s -- in org.sonar.java.checks.EqualsNotOverriddenInSubclassCheckTest
[INFO] Running org.sonar.java.checks.EqualsNotOverriddenWithCompareToCheckTest
[INFO] Tests run: 2, Failures: 0, Errors: 0, Skipped: 0, Time elapsed: 0.037 s -- in org.sonar.java.checks.EqualsNotOverriddenWithCompareToCheckTest
[INFO] Running org.sonar.java.checks.EqualsOnAtomicClassCheckTest
[INFO] Tests run: 2, Failures: 0, Errors: 0, Skipped: 0, Time elapsed: 0.035 s -- in org.sonar.java.checks.EqualsOnAtomicClassCheckTest
[INFO] Running org.sonar.java.checks.EqualsOverriddenWithHashCodeCheckTest
[INFO] Tests run: 2, Failures: 0, Errors: 0, Skipped: 0, Time elapsed: 0.030 s -- in org.sonar.java.checks.EqualsOverriddenWithHashCodeCheckTest
[INFO] Running org.sonar.java.checks.EqualsParametersMarkedNonNullCheckTest
[INFO] Tests run: 3, Failures: 0, Errors: 0, Skipped: 0, Time elapsed: 0.087 s -- in org.sonar.java.checks.EqualsParametersMarkedNonNullCheckTest
[INFO] Running org.sonar.java.checks.ErrorClassExtendedCheckTest
[INFO] Tests run: 2, Failures: 0, Errors: 0, Skipped: 0, Time elapsed: 0.033 s -- in org.sonar.java.checks.ErrorClassExtendedCheckTest
[INFO] Running org.sonar.java.checks.EscapedUnicodeCharactersCheckTest
[INFO] Tests run: 3, Failures: 0, Errors: 0, Skipped: 0, Time elapsed: 0.063 s -- in org.sonar.java.checks.EscapedUnicodeCharactersCheckTest
[INFO] Running org.sonar.java.checks.ExceptionsShouldBeImmutableCheckTest
[INFO] Tests run: 2, Failures: 0, Errors: 0, Skipped: 0, Time elapsed: 0.036 s -- in org.sonar.java.checks.ExceptionsShouldBeImmutableCheckTest
[INFO] Running org.sonar.java.checks.ExpressionComplexityCheckTest
[INFO] Tests run: 3, Failures: 0, Errors: 0, Skipped: 0, Time elapsed: 0.073 s -- in org.sonar.java.checks.ExpressionComplexityCheckTest
[INFO] Running org.sonar.java.checks.FieldModifierCheckTest
[INFO] Tests run: 2, Failures: 0, Errors: 0, Skipped: 0, Time elapsed: 0.042 s -- in org.sonar.java.checks.FieldModifierCheckTest
[INFO] Running org.sonar.java.checks.FileHeaderCheckTest
[INFO] Tests run: 4, Failures: 0, Errors: 0, Skipped: 0, Time elapsed: 0.510 s -- in org.sonar.java.checks.FileHeaderCheckTest
[INFO] Running org.sonar.java.checks.FilesExistsJDK8CheckTest
[INFO] Tests run: 4, Failures: 0, Errors: 0, Skipped: 0, Time elapsed: 0.079 s -- in org.sonar.java.checks.FilesExistsJDK8CheckTest
[INFO] Running org.sonar.java.checks.FinalClassCheckTest
[INFO] Tests run: 2, Failures: 0, Errors: 0, Skipped: 0, Time elapsed: 0.031 s -- in org.sonar.java.checks.FinalClassCheckTest
[INFO] Running org.sonar.java.checks.FinalizeFieldsSetCheckTest
[INFO] Tests run: 3, Failures: 0, Errors: 0, Skipped: 0, Time elapsed: 0.064 s -- in org.sonar.java.checks.FinalizeFieldsSetCheckTest
[INFO] Running org.sonar.java.checks.FinalizerAttackCheckTest
[INFO] Tests run: 4, Failures: 0, Errors: 0, Skipped: 0, Time elapsed: 0.114 s -- in org.sonar.java.checks.FinalizerAttackCheckTest
[INFO] Running org.sonar.java.checks.FixmeTagPresenceCheckTest
[INFO] Tests run: 2, Failures: 0, Errors: 0, Skipped: 0, Time elapsed: 0.027 s -- in org.sonar.java.checks.FixmeTagPresenceCheckTest
[INFO] Running org.sonar.java.checks.FlexibleConstructorBodyValidationCheckTest
[INFO] Tests run: 3, Failures: 0, Errors: 0, Skipped: 0, Time elapsed: 0.082 s -- in org.sonar.java.checks.FlexibleConstructorBodyValidationCheckTest
[INFO] Running org.sonar.java.checks.FloatEqualityCheckTest
[INFO] Tests run: 2, Failures: 0, Errors: 0, Skipped: 0, Time elapsed: 0.034 s -- in org.sonar.java.checks.FloatEqualityCheckTest
[INFO] Running org.sonar.java.checks.FloatingPointComparisonCheckTest
[INFO] Tests run: 2, Failures: 0, Errors: 0, Skipped: 0, Time elapsed: 0.045 s -- in org.sonar.java.checks.FloatingPointComparisonCheckTest
[INFO] Running org.sonar.java.checks.ForLoopCounterChangedCheckTest
[INFO] Tests run: 2, Failures: 0, Errors: 0, Skipped: 0, Time elapsed: 0.031 s -- in org.sonar.java.checks.ForLoopCounterChangedCheckTest
[INFO] Running org.sonar.java.checks.ForLoopFalseConditionCheckTest
[INFO] Tests run: 3, Failures: 0, Errors: 0, Skipped: 0, Time elapsed: 0.055 s -- in org.sonar.java.checks.ForLoopFalseConditionCheckTest
[INFO] Running org.sonar.java.checks.ForLoopIncrementAndUpdateCheckTest
[INFO] Tests run: 3, Failures: 0, Errors: 0, Skipped: 0, Time elapsed: 0.068 s -- in org.sonar.java.checks.ForLoopIncrementAndUpdateCheckTest
[INFO] Running org.sonar.java.checks.ForLoopIncrementSignCheckTest
[INFO] Tests run: 2, Failures: 0, Errors: 0, Skipped: 0, Time elapsed: 0.029 s -- in org.sonar.java.checks.ForLoopIncrementSignCheckTest
[INFO] Running org.sonar.java.checks.ForLoopTerminationConditionCheckTest
[INFO] Tests run: 2, Failures: 0, Errors: 0, Skipped: 0, Time elapsed: 0.030 s -- in org.sonar.java.checks.ForLoopTerminationConditionCheckTest
[INFO] Running org.sonar.java.checks.ForLoopUsedAsWhileLoopCheckTest
[INFO] Tests run: 2, Failures: 0, Errors: 0, Skipped: 0, Time elapsed: 0.026 s -- in org.sonar.java.checks.ForLoopUsedAsWhileLoopCheckTest
[INFO] Running org.sonar.java.checks.ForLoopVariableTypeCheckTest
[INFO] Tests run: 3, Failures: 0, Errors: 0, Skipped: 0, Time elapsed: 0.082 s -- in org.sonar.java.checks.ForLoopVariableTypeCheckTest
[INFO] Running org.sonar.java.checks.ForStatelessGatherersOmitInitializerCheckTest
[INFO] Tests run: 2, Failures: 0, Errors: 0, Skipped: 0, Time elapsed: 0.047 s -- in org.sonar.java.checks.ForStatelessGatherersOmitInitializerCheckTest
[INFO] Running org.sonar.java.checks.GarbageCollectorCalledCheckTest
[INFO] Tests run: 3, Failures: 0, Errors: 0, Skipped: 0, Time elapsed: 0.060 s -- in org.sonar.java.checks.GarbageCollectorCalledCheckTest
[INFO] Running org.sonar.java.checks.GetClassLoaderCheckTest
[INFO] Tests run: 2, Failures: 0, Errors: 0, Skipped: 0, Time elapsed: 0.032 s -- in org.sonar.java.checks.GetClassLoaderCheckTest
[INFO] Running org.sonar.java.checks.GetRequestedSessionIdCheckTest
[INFO] Tests run: 2, Failures: 0, Errors: 0, Skipped: 0, Time elapsed: 0.034 s -- in org.sonar.java.checks.GetRequestedSessionIdCheckTest
[INFO] Running org.sonar.java.checks.GettersSettersOnRightFieldCheckTest
[INFO] Tests run: 2, Failures: 0, Errors: 0, Skipped: 0, Time elapsed: 0.031 s -- in org.sonar.java.checks.GettersSettersOnRightFieldCheckTest
[INFO] Running org.sonar.java.checks.HardCodedPasswordCheckTest
[INFO] Tests run: 4, Failures: 0, Errors: 0, Skipped: 0, Time elapsed: 0.116 s -- in org.sonar.java.checks.HardCodedPasswordCheckTest
[INFO] Running org.sonar.java.checks.HardCodedSecretCheckTest
[INFO] Tests run: 3, Failures: 0, Errors: 0, Skipped: 0, Time elapsed: 0.082 s -- in org.sonar.java.checks.HardCodedSecretCheckTest
[INFO] Running org.sonar.java.checks.HardcodedIpCheckTest
[INFO] Tests run: 2, Failures: 0, Errors: 0, Skipped: 0, Time elapsed: 0.038 s -- in org.sonar.java.checks.HardcodedIpCheckTest
[INFO] Running org.sonar.java.checks.HardcodedMathConstantCheckTest
[INFO] Tests run: 2, Failures: 0, Errors: 0, Skipped: 0, Time elapsed: 0.040 s -- in org.sonar.java.checks.HardcodedMathConstantCheckTest
[INFO] Running org.sonar.java.checks.HardcodedURICheckTest
[INFO] Tests run: 2, Failures: 0, Errors: 0, Skipped: 0, Time elapsed: 0.065 s -- in org.sonar.java.checks.HardcodedURICheckTest
[INFO] Running org.sonar.java.checks.HasNextCallingNextCheckTest
[INFO] Tests run: 2, Failures: 0, Errors: 0, Skipped: 0, Time elapsed: 0.036 s -- in org.sonar.java.checks.HasNextCallingNextCheckTest
[INFO] Running org.sonar.java.checks.HashCodeMismatchedFieldsCheckTest
[INFO] Tests run: 3, Failures: 0, Errors: 0, Skipped: 0, Time elapsed: 0.075 s -- in org.sonar.java.checks.HashCodeMismatchedFieldsCheckTest
[INFO] Running org.sonar.java.checks.HiddenFieldCheckTest
[INFO] Tests run: 4, Failures: 0, Errors: 0, Skipped: 0, Time elapsed: 0.090 s -- in org.sonar.java.checks.HiddenFieldCheckTest
[INFO] Running org.sonar.java.checks.IdenticalCasesInSwitchCheckTest
[INFO] Tests run: 3, Failures: 0, Errors: 0, Skipped: 0, Time elapsed: 0.069 s -- in org.sonar.java.checks.IdenticalCasesInSwitchCheckTest
[INFO] Running org.sonar.java.checks.IdenticalOperandOnBinaryExpressionCheckTest
[INFO] Tests run: 2, Failures: 0, Errors: 0, Skipped: 0, Time elapsed: 0.035 s -- in org.sonar.java.checks.IdenticalOperandOnBinaryExpressionCheckTest
[INFO] Running org.sonar.java.checks.IfElseIfStatementEndsWithElseCheckTest
[INFO] Tests run: 2, Failures: 0, Errors: 0, Skipped: 0, Time elapsed: 0.026 s -- in org.sonar.java.checks.IfElseIfStatementEndsWithElseCheckTest
[INFO] Running org.sonar.java.checks.IgnoredOperationStatusCheckTest
[INFO] Tests run: 2, Failures: 0, Errors: 0, Skipped: 0, Time elapsed: 0.032 s -- in org.sonar.java.checks.IgnoredOperationStatusCheckTest
[INFO] Running org.sonar.java.checks.IgnoredReturnValueCheckTest
[INFO] Tests run: 3, Failures: 0, Errors: 0, Skipped: 0, Time elapsed: 0.146 s -- in org.sonar.java.checks.IgnoredReturnValueCheckTest
[INFO] Running org.sonar.java.checks.IgnoredStreamReturnValueCheckTest
[INFO] Tests run: 2, Failures: 0, Errors: 0, Skipped: 0, Time elapsed: 0.034 s -- in org.sonar.java.checks.IgnoredStreamReturnValueCheckTest
[INFO] Running org.sonar.java.checks.ImmediateReverseBoxingCheckTest
[INFO] Tests run: 3, Failures: 0, Errors: 0, Skipped: 0, Time elapsed: 0.067 s -- in org.sonar.java.checks.ImmediateReverseBoxingCheckTest
[INFO] Running org.sonar.java.checks.ImmediatelyReturnedVariableCheckTest
[INFO] Tests run: 3, Failures: 0, Errors: 0, Skipped: 0, Time elapsed: 0.069 s -- in org.sonar.java.checks.ImmediatelyReturnedVariableCheckTest
[INFO] Running org.sonar.java.checks.ImplementsEnumerationCheckTest
[INFO] Tests run: 2, Failures: 0, Errors: 0, Skipped: 0, Time elapsed: 0.034 s -- in org.sonar.java.checks.ImplementsEnumerationCheckTest
[INFO] Running org.sonar.java.checks.ImportDeclarationOrderCheckTest
[INFO] Tests run: 19, Failures: 0, Errors: 0, Skipped: 0, Time elapsed: 0.143 s -- in org.sonar.java.checks.ImportDeclarationOrderCheckTest
[INFO] Running org.sonar.java.checks.InappropriateRegexpCheckTest
[INFO] Tests run: 2, Failures: 0, Errors: 0, Skipped: 0, Time elapsed: 0.033 s -- in org.sonar.java.checks.InappropriateRegexpCheckTest
[INFO] Running org.sonar.java.checks.IncDecOnFloatingPointCheckTest
[INFO] Tests run: 2, Failures: 0, Errors: 0, Skipped: 0, Time elapsed: 0.029 s -- in org.sonar.java.checks.IncDecOnFloatingPointCheckTest
[INFO] Running org.sonar.java.checks.IncompatibleBitMaskCheckTest
[INFO] Tests run: 3, Failures: 0, Errors: 0, Skipped: 0, Time elapsed: 0.035 s -- in org.sonar.java.checks.IncompatibleBitMaskCheckTest
[INFO] Running org.sonar.java.checks.IncorrectOrderOfMembersCheckTest
[INFO] Tests run: 2, Failures: 0, Errors: 0, Skipped: 0, Time elapsed: 0.035 s -- in org.sonar.java.checks.IncorrectOrderOfMembersCheckTest
[INFO] Running org.sonar.java.checks.IncrementDecrementInSubExpressionCheckTest
[INFO] Tests run: 2, Failures: 0, Errors: 0, Skipped: 0, Time elapsed: 0.028 s -- in org.sonar.java.checks.IncrementDecrementInSubExpressionCheckTest
[INFO] Running org.sonar.java.checks.IndentationAfterConditionalCheckTest
[INFO] Tests run: 2, Failures: 0, Errors: 0, Skipped: 0, Time elapsed: 0.036 s -- in org.sonar.java.checks.IndentationAfterConditionalCheckTest
[INFO] Running org.sonar.java.checks.IndentationCheckTest
[INFO] Tests run: 6, Failures: 0, Errors: 0, Skipped: 0, Time elapsed: 0.153 s -- in org.sonar.java.checks.IndentationCheckTest
[INFO] Running org.sonar.java.checks.IndexOfWithPositiveNumberCheckTest
[INFO] Tests run: 2, Failures: 0, Errors: 0, Skipped: 0, Time elapsed: 0.035 s -- in org.sonar.java.checks.IndexOfWithPositiveNumberCheckTest
[INFO] Running org.sonar.java.checks.InitializeSubclassFieldsBeforeSuperCheckTest
[INFO] Tests run: 3, Failures: 0, Errors: 0, Skipped: 0, Time elapsed: 0.081 s -- in org.sonar.java.checks.InitializeSubclassFieldsBeforeSuperCheckTest
[INFO] Running org.sonar.java.checks.InnerClassOfNonSerializableCheckTest
[INFO] Tests run: 2, Failures: 0, Errors: 0, Skipped: 0, Time elapsed: 0.035 s -- in org.sonar.java.checks.InnerClassOfNonSerializableCheckTest
[INFO] Running org.sonar.java.checks.InnerClassOfSerializableCheckTest
[INFO] Tests run: 2, Failures: 0, Errors: 0, Skipped: 0, Time elapsed: 0.034 s -- in org.sonar.java.checks.InnerClassOfSerializableCheckTest
[INFO] Running org.sonar.java.checks.InnerClassTooManyLinesCheckTest
[INFO] Tests run: 2, Failures: 0, Errors: 0, Skipped: 0, Time elapsed: 0.030 s -- in org.sonar.java.checks.InnerClassTooManyLinesCheckTest
[INFO] Running org.sonar.java.checks.InnerStaticClassesCheckTest
[INFO] Tests run: 3, Failures: 0, Errors: 0, Skipped: 0, Time elapsed: 0.056 s -- in org.sonar.java.checks.InnerStaticClassesCheckTest
[INFO] Running org.sonar.java.checks.InputStreamOverrideReadCheckTest
[INFO] Tests run: 2, Failures: 0, Errors: 0, Skipped: 0, Time elapsed: 0.032 s -- in org.sonar.java.checks.InputStreamOverrideReadCheckTest
[INFO] Running org.sonar.java.checks.InputStreamReadCheckTest
[INFO] Tests run: 2, Failures: 0, Errors: 0, Skipped: 0, Time elapsed: 0.037 s -- in org.sonar.java.checks.InputStreamReadCheckTest
[INFO] Running org.sonar.java.checks.InsecureCreateTempFileCheckTest
[INFO] Tests run: 3, Failures: 0, Errors: 0, Skipped: 0, Time elapsed: 0.062 s -- in org.sonar.java.checks.InsecureCreateTempFileCheckTest
[INFO] Running org.sonar.java.checks.InstanceOfPatternMatchingCheckTest
[INFO] Tests run: 4, Failures: 0, Errors: 0, Skipped: 0, Time elapsed: 0.105 s -- in org.sonar.java.checks.InstanceOfPatternMatchingCheckTest
[INFO] Running org.sonar.java.checks.InstanceofUsedOnExceptionCheckTest
[INFO] Tests run: 2, Failures: 0, Errors: 0, Skipped: 0, Time elapsed: 0.035 s -- in org.sonar.java.checks.InstanceofUsedOnExceptionCheckTest
[INFO] Running org.sonar.java.checks.IntegerSubtractionInComparisonCheckTest
[INFO] Tests run: 2, Failures: 0, Errors: 0, Skipped: 0, Time elapsed: 0.055 s -- in org.sonar.java.checks.IntegerSubtractionInComparisonCheckTest
[INFO] Running org.sonar.java.checks.IntegerToLongTimestampCastCheckTest
[INFO] Tests run: 1, Failures: 0, Errors: 0, Skipped: 0, Time elapsed: 0.031 s -- in org.sonar.java.checks.IntegerToLongTimestampCastCheckTest
[INFO] Running org.sonar.java.checks.InterfaceAsConstantContainerCheckTest
[INFO] Tests run: 2, Failures: 0, Errors: 0, Skipped: 0, Time elapsed: 0.027 s -- in org.sonar.java.checks.InterfaceAsConstantContainerCheckTest
[INFO] Running org.sonar.java.checks.InterfaceOrSuperclassShadowingCheckTest
[INFO] Tests run: 3, Failures: 0, Errors: 0, Skipped: 0, Time elapsed: 0.061 s -- in org.sonar.java.checks.InterfaceOrSuperclassShadowingCheckTest
[INFO] Running org.sonar.java.checks.InterruptedExceptionCheckTest
[INFO] Tests run: 2, Failures: 0, Errors: 0, Skipped: 0, Time elapsed: 0.087 s -- in org.sonar.java.checks.InterruptedExceptionCheckTest
[INFO] Running org.sonar.java.checks.InvalidDateValuesCheckTest
[INFO] Tests run: 2, Failures: 0, Errors: 0, Skipped: 0, Time elapsed: 0.041 s -- in org.sonar.java.checks.InvalidDateValuesCheckTest
[INFO] Running org.sonar.java.checks.IsInstanceMethodCheckTest
[INFO] Tests run: 3, Failures: 0, Errors: 0, Skipped: 0, Time elapsed: 0.060 s -- in org.sonar.java.checks.IsInstanceMethodCheckTest
[INFO] Running org.sonar.java.checks.IterableIteratorCheckTest
[INFO] Tests run: 2, Failures: 0, Errors: 0, Skipped: 0, Time elapsed: 0.036 s -- in org.sonar.java.checks.IterableIteratorCheckTest
[INFO] Running org.sonar.java.checks.IteratorNextExceptionCheckTest
[INFO] Tests run: 3, Failures: 0, Errors: 0, Skipped: 0, Time elapsed: 0.075 s -- in org.sonar.java.checks.IteratorNextExceptionCheckTest
[INFO] Running org.sonar.java.checks.JEEThreadCheckTest
[INFO] Tests run: 3, Failures: 0, Errors: 0, Skipped: 0, Time elapsed: 0.072 s -- in org.sonar.java.checks.JEEThreadCheckTest
[INFO] Running org.sonar.java.checks.JacksonDeserializationCheckTest
[INFO] Tests run: 2, Failures: 0, Errors: 0, Skipped: 0, Time elapsed: 0.038 s -- in org.sonar.java.checks.JacksonDeserializationCheckTest
[INFO] Running org.sonar.java.checks.JdbcDriverExplicitLoadingCheckTest
[INFO] Tests run: 4, Failures: 0, Errors: 0, Skipped: 0, Time elapsed: 0.091 s -- in org.sonar.java.checks.JdbcDriverExplicitLoadingCheckTest
[INFO] Running org.sonar.java.checks.JpaEagerFetchTypeCheckTest
[INFO] Tests run: 2, Failures: 0, Errors: 0, Skipped: 0, Time elapsed: 0.035 s -- in org.sonar.java.checks.JpaEagerFetchTypeCheckTest
[INFO] Running org.sonar.java.checks.JpaEntityFinalCheckTest
[INFO] Tests run: 3, Failures: 0, Errors: 0, Skipped: 0, Time elapsed: 0.064 s -- in org.sonar.java.checks.JpaEntityFinalCheckTest
[INFO] Running org.sonar.java.checks.KeySetInsteadOfEntrySetCheckTest
[INFO] Tests run: 2, Failures: 0, Errors: 0, Skipped: 0, Time elapsed: 0.041 s -- in org.sonar.java.checks.KeySetInsteadOfEntrySetCheckTest
[INFO] Running org.sonar.java.checks.KnownCapacityHashBasedCollectionCheckTest
[INFO] Tests run: 3, Failures: 0, Errors: 0, Skipped: 0, Time elapsed: 0.070 s -- in org.sonar.java.checks.KnownCapacityHashBasedCollectionCheckTest
[INFO] Running org.sonar.java.checks.LabelsShouldNotBeUsedCheckTest
[INFO] Tests run: 2, Failures: 0, Errors: 0, Skipped: 0, Time elapsed: 0.034 s -- in org.sonar.java.checks.LabelsShouldNotBeUsedCheckTest
[INFO] Running org.sonar.java.checks.LambdaOptionalParenthesisCheckTest
[INFO] Tests run: 3, Failures: 0, Errors: 0, Skipped: 0, Time elapsed: 0.050 s -- in org.sonar.java.checks.LambdaOptionalParenthesisCheckTest
[INFO] Running org.sonar.java.checks.LambdaSingleExpressionCheckTest
[INFO] Tests run: 3, Failures: 0, Errors: 0, Skipped: 0, Time elapsed: 0.077 s -- in org.sonar.java.checks.LambdaSingleExpressionCheckTest
[INFO] Running org.sonar.java.checks.LambdaTooBigCheckTest
[INFO] Tests run: 3, Failures: 0, Errors: 0, Skipped: 0, Time elapsed: 0.064 s -- in org.sonar.java.checks.LambdaTooBigCheckTest
[INFO] Running org.sonar.java.checks.LambdaTypeParameterCheckTest
[INFO] Tests run: 2, Failures: 0, Errors: 0, Skipped: 0, Time elapsed: 0.028 s -- in org.sonar.java.checks.LambdaTypeParameterCheckTest
[INFO] Running org.sonar.java.checks.LazyArgEvaluationCheckTest
[INFO] Tests run: 4, Failures: 0, Errors: 0, Skipped: 0, Time elapsed: 0.112 s -- in org.sonar.java.checks.LazyArgEvaluationCheckTest
[INFO] Running org.sonar.java.checks.LeastSpecificTypeCheckTest
[INFO] Tests run: 4, Failures: 0, Errors: 0, Skipped: 0, Time elapsed: 0.132 s -- in org.sonar.java.checks.LeastSpecificTypeCheckTest
[INFO] Running org.sonar.java.checks.LeftCurlyBraceEndLineCheckTest
[INFO] Tests run: 5, Failures: 0, Errors: 0, Skipped: 0, Time elapsed: 0.132 s -- in org.sonar.java.checks.LeftCurlyBraceEndLineCheckTest
[INFO] Running org.sonar.java.checks.LeftCurlyBraceStartLineCheckTest
[INFO] Tests run: 4, Failures: 0, Errors: 0, Skipped: 0, Time elapsed: 0.089 s -- in org.sonar.java.checks.LeftCurlyBraceStartLineCheckTest
[INFO] Running org.sonar.java.checks.LocalVariablesShouldNotSpanSwitchCaseGroupsCheckTest
[INFO] Tests run: 2, Failures: 0, Errors: 0, Skipped: 0, Time elapsed: 0.037 s -- in org.sonar.java.checks.LocalVariablesShouldNotSpanSwitchCaseGroupsCheckTest
[INFO] Running org.sonar.java.checks.LoggedRethrownExceptionsCheckTest
[INFO] Tests run: 2, Failures: 0, Errors: 0, Skipped: 0, Time elapsed: 0.040 s -- in org.sonar.java.checks.LoggedRethrownExceptionsCheckTest
[INFO] Running org.sonar.java.checks.LoggerClassCheckTest
[INFO] Tests run: 2, Failures: 0, Errors: 0, Skipped: 0, Time elapsed: 0.039 s -- in org.sonar.java.checks.LoggerClassCheckTest
[INFO] Running org.sonar.java.checks.LoggersDeclarationCheckTest
[INFO] Tests run: 4, Failures: 0, Errors: 0, Skipped: 0, Time elapsed: 0.090 s -- in org.sonar.java.checks.LoggersDeclarationCheckTest
[INFO] Running org.sonar.java.checks.LongBitsToDoubleOnIntCheckTest
[INFO] Tests run: 3, Failures: 0, Errors: 0, Skipped: 0, Time elapsed: 0.062 s -- in org.sonar.java.checks.LongBitsToDoubleOnIntCheckTest
[INFO] Running org.sonar.java.checks.LoopExecutingAtMostOnceCheckTest
[INFO] Tests run: 2, Failures: 0, Errors: 0, Skipped: 0, Time elapsed: 0.038 s -- in org.sonar.java.checks.LoopExecutingAtMostOnceCheckTest
[INFO] Running org.sonar.java.checks.LoopsOnSameSetCheckTest
[INFO] Tests run: 2, Failures: 0, Errors: 0, Skipped: 0, Time elapsed: 0.029 s -- in org.sonar.java.checks.LoopsOnSameSetCheckTest
[INFO] Running org.sonar.java.checks.MagicNumberCheckTest
[INFO] Tests run: 4, Failures: 0, Errors: 0, Skipped: 0, Time elapsed: 0.101 s -- in org.sonar.java.checks.MagicNumberCheckTest
[INFO] Running org.sonar.java.checks.MainMethodSignatureCheckTest
[INFO] Tests run: 8, Failures: 0, Errors: 0, Skipped: 0, Time elapsed: 0.180 s -- in org.sonar.java.checks.MainMethodSignatureCheckTest
[INFO] Running org.sonar.java.checks.MainMethodThrowsExceptionCheckTest
[INFO] Tests run: 3, Failures: 0, Errors: 0, Skipped: 0, Time elapsed: 0.060 s -- in org.sonar.java.checks.MainMethodThrowsExceptionCheckTest
[INFO] Running org.sonar.java.checks.MapKeyNotComparableCheckTest
[INFO] Tests run: 3, Failures: 0, Errors: 0, Skipped: 0, Time elapsed: 0.069 s -- in org.sonar.java.checks.MapKeyNotComparableCheckTest
[INFO] Running org.sonar.java.checks.MapperWithoutDaoFactoryCheckTest
[INFO] Tests run: 3, Failures: 0, Errors: 0, Skipped: 0, Time elapsed: 0.068 s -- in org.sonar.java.checks.MapperWithoutDaoFactoryCheckTest
[INFO] Running org.sonar.java.checks.MarkdownJavadocSyntaxCheckTest
[INFO] Tests run: 14, Failures: 0, Errors: 0, Skipped: 0, Time elapsed: 0.041 s -- in org.sonar.java.checks.MarkdownJavadocSyntaxCheckTest
[INFO] Running org.sonar.java.checks.MathClampMethodsCheckTest
[INFO] Tests run: 3, Failures: 0, Errors: 0, Skipped: 0, Time elapsed: 0.071 s -- in org.sonar.java.checks.MathClampMethodsCheckTest
[INFO] Running org.sonar.java.checks.MathClampRangeCheckTest
[INFO] Tests run: 4, Failures: 0, Errors: 0, Skipped: 0, Time elapsed: 0.063 s -- in org.sonar.java.checks.MathClampRangeCheckTest
[INFO] Running org.sonar.java.checks.MathOnFloatCheckTest
[INFO] Tests run: 2, Failures: 0, Errors: 0, Skipped: 0, Time elapsed: 0.034 s -- in org.sonar.java.checks.MathOnFloatCheckTest
[INFO] Running org.sonar.java.checks.MembersDifferOnlyByCapitalizationCheckTest
[INFO] Tests run: 2, Failures: 0, Errors: 0, Skipped: 0, Time elapsed: 0.043 s -- in org.sonar.java.checks.MembersDifferOnlyByCapitalizationCheckTest
[INFO] Running org.sonar.java.checks.MethodComplexityCheckTest
[INFO] Tests run: 4, Failures: 0, Errors: 0, Skipped: 0, Time elapsed: 0.075 s -- in org.sonar.java.checks.MethodComplexityCheckTest
[INFO] Running org.sonar.java.checks.MethodIdenticalImplementationsCheckTest
[INFO] Tests run: 2, Failures: 0, Errors: 0, Skipped: 0, Time elapsed: 0.034 s -- in org.sonar.java.checks.MethodIdenticalImplementationsCheckTest
[INFO] Running org.sonar.java.checks.MethodOnlyCallsSuperCheckTest
[INFO] Tests run: 2, Failures: 0, Errors: 0, Skipped: 0, Time elapsed: 0.072 s -- in org.sonar.java.checks.MethodOnlyCallsSuperCheckTest
[INFO] Running org.sonar.java.checks.MethodParametersOrderCheckTest
[INFO] Tests run: 2, Failures: 0, Errors: 0, Skipped: 0, Time elapsed: 0.033 s -- in org.sonar.java.checks.MethodParametersOrderCheckTest
[INFO] Running org.sonar.java.checks.MethodTooBigCheckTest
[INFO] Tests run: 4, Failures: 0, Errors: 0, Skipped: 0, Time elapsed: 0.059 s -- in org.sonar.java.checks.MethodTooBigCheckTest
[INFO] Running org.sonar.java.checks.MethodWithExcessiveReturnsCheckTest
[INFO] Tests run: 4, Failures: 0, Errors: 0, Skipped: 0, Time elapsed: 0.088 s -- in org.sonar.java.checks.MethodWithExcessiveReturnsCheckTest
[INFO] Running org.sonar.java.checks.MismatchPackageDirectoryCheckTest
[INFO] Tests run: 7, Failures: 0, Errors: 0, Skipped: 0, Time elapsed: 0.140 s -- in org.sonar.java.checks.MismatchPackageDirectoryCheckTest
[INFO] Running org.sonar.java.checks.MissingBeanValidationCheckTest
[INFO] Tests run: 2, Failures: 0, Errors: 0, Skipped: 0, Time elapsed: 0.076 s -- in org.sonar.java.checks.MissingBeanValidationCheckTest
[INFO] Running org.sonar.java.checks.MissingCurlyBracesCheckTest
[INFO] Tests run: 2, Failures: 0, Errors: 0, Skipped: 0, Time elapsed: 0.034 s -- in org.sonar.java.checks.MissingCurlyBracesCheckTest
[INFO] Running org.sonar.java.checks.MissingDeprecatedCheckTest
[INFO] Tests run: 5, Failures: 0, Errors: 0, Skipped: 0, Time elapsed: 0.120 s -- in org.sonar.java.checks.MissingDeprecatedCheckTest
[INFO] Running org.sonar.java.checks.MissingNewLineAtEndOfFileCheckTest
[INFO] Tests run: 5, Failures: 0, Errors: 0, Skipped: 0, Time elapsed: 0.096 s -- in org.sonar.java.checks.MissingNewLineAtEndOfFileCheckTest
[INFO] Running org.sonar.java.checks.MissingOverridesInRecordWithArrayComponentCheckTest
[INFO] Tests run: 2, Failures: 0, Errors: 0, Skipped: 0, Time elapsed: 0.036 s -- in org.sonar.java.checks.MissingOverridesInRecordWithArrayComponentCheckTest
[INFO] Running org.sonar.java.checks.MissingPackageInfoCheckTest
[INFO] Tests run: 6, Failures: 0, Errors: 0, Skipped: 0, Time elapsed: 0.379 s -- in org.sonar.java.checks.MissingPackageInfoCheckTest
[INFO] Running org.sonar.java.checks.ModifiersOrderCheckTest
[INFO] Tests run: 3, Failures: 0, Errors: 0, Skipped: 0, Time elapsed: 0.068 s -- in org.sonar.java.checks.ModifiersOrderCheckTest
[INFO] Running org.sonar.java.checks.ModulusEqualityCheckTest
[INFO] Tests run: 2, Failures: 0, Errors: 0, Skipped: 0, Time elapsed: 0.035 s -- in org.sonar.java.checks.ModulusEqualityCheckTest
[INFO] Running org.sonar.java.checks.MultilineBlocksCurlyBracesCheckTest
[INFO] Tests run: 2, Failures: 0, Errors: 0, Skipped: 0, Time elapsed: 0.030 s -- in org.sonar.java.checks.MultilineBlocksCurlyBracesCheckTest
[INFO] Running org.sonar.java.checks.MultipleMainInstancesCheckTest
[INFO] Tests run: 5, Failures: 0, Errors: 0, Skipped: 0, Time elapsed: 0.119 s -- in org.sonar.java.checks.MultipleMainInstancesCheckTest
[INFO] Running org.sonar.java.checks.MutableMembersUsageCheckTest
[INFO] Tests run: 4, Failures: 0, Errors: 0, Skipped: 0, Time elapsed: 0.108 s -- in org.sonar.java.checks.MutableMembersUsageCheckTest
[INFO] Running org.sonar.java.checks.NPEThrowCheckTest
[INFO] Tests run: 2, Failures: 0, Errors: 0, Skipped: 0, Time elapsed: 0.034 s -- in org.sonar.java.checks.NPEThrowCheckTest
[INFO] Running org.sonar.java.checks.NanEqualityCheckTest
[INFO] Tests run: 3, Failures: 0, Errors: 0, Skipped: 0, Time elapsed: 0.064 s -- in org.sonar.java.checks.NanEqualityCheckTest
[INFO] Running org.sonar.java.checks.NestedBlocksCheckTest
[INFO] Tests run: 3, Failures: 0, Errors: 0, Skipped: 0, Time elapsed: 0.059 s -- in org.sonar.java.checks.NestedBlocksCheckTest
[INFO] Running org.sonar.java.checks.NestedEnumStaticCheckTest
[INFO] Tests run: 3, Failures: 0, Errors: 0, Skipped: 0, Time elapsed: 0.052 s -- in org.sonar.java.checks.NestedEnumStaticCheckTest
[INFO] Running org.sonar.java.checks.NestedIfStatementsCheckTest
[INFO] Tests run: 4, Failures: 0, Errors: 0, Skipped: 0, Time elapsed: 0.084 s -- in org.sonar.java.checks.NestedIfStatementsCheckTest
[INFO] Running org.sonar.java.checks.NestedSwitchCheckTest
[INFO] Tests run: 3, Failures: 0, Errors: 0, Skipped: 0, Time elapsed: 0.068 s -- in org.sonar.java.checks.NestedSwitchCheckTest
[INFO] Running org.sonar.java.checks.NestedTernaryOperatorsCheckTest
[INFO] Tests run: 2, Failures: 0, Errors: 0, Skipped: 0, Time elapsed: 0.032 s -- in org.sonar.java.checks.NestedTernaryOperatorsCheckTest
[INFO] Running org.sonar.java.checks.NestedTryCatchCheckTest
[INFO] Tests run: 2, Failures: 0, Errors: 0, Skipped: 0, Time elapsed: 0.041 s -- in org.sonar.java.checks.NestedTryCatchCheckTest
[INFO] Running org.sonar.java.checks.NioFileDeleteCheckTest
[INFO] Tests run: 3, Failures: 0, Errors: 0, Skipped: 0, Time elapsed: 0.051 s -- in org.sonar.java.checks.NioFileDeleteCheckTest
[INFO] Running org.sonar.java.checks.NoCheckstyleTagPresenceCheckTest
[INFO] Tests run: 2, Failures: 0, Errors: 0, Skipped: 0, Time elapsed: 0.025 s -- in org.sonar.java.checks.NoCheckstyleTagPresenceCheckTest
[INFO] Running org.sonar.java.checks.NoPmdTagPresenceCheckTest
[INFO] Tests run: 2, Failures: 0, Errors: 0, Skipped: 0, Time elapsed: 0.025 s -- in org.sonar.java.checks.NoPmdTagPresenceCheckTest
[INFO] Running org.sonar.java.checks.NoSonarCheckTest
[INFO] Tests run: 2, Failures: 0, Errors: 0, Skipped: 0, Time elapsed: 0.025 s -- in org.sonar.java.checks.NoSonarCheckTest
[INFO] Running org.sonar.java.checks.NonShortCircuitLogicCheckTest
[INFO] Tests run: 2, Failures: 0, Errors: 0, Skipped: 0, Time elapsed: 0.027 s -- in org.sonar.java.checks.NonShortCircuitLogicCheckTest
[INFO] Running org.sonar.java.checks.NonStaticClassInitializerCheckTest
[INFO] Tests run: 2, Failures: 0, Errors: 0, Skipped: 0, Time elapsed: 0.034 s -- in org.sonar.java.checks.NonStaticClassInitializerCheckTest
[INFO] Running org.sonar.java.checks.NotifyCheckTest
[INFO] Tests run: 2, Failures: 0, Errors: 0, Skipped: 0, Time elapsed: 0.034 s -- in org.sonar.java.checks.NotifyCheckTest
[INFO] Running org.sonar.java.checks.NowWithoutParametersCheckTest
[INFO] Tests run: 2, Failures: 0, Errors: 0, Skipped: 0, Time elapsed: 0.037 s -- in org.sonar.java.checks.NowWithoutParametersCheckTest
[INFO] Running org.sonar.java.checks.NullCheckWithInstanceofCheckTest
[INFO] Tests run: 2, Failures: 0, Errors: 0, Skipped: 0, Time elapsed: 0.040 s -- in org.sonar.java.checks.NullCheckWithInstanceofCheckTest
[INFO] Running org.sonar.java.checks.NullReturnedOnComputeIfPresentOrAbsentCheckTest
[INFO] Tests run: 2, Failures: 0, Errors: 0, Skipped: 0, Time elapsed: 0.039 s -- in org.sonar.java.checks.NullReturnedOnComputeIfPresentOrAbsentCheckTest
[INFO] Running org.sonar.java.checks.NullShouldNotBeUsedWithOptionalCheckTest
[INFO] Tests run: 3, Failures: 0, Errors: 0, Skipped: 0, Time elapsed: 0.200 s -- in org.sonar.java.checks.NullShouldNotBeUsedWithOptionalCheckTest
[INFO] Running org.sonar.java.checks.OSCommandsPathCheckTest
[INFO] Tests run: 3, Failures: 0, Errors: 0, Skipped: 0, Time elapsed: 0.091 s -- in org.sonar.java.checks.OSCommandsPathCheckTest
[INFO] Running org.sonar.java.checks.ObjectCreatedOnlyToCallGetClassCheckTest
[INFO] Tests run: 2, Failures: 0, Errors: 0, Skipped: 0, Time elapsed: 0.036 s -- in org.sonar.java.checks.ObjectCreatedOnlyToCallGetClassCheckTest
[INFO] Running org.sonar.java.checks.ObjectFinalizeCheckTest
[INFO] Tests run: 2, Failures: 0, Errors: 0, Skipped: 0, Time elapsed: 0.031 s -- in org.sonar.java.checks.ObjectFinalizeCheckTest
[INFO] Running org.sonar.java.checks.ObjectFinalizeOverloadedCheckTest
[INFO] Tests run: 2, Failures: 0, Errors: 0, Skipped: 0, Time elapsed: 0.027 s -- in org.sonar.java.checks.ObjectFinalizeOverloadedCheckTest
[INFO] Running org.sonar.java.checks.ObjectFinalizeOverriddenCallsSuperFinalizeCheckTest
[INFO] Tests run: 2, Failures: 0, Errors: 0, Skipped: 0, Time elapsed: 0.038 s -- in org.sonar.java.checks.ObjectFinalizeOverriddenCallsSuperFinalizeCheckTest
[INFO] Running org.sonar.java.checks.ObjectFinalizeOverriddenCheckTest
[INFO] Tests run: 3, Failures: 0, Errors: 0, Skipped: 0, Time elapsed: 0.057 s -- in org.sonar.java.checks.ObjectFinalizeOverriddenCheckTest
[INFO] Running org.sonar.java.checks.ObjectFinalizeOverriddenNotPublicCheckTest
[INFO] Tests run: 2, Failures: 0, Errors: 0, Skipped: 0, Time elapsed: 0.031 s -- in org.sonar.java.checks.ObjectFinalizeOverriddenNotPublicCheckTest
[INFO] Running org.sonar.java.checks.OctalEscapeSequenceFollowedByDigitCheckTest
[INFO] Tests run: 2, Failures: 0, Errors: 0, Skipped: 0, Time elapsed: 0.031 s -- in org.sonar.java.checks.OctalEscapeSequenceFollowedByDigitCheckTest
[INFO] Running org.sonar.java.checks.OctalValuesCheckTest
[INFO] Tests run: 2, Failures: 0, Errors: 0, Skipped: 0, Time elapsed: 0.027 s -- in org.sonar.java.checks.OctalValuesCheckTest
[INFO] Running org.sonar.java.checks.OmitPermittedTypesCheckTest
[INFO] Tests run: 2, Failures: 0, Errors: 0, Skipped: 0, Time elapsed: 0.028 s -- in org.sonar.java.checks.OmitPermittedTypesCheckTest
[INFO] Running org.sonar.java.checks.OneClassInterfacePerFileCheckTest
[INFO] Tests run: 3, Failures: 0, Errors: 0, Skipped: 0, Time elapsed: 0.050 s -- in org.sonar.java.checks.OneClassInterfacePerFileCheckTest
[INFO] Running org.sonar.java.checks.OneDeclarationPerLineCheckTest
[INFO] Tests run: 2, Failures: 0, Errors: 0, Skipped: 0, Time elapsed: 0.027 s -- in org.sonar.java.checks.OneDeclarationPerLineCheckTest
[INFO] Running org.sonar.java.checks.OneToManyMappingCheckTest
[INFO] Tests run: 3, Failures: 0, Errors: 0, Skipped: 0, Time elapsed: 0.056 s -- in org.sonar.java.checks.OneToManyMappingCheckTest
[INFO] Running org.sonar.java.checks.OperatorPrecedenceCheckTest
[INFO] Tests run: 2, Failures: 0, Errors: 0, Skipped: 0, Time elapsed: 0.039 s -- in org.sonar.java.checks.OperatorPrecedenceCheckTest
[INFO] Running org.sonar.java.checks.OptionalAsParameterCheckTest
[INFO] Tests run: 2, Failures: 0, Errors: 0, Skipped: 0, Time elapsed: 0.038 s -- in org.sonar.java.checks.OptionalAsParameterCheckTest
[INFO] Running org.sonar.java.checks.OutputStreamOverrideWriteCheckTest
[INFO] Tests run: 2, Failures: 0, Errors: 0, Skipped: 0, Time elapsed: 0.034 s -- in org.sonar.java.checks.OutputStreamOverrideWriteCheckTest
[INFO] Running org.sonar.java.checks.OverrideAnnotationCheckTest
[INFO] Tests run: 7, Failures: 0, Errors: 0, Skipped: 0, Time elapsed: 0.182 s -- in org.sonar.java.checks.OverrideAnnotationCheckTest
[INFO] Running org.sonar.java.checks.OverwrittenKeyCheckTest
[INFO] Tests run: 2, Failures: 0, Errors: 0, Skipped: 0, Time elapsed: 0.041 s -- in org.sonar.java.checks.OverwrittenKeyCheckTest
[INFO] Running org.sonar.java.checks.ParameterReassignedToCheckTest
[INFO] Tests run: 2, Failures: 0, Errors: 0, Skipped: 0, Time elapsed: 0.031 s -- in org.sonar.java.checks.ParameterReassignedToCheckTest
[INFO] Running org.sonar.java.checks.ParsingErrorCheckTest
[INFO] Tests run: 2, Failures: 0, Errors: 0, Skipped: 0, Time elapsed: 0.107 s -- in org.sonar.java.checks.ParsingErrorCheckTest
[INFO] Running org.sonar.java.checks.PatternMatchUsingIfCheckTest
[INFO] Tests run: 2, Failures: 0, Errors: 0, Skipped: 0, Time elapsed: 0.056 s -- in org.sonar.java.checks.PatternMatchUsingIfCheckTest
[INFO] Running org.sonar.java.checks.PersistenceAnnotationsMixedCheckTest
[INFO] Tests run: 2, Failures: 0, Errors: 0, Skipped: 0, Time elapsed: 0.036 s -- in org.sonar.java.checks.PersistenceAnnotationsMixedCheckTest
[INFO] Running org.sonar.java.checks.PopulateBeansCheckTest
[INFO] Tests run: 2, Failures: 0, Errors: 0, Skipped: 0, Time elapsed: 0.033 s -- in org.sonar.java.checks.PopulateBeansCheckTest
[INFO] Running org.sonar.java.checks.PredictableSeedCheckTest
[INFO] Tests run: 2, Failures: 0, Errors: 0, Skipped: 0, Time elapsed: 0.035 s -- in org.sonar.java.checks.PredictableSeedCheckTest
[INFO] Running org.sonar.java.checks.PreferStreamAnyMatchCheckTest
[INFO] Tests run: 2, Failures: 0, Errors: 0, Skipped: 0, Time elapsed: 0.039 s -- in org.sonar.java.checks.PreferStreamAnyMatchCheckTest
[INFO] Running org.sonar.java.checks.PreparedStatementAndResultSetCheckTest
[INFO] Tests run: 3, Failures: 0, Errors: 0, Skipped: 0, Time elapsed: 0.079 s -- in org.sonar.java.checks.PreparedStatementAndResultSetCheckTest
[INFO] Running org.sonar.java.checks.PreparedStatementInsideLoopCheckTest
[INFO] Tests run: 3, Failures: 0, Errors: 0, Skipped: 0, Time elapsed: 0.069 s -- in org.sonar.java.checks.PreparedStatementInsideLoopCheckTest
[INFO] Running org.sonar.java.checks.PreparedStatementLoopInvariantCheckTest
[INFO] Tests run: 2, Failures: 0, Errors: 0, Skipped: 0, Time elapsed: 0.044 s -- in org.sonar.java.checks.PreparedStatementLoopInvariantCheckTest
[INFO] Running org.sonar.java.checks.PresuperLogicBloatsConstructorCheckTest
[INFO] Tests run: 3, Failures: 0, Errors: 0, Skipped: 0, Time elapsed: 0.057 s -- in org.sonar.java.checks.PresuperLogicBloatsConstructorCheckTest
[INFO] Running org.sonar.java.checks.PrimitiveTypeBoxingWithToStringCheckTest
[INFO] Tests run: 2, Failures: 0, Errors: 0, Skipped: 0, Time elapsed: 0.033 s -- in org.sonar.java.checks.PrimitiveTypeBoxingWithToStringCheckTest
[INFO] Running org.sonar.java.checks.PrimitiveWrappersInTernaryOperatorCheckTest
[INFO] Tests run: 2, Failures: 0, Errors: 0, Skipped: 0, Time elapsed: 0.031 s -- in org.sonar.java.checks.PrimitiveWrappersInTernaryOperatorCheckTest
[INFO] Running org.sonar.java.checks.PrimitivesMarkedNullableCheckTest
[INFO] Tests run: 3, Failures: 0, Errors: 0, Skipped: 0, Time elapsed: 0.089 s -- in org.sonar.java.checks.PrimitivesMarkedNullableCheckTest
[INFO] Running org.sonar.java.checks.PrintfFailCheckTest
[INFO] Tests run: 3, Failures: 0, Errors: 0, Skipped: 0, Time elapsed: 0.088 s -- in org.sonar.java.checks.PrintfFailCheckTest
[INFO] Running org.sonar.java.checks.PrintfMisuseCheckTest
[INFO] Tests run: 5, Failures: 0, Errors: 0, Skipped: 0, Time elapsed: 0.160 s -- in org.sonar.java.checks.PrintfMisuseCheckTest
[INFO] Running org.sonar.java.checks.PrivateFieldUsedLocallyCheckTest
[INFO] Tests run: 3, Failures: 0, Errors: 0, Skipped: 0, Time elapsed: 0.091 s -- in org.sonar.java.checks.PrivateFieldUsedLocallyCheckTest
[INFO] Running org.sonar.java.checks.ProtectedMemberInFinalClassCheckTest
[INFO] Tests run: 2, Failures: 0, Errors: 0, Skipped: 0, Time elapsed: 0.040 s -- in org.sonar.java.checks.ProtectedMemberInFinalClassCheckTest
[INFO] Running org.sonar.java.checks.PseudoRandomCheckTest
[INFO] Tests run: 8, Failures: 0, Errors: 0, Skipped: 0, Time elapsed: 0.213 s -- in org.sonar.java.checks.PseudoRandomCheckTest
[INFO] Running org.sonar.java.checks.PublicConstructorInAbstractClassCheckTest
[INFO] Tests run: 2, Failures: 0, Errors: 0, Skipped: 0, Time elapsed: 0.029 s -- in org.sonar.java.checks.PublicConstructorInAbstractClassCheckTest
[INFO] Running org.sonar.java.checks.PublicStaticFieldShouldBeFinalCheckTest
[INFO] Tests run: 2, Failures: 0, Errors: 0, Skipped: 0, Time elapsed: 0.027 s -- in org.sonar.java.checks.PublicStaticFieldShouldBeFinalCheckTest
[INFO] Running org.sonar.java.checks.PublicStaticMutableMembersCheckTest
[INFO] Tests run: 4, Failures: 0, Errors: 0, Skipped: 0, Time elapsed: 0.097 s -- in org.sonar.java.checks.PublicStaticMutableMembersCheckTest
[INFO] Running org.sonar.java.checks.QuarkusCacheResultOnVoidMethodCheckTest
[INFO] Tests run: 3, Failures: 0, Errors: 0, Skipped: 0, Time elapsed: 0.065 s -- in org.sonar.java.checks.QuarkusCacheResultOnVoidMethodCheckTest
[INFO] Running org.sonar.java.checks.QueryOnlyRequiredFieldsCheckTest
[INFO] Tests run: 2, Failures: 0, Errors: 0, Skipped: 0, Time elapsed: 0.035 s -- in org.sonar.java.checks.QueryOnlyRequiredFieldsCheckTest
[INFO] Running org.sonar.java.checks.RandomFloatToIntCheckTest
[INFO] Tests run: 2, Failures: 0, Errors: 0, Skipped: 0, Time elapsed: 0.033 s -- in org.sonar.java.checks.RandomFloatToIntCheckTest
[INFO] Running org.sonar.java.checks.RawByteBitwiseOperationsCheckTest
[INFO] Tests run: 2, Failures: 0, Errors: 0, Skipped: 0, Time elapsed: 0.029 s -- in org.sonar.java.checks.RawByteBitwiseOperationsCheckTest
[INFO] Running org.sonar.java.checks.RawExceptionCheckTest
[INFO] Tests run: 3, Failures: 0, Errors: 0, Skipped: 0, Time elapsed: 0.066 s -- in org.sonar.java.checks.RawExceptionCheckTest
[INFO] Running org.sonar.java.checks.RawTypeCheckTest
[INFO] Tests run: 2, Failures: 0, Errors: 0, Skipped: 0, Time elapsed: 0.067 s -- in org.sonar.java.checks.RawTypeCheckTest
[INFO] Running org.sonar.java.checks.ReadObjectSynchronizedCheckTest
[INFO] Tests run: 2, Failures: 0, Errors: 0, Skipped: 0, Time elapsed: 0.030 s -- in org.sonar.java.checks.ReadObjectSynchronizedCheckTest
[INFO] Running org.sonar.java.checks.ReadlnWithPromptCheckTest
[INFO] Tests run: 3, Failures: 0, Errors: 0, Skipped: 0, Time elapsed: 0.062 s -- in org.sonar.java.checks.ReadlnWithPromptCheckTest
[INFO] Running org.sonar.java.checks.RecordDuplicatedGetterCheckTest
[INFO] Tests run: 2, Failures: 0, Errors: 0, Skipped: 0, Time elapsed: 0.039 s -- in org.sonar.java.checks.RecordDuplicatedGetterCheckTest
[INFO] Running org.sonar.java.checks.RecordInsteadOfClassCheckTest
[INFO] Tests run: 4, Failures: 0, Errors: 0, Skipped: 0, Time elapsed: 0.107 s -- in org.sonar.java.checks.RecordInsteadOfClassCheckTest
[INFO] Running org.sonar.java.checks.RecordPatternInsteadOfFieldAccessCheckTest
[INFO] Tests run: 2, Failures: 0, Errors: 0, Skipped: 0, Time elapsed: 0.040 s -- in org.sonar.java.checks.RecordPatternInsteadOfFieldAccessCheckTest
[INFO] Running org.sonar.java.checks.RedundantAbstractMethodCheckTest
[INFO] Tests run: 2, Failures: 0, Errors: 0, Skipped: 0, Time elapsed: 0.038 s -- in org.sonar.java.checks.RedundantAbstractMethodCheckTest
[INFO] Running org.sonar.java.checks.RedundantCloseCheckTest
[INFO] Tests run: 3, Failures: 0, Errors: 0, Skipped: 0, Time elapsed: 0.063 s -- in org.sonar.java.checks.RedundantCloseCheckTest
[INFO] Running org.sonar.java.checks.RedundantJumpCheckTest
[INFO] Tests run: 2, Failures: 0, Errors: 0, Skipped: 0, Time elapsed: 0.033 s -- in org.sonar.java.checks.RedundantJumpCheckTest
[INFO] Running org.sonar.java.checks.RedundantModifierCheckTest
[INFO] Tests run: 2, Failures: 0, Errors: 0, Skipped: 0, Time elapsed: 0.035 s -- in org.sonar.java.checks.RedundantModifierCheckTest
[INFO] Running org.sonar.java.checks.RedundantNullabilityAnnotationsCheckTest
[INFO] Tests run: 2, Failures: 0, Errors: 0, Skipped: 0, Time elapsed: 0.099 s -- in org.sonar.java.checks.RedundantNullabilityAnnotationsCheckTest
[INFO] Running org.sonar.java.checks.RedundantRecordMethodsCheckTest
[INFO] Tests run: 2, Failures: 0, Errors: 0, Skipped: 0, Time elapsed: 0.044 s -- in org.sonar.java.checks.RedundantRecordMethodsCheckTest
[INFO] Running org.sonar.java.checks.RedundantStreamCollectCheckTest
[INFO] Tests run: 2, Failures: 0, Errors: 0, Skipped: 0, Time elapsed: 0.032 s -- in org.sonar.java.checks.RedundantStreamCollectCheckTest
[INFO] Running org.sonar.java.checks.RedundantThrowsDeclarationCheckTest
[INFO] Tests run: 3, Failures: 0, Errors: 0, Skipped: 0, Time elapsed: 0.087 s -- in org.sonar.java.checks.RedundantThrowsDeclarationCheckTest
[INFO] Running org.sonar.java.checks.RedundantTypeCastCheckTest
[INFO] Tests run: 3, Failures: 0, Errors: 0, Skipped: 0, Time elapsed: 0.109 s -- in org.sonar.java.checks.RedundantTypeCastCheckTest
[INFO] Running org.sonar.java.checks.ReflectionOnNonRuntimeAnnotationCheckTest
[INFO] Tests run: 3, Failures: 0, Errors: 0, Skipped: 0, Time elapsed: 0.066 s -- in org.sonar.java.checks.ReflectionOnNonRuntimeAnnotationCheckTest
[INFO] Running org.sonar.java.checks.RegexPatternsNeedlesslyCheckTest
[INFO] Tests run: 2, Failures: 0, Errors: 0, Skipped: 0, Time elapsed: 0.040 s -- in org.sonar.java.checks.RegexPatternsNeedlesslyCheckTest
[INFO] Running org.sonar.java.checks.ReleaseSensorsCheckTest
[INFO] Tests run: 3, Failures: 0, Errors: 0, Skipped: 0, Time elapsed: 0.065 s -- in org.sonar.java.checks.ReleaseSensorsCheckTest
[INFO] Running org.sonar.java.checks.RemoveTypeFromUnusedPatternCheckTest
[INFO] Tests run: 3, Failures: 0, Errors: 0, Skipped: 0, Time elapsed: 0.075 s -- in org.sonar.java.checks.RemoveTypeFromUnusedPatternCheckTest
[INFO] Running org.sonar.java.checks.RepeatAnnotationCheckTest
[INFO] Tests run: 4, Failures: 0, Errors: 0, Skipped: 0, Time elapsed: 0.077 s -- in org.sonar.java.checks.RepeatAnnotationCheckTest
[INFO] Running org.sonar.java.checks.ReplaceGuavaWithJavaCheckTest
[INFO] Tests run: 5, Failures: 0, Errors: 0, Skipped: 0, Time elapsed: 0.139 s -- in org.sonar.java.checks.ReplaceGuavaWithJavaCheckTest
[INFO] Running org.sonar.java.checks.ReplaceLambdaByMethodRefCheckTest
[INFO] Tests run: 3, Failures: 0, Errors: 0, Skipped: 0, Time elapsed: 0.140 s -- in org.sonar.java.checks.ReplaceLambdaByMethodRefCheckTest
[INFO] Running org.sonar.java.checks.ReplaceUnusedExceptionParameterWithUnnamedPatternCheckTest
[INFO] Tests run: 3, Failures: 0, Errors: 0, Skipped: 0, Time elapsed: 0.068 s -- in org.sonar.java.checks.ReplaceUnusedExceptionParameterWithUnnamedPatternCheckTest
[INFO] Running org.sonar.java.checks.RestDataPanacheResourceImplementationCheckTest
[INFO] Tests run: 2, Failures: 0, Errors: 0, Skipped: 0, Time elapsed: 0.036 s -- in org.sonar.java.checks.RestDataPanacheResourceImplementationCheckTest
[INFO] Running org.sonar.java.checks.RestrictedIdentifiersUsageCheckTest
[INFO] Tests run: 4, Failures: 0, Errors: 0, Skipped: 0, Time elapsed: 0.083 s -- in org.sonar.java.checks.RestrictedIdentifiersUsageCheckTest
[INFO] Running org.sonar.java.checks.ResultSetIsLastCheckTest
[INFO] Tests run: 2, Failures: 0, Errors: 0, Skipped: 0, Time elapsed: 0.029 s -- in org.sonar.java.checks.ResultSetIsLastCheckTest
[INFO] Running org.sonar.java.checks.ReturnEmptyArrayNotNullCheckTest
[INFO] Tests run: 5, Failures: 0, Errors: 0, Skipped: 0, Time elapsed: 0.206 s -- in org.sonar.java.checks.ReturnEmptyArrayNotNullCheckTest
[INFO] Running org.sonar.java.checks.ReturnInFinallyCheckTest
[INFO] Tests run: 2, Failures: 0, Errors: 0, Skipped: 0, Time elapsed: 0.033 s -- in org.sonar.java.checks.ReturnInFinallyCheckTest
[INFO] Running org.sonar.java.checks.ReturnOfBooleanExpressionsCheckTest
[INFO] Tests run: 2, Failures: 0, Errors: 0, Skipped: 0, Time elapsed: 0.029 s -- in org.sonar.java.checks.ReturnOfBooleanExpressionsCheckTest
[INFO] Running org.sonar.java.checks.ReuseRandomCheckTest
[INFO] Tests run: 2, Failures: 0, Errors: 0, Skipped: 0, Time elapsed: 0.035 s -- in org.sonar.java.checks.ReuseRandomCheckTest
[INFO] Running org.sonar.java.checks.ReverseSequencedCollectionCheckTest
[INFO] Tests run: 3, Failures: 0, Errors: 0, Skipped: 0, Time elapsed: 0.081 s -- in org.sonar.java.checks.ReverseSequencedCollectionCheckTest
[INFO] Running org.sonar.java.checks.ReversedMethodSequencedCollectionCheckTest
[INFO] Tests run: 3, Failures: 0, Errors: 0, Skipped: 0, Time elapsed: 0.063 s -- in org.sonar.java.checks.ReversedMethodSequencedCollectionCheckTest
[INFO] Running org.sonar.java.checks.RightCurlyBraceDifferentLineAsNextBlockCheckTest
[INFO] Tests run: 2, Failures: 0, Errors: 0, Skipped: 0, Time elapsed: 0.025 s -- in org.sonar.java.checks.RightCurlyBraceDifferentLineAsNextBlockCheckTest
[INFO] Running org.sonar.java.checks.RightCurlyBraceSameLineAsNextBlockCheckTest
[INFO] Tests run: 2, Failures: 0, Errors: 0, Skipped: 0, Time elapsed: 0.030 s -- in org.sonar.java.checks.RightCurlyBraceSameLineAsNextBlockCheckTest
[INFO] Running org.sonar.java.checks.RightCurlyBraceStartLineCheckTest
[INFO] Tests run: 2, Failures: 0, Errors: 0, Skipped: 0, Time elapsed: 0.035 s -- in org.sonar.java.checks.RightCurlyBraceStartLineCheckTest
[INFO] Running org.sonar.java.checks.RunFinalizersCheckTest
[INFO] Tests run: 2, Failures: 0, Errors: 0, Skipped: 0, Time elapsed: 0.090 s -- in org.sonar.java.checks.RunFinalizersCheckTest
[INFO] Running org.sonar.java.checks.SQLInjectionCheckTest
[INFO] Tests run: 4, Failures: 0, Errors: 0, Skipped: 0, Time elapsed: 0.091 s -- in org.sonar.java.checks.SQLInjectionCheckTest
[INFO] Running org.sonar.java.checks.ScheduledThreadPoolExecutorMaximumPoolSizeCheckTest
[INFO] Tests run: 1, Failures: 0, Errors: 0, Skipped: 0, Time elapsed: 0.032 s -- in org.sonar.java.checks.ScheduledThreadPoolExecutorMaximumPoolSizeCheckTest
[INFO] Running org.sonar.java.checks.ScheduledThreadPoolExecutorZeroCheckTest
[INFO] Tests run: 2, Failures: 0, Errors: 0, Skipped: 0, Time elapsed: 0.027 s -- in org.sonar.java.checks.ScheduledThreadPoolExecutorZeroCheckTest
[INFO] Running org.sonar.java.checks.ScopedValueStableReferenceCheckTest
[INFO] Tests run: 3, Failures: 0, Errors: 0, Skipped: 0, Time elapsed: 0.071 s -- in org.sonar.java.checks.ScopedValueStableReferenceCheckTest
[INFO] Running org.sonar.java.checks.SelectorMethodArgumentCheckTest
[INFO] Tests run: 2, Failures: 0, Errors: 0, Skipped: 0, Time elapsed: 0.030 s -- in org.sonar.java.checks.SelectorMethodArgumentCheckTest
[INFO] Running org.sonar.java.checks.SelfAssignmentCheckTest
[INFO] Tests run: 2, Failures: 0, Errors: 0, Skipped: 0, Time elapsed: 0.037 s -- in org.sonar.java.checks.SelfAssignmentCheckTest
[INFO] Running org.sonar.java.checks.ServletInstanceFieldCheckTest
[INFO] Tests run: 3, Failures: 0, Errors: 0, Skipped: 0, Time elapsed: 0.104 s -- in org.sonar.java.checks.ServletInstanceFieldCheckTest
[INFO] Running org.sonar.java.checks.ServletMethodsExceptionsThrownCheckTest
[INFO] Tests run: 2, Failures: 0, Errors: 0, Skipped: 0, Time elapsed: 0.046 s -- in org.sonar.java.checks.ServletMethodsExceptionsThrownCheckTest
[INFO] Running org.sonar.java.checks.SeveralBreakOrContinuePerLoopCheckTest
[INFO] Tests run: 2, Failures: 0, Errors: 0, Skipped: 0, Time elapsed: 0.030 s -- in org.sonar.java.checks.SeveralBreakOrContinuePerLoopCheckTest
[INFO] Running org.sonar.java.checks.ShiftOnIntOrLongCheckTest
[INFO] Tests run: 2, Failures: 0, Errors: 0, Skipped: 0, Time elapsed: 0.035 s -- in org.sonar.java.checks.ShiftOnIntOrLongCheckTest
[INFO] Running org.sonar.java.checks.SillyEqualsCheckTest
[INFO] Tests run: 3, Failures: 0, Errors: 0, Skipped: 0, Time elapsed: 0.067 s -- in org.sonar.java.checks.SillyEqualsCheckTest
[INFO] Running org.sonar.java.checks.SillyStringOperationsCheckTest
[INFO] Tests run: 2, Failures: 0, Errors: 0, Skipped: 0, Time elapsed: 0.033 s -- in org.sonar.java.checks.SillyStringOperationsCheckTest
[INFO] Running org.sonar.java.checks.SimpleClassNameCheckTest
[INFO] Tests run: 4, Failures: 0, Errors: 0, Skipped: 0, Time elapsed: 0.103 s -- in org.sonar.java.checks.SimpleClassNameCheckTest
[INFO] Running org.sonar.java.checks.SimpleStringLiteralForSingleLineStringsCheckTest
[INFO] Tests run: 2, Failures: 0, Errors: 0, Skipped: 0, Time elapsed: 0.031 s -- in org.sonar.java.checks.SimpleStringLiteralForSingleLineStringsCheckTest
[INFO] Running org.sonar.java.checks.SimpleTemporalInstantiationCheckTest
[INFO] Tests run: 2, Failures: 0, Errors: 0, Skipped: 0, Time elapsed: 0.031 s -- in org.sonar.java.checks.SimpleTemporalInstantiationCheckTest
[INFO] Running org.sonar.java.checks.SingleIfInsteadOfPatternMatchGuardCheckTest
[INFO] Tests run: 2, Failures: 0, Errors: 0, Skipped: 0, Time elapsed: 0.039 s -- in org.sonar.java.checks.SingleIfInsteadOfPatternMatchGuardCheckTest
[INFO] Running org.sonar.java.checks.SpecializedFunctionalInterfacesCheckTest
[INFO] Tests run: 2, Failures: 0, Errors: 0, Skipped: 0, Time elapsed: 0.101 s -- in org.sonar.java.checks.SpecializedFunctionalInterfacesCheckTest
[INFO] Running org.sonar.java.checks.StandardCharsetsConstantsCheckTest
[INFO] Tests run: 2, Failures: 0, Errors: 0, Skipped: 0, Time elapsed: 0.169 s -- in org.sonar.java.checks.StandardCharsetsConstantsCheckTest
[INFO] Running org.sonar.java.checks.StandardFunctionalInterfaceCheckTest
[INFO] Tests run: 2, Failures: 0, Errors: 0, Skipped: 0, Time elapsed: 0.040 s -- in org.sonar.java.checks.StandardFunctionalInterfaceCheckTest
[INFO] Running org.sonar.java.checks.StartupAnnotationCheckTest
[INFO] Tests run: 2, Failures: 0, Errors: 0, Skipped: 0, Time elapsed: 0.033 s -- in org.sonar.java.checks.StartupAnnotationCheckTest
[INFO] Running org.sonar.java.checks.StatelessBeanInstanceFieldCheckTest
[INFO] Tests run: 3, Failures: 0, Errors: 0, Skipped: 0, Time elapsed: 0.069 s -- in org.sonar.java.checks.StatelessBeanInstanceFieldCheckTest
[INFO] Running org.sonar.java.checks.StaticFieldInitializationCheckTest
[INFO] Tests run: 2, Failures: 0, Errors: 0, Skipped: 0, Time elapsed: 0.033 s -- in org.sonar.java.checks.StaticFieldInitializationCheckTest
[INFO] Running org.sonar.java.checks.StaticFieldUpateCheckTest
[INFO] Tests run: 4, Failures: 0, Errors: 0, Skipped: 0, Time elapsed: 0.066 s -- in org.sonar.java.checks.StaticFieldUpateCheckTest
[INFO] Running org.sonar.java.checks.StaticFieldUpdateInConstructorCheckTest
[INFO] Tests run: 2, Failures: 0, Errors: 0, Skipped: 0, Time elapsed: 0.033 s -- in org.sonar.java.checks.StaticFieldUpdateInConstructorCheckTest
[INFO] Running org.sonar.java.checks.StaticImportCountCheckTest
[INFO] Tests run: 6, Failures: 0, Errors: 0, Skipped: 0, Time elapsed: 0.121 s -- in org.sonar.java.checks.StaticImportCountCheckTest
[INFO] Running org.sonar.java.checks.StaticMemberAccessCheckTest
[INFO] Tests run: 6, Failures: 0, Errors: 0, Skipped: 0, Time elapsed: 0.144 s -- in org.sonar.java.checks.StaticMemberAccessCheckTest
[INFO] Running org.sonar.java.checks.StaticMembersAccessCheckTest
[INFO] Tests run: 2, Failures: 0, Errors: 0, Skipped: 0, Time elapsed: 0.037 s -- in org.sonar.java.checks.StaticMembersAccessCheckTest
[INFO] Running org.sonar.java.checks.StaticMethodCheckTest
[INFO] Tests run: 4, Failures: 0, Errors: 0, Skipped: 0, Time elapsed: 0.106 s -- in org.sonar.java.checks.StaticMethodCheckTest
[INFO] Running org.sonar.java.checks.StaticMethodHidingCheckTest
[INFO] Tests run: 3, Failures: 0, Errors: 0, Skipped: 0, Time elapsed: 0.068 s -- in org.sonar.java.checks.StaticMethodHidingCheckTest
[INFO] Running org.sonar.java.checks.StaticMultithreadedUnsafeFieldsCheckTest
[INFO] Tests run: 2, Failures: 0, Errors: 0, Skipped: 0, Time elapsed: 0.008 s -- in org.sonar.java.checks.StaticMultithreadedUnsafeFieldsCheckTest
[INFO] Running org.sonar.java.checks.StreamForeachCheckTest
[INFO] Tests run: 2, Failures: 0, Errors: 0, Skipped: 0, Time elapsed: 0.035 s -- in org.sonar.java.checks.StreamForeachCheckTest
[INFO] Running org.sonar.java.checks.StreamPeekCheckTest
[INFO] Tests run: 2, Failures: 0, Errors: 0, Skipped: 0, Time elapsed: 0.036 s -- in org.sonar.java.checks.StreamPeekCheckTest
[INFO] Running org.sonar.java.checks.StreamReadResultCastCheckTest
[INFO] Tests run: 1, Failures: 0, Errors: 0, Skipped: 0, Time elapsed: 0.026 s -- in org.sonar.java.checks.StreamReadResultCastCheckTest
[INFO] Running org.sonar.java.checks.StringBufferAndBuilderConcatenationCheckTest
[INFO] Tests run: 2, Failures: 0, Errors: 0, Skipped: 0, Time elapsed: 0.041 s -- in org.sonar.java.checks.StringBufferAndBuilderConcatenationCheckTest
[INFO] Running org.sonar.java.checks.StringBufferAndBuilderWithCharCheckTest
[INFO] Tests run: 2, Failures: 0, Errors: 0, Skipped: 0, Time elapsed: 0.033 s -- in org.sonar.java.checks.StringBufferAndBuilderWithCharCheckTest
[INFO] Running org.sonar.java.checks.StringCallsBeyondBoundsCheckTest
[INFO] Tests run: 2, Failures: 0, Errors: 0, Skipped: 0, Time elapsed: 0.030 s -- in org.sonar.java.checks.StringCallsBeyondBoundsCheckTest
[INFO] Running org.sonar.java.checks.StringConcatToTextBlockCheckTest
[INFO] Tests run: 4, Failures: 0, Errors: 0, Skipped: 0, Time elapsed: 0.091 s -- in org.sonar.java.checks.StringConcatToTextBlockCheckTest
[INFO] Running org.sonar.java.checks.StringConcatenationInLoopCheckTest
[INFO] Tests run: 2, Failures: 0, Errors: 0, Skipped: 0, Time elapsed: 0.035 s -- in org.sonar.java.checks.StringConcatenationInLoopCheckTest
[INFO] Running org.sonar.java.checks.StringIndexOfRangesCheckTest
[INFO] Tests run: 3, Failures: 0, Errors: 0, Skipped: 0, Time elapsed: 0.064 s -- in org.sonar.java.checks.StringIndexOfRangesCheckTest
[INFO] Running org.sonar.java.checks.StringIsEmptyCheckTest
[INFO] Tests run: 7, Failures: 0, Errors: 0, Skipped: 0, Time elapsed: 0.171 s -- in org.sonar.java.checks.StringIsEmptyCheckTest
[INFO] Running org.sonar.java.checks.StringLiteralDuplicatedCheckTest
[INFO] Tests run: 8, Failures: 0, Errors: 0, Skipped: 0, Time elapsed: 0.216 s -- in org.sonar.java.checks.StringLiteralDuplicatedCheckTest
[INFO] Running org.sonar.java.checks.StringLiteralInsideEqualsCheckTest
[INFO] Tests run: 3, Failures: 0, Errors: 0, Skipped: 0, Time elapsed: 0.062 s -- in org.sonar.java.checks.StringLiteralInsideEqualsCheckTest
[INFO] Running org.sonar.java.checks.StringMethodsWithLocaleCheckTest
[INFO] Tests run: 2, Failures: 0, Errors: 0, Skipped: 0, Time elapsed: 0.033 s -- in org.sonar.java.checks.StringMethodsWithLocaleCheckTest
[INFO] Running org.sonar.java.checks.StringOffsetMethodsCheckTest
[INFO] Tests run: 2, Failures: 0, Errors: 0, Skipped: 0, Time elapsed: 0.033 s -- in org.sonar.java.checks.StringOffsetMethodsCheckTest
[INFO] Running org.sonar.java.checks.StringPrimitiveConstructorCheckTest
[INFO] Tests run: 2, Failures: 0, Errors: 0, Skipped: 0, Time elapsed: 0.041 s -- in org.sonar.java.checks.StringPrimitiveConstructorCheckTest
[INFO] Running org.sonar.java.checks.StringToPrimitiveConversionCheckTest
[INFO] Tests run: 3, Failures: 0, Errors: 0, Skipped: 0, Time elapsed: 0.064 s -- in org.sonar.java.checks.StringToPrimitiveConversionCheckTest
[INFO] Running org.sonar.java.checks.StringToStringCheckTest
[INFO] Tests run: 3, Failures: 0, Errors: 0, Skipped: 0, Time elapsed: 0.059 s -- in org.sonar.java.checks.StringToStringCheckTest
[INFO] Running org.sonar.java.checks.StrongCipherAlgorithmCheckTest
[INFO] Tests run: 3, Failures: 0, Errors: 0, Skipped: 0, Time elapsed: 0.064 s -- in org.sonar.java.checks.StrongCipherAlgorithmCheckTest
[INFO] Running org.sonar.java.checks.SubClassStaticReferenceCheckTest
[INFO] Tests run: 2, Failures: 0, Errors: 0, Skipped: 0, Time elapsed: 0.036 s -- in org.sonar.java.checks.SubClassStaticReferenceCheckTest
[INFO] Running org.sonar.java.checks.SunPackagesUsedCheckTest
[INFO] Tests run: 3, Failures: 0, Errors: 0, Skipped: 0, Time elapsed: 0.167 s -- in org.sonar.java.checks.SunPackagesUsedCheckTest
[INFO] Running org.sonar.java.checks.SuppressWarningsCheckTest
[INFO] Tests run: 7, Failures: 0, Errors: 0, Skipped: 0, Time elapsed: 0.172 s -- in org.sonar.java.checks.SuppressWarningsCheckTest
[INFO] Running org.sonar.java.checks.SuspiciousListRemoveCheckTest
[INFO] Tests run: 2, Failures: 0, Errors: 0, Skipped: 0, Time elapsed: 0.062 s -- in org.sonar.java.checks.SuspiciousListRemoveCheckTest
[INFO] Running org.sonar.java.checks.SwitchAtLeastThreeCasesCheckTest
[INFO] Tests run: 2, Failures: 0, Errors: 0, Skipped: 0, Time elapsed: 0.072 s -- in org.sonar.java.checks.SwitchAtLeastThreeCasesCheckTest
[INFO] Running org.sonar.java.checks.SwitchCaseTooBigCheckTest
[INFO] Tests run: 5, Failures: 0, Errors: 0, Skipped: 0, Time elapsed: 0.173 s -- in org.sonar.java.checks.SwitchCaseTooBigCheckTest
[INFO] Running org.sonar.java.checks.SwitchCaseWithoutBreakCheckTest
[INFO] Tests run: 2, Failures: 0, Errors: 0, Skipped: 0, Time elapsed: 0.040 s -- in org.sonar.java.checks.SwitchCaseWithoutBreakCheckTest
[INFO] Running org.sonar.java.checks.SwitchCasesShouldBeCommaSeparatedCheckTest
[INFO] Tests run: 4, Failures: 0, Errors: 0, Skipped: 0, Time elapsed: 0.092 s -- in org.sonar.java.checks.SwitchCasesShouldBeCommaSeparatedCheckTest
[INFO] Running org.sonar.java.checks.SwitchDefaultLastCaseCheckTest
[INFO] Tests run: 3, Failures: 0, Errors: 0, Skipped: 0, Time elapsed: 0.056 s -- in org.sonar.java.checks.SwitchDefaultLastCaseCheckTest
[INFO] Running org.sonar.java.checks.SwitchInsteadOfIfSequenceCheckTest
[INFO] Tests run: 4, Failures: 0, Errors: 0, Skipped: 0, Time elapsed: 0.092 s -- in org.sonar.java.checks.SwitchInsteadOfIfSequenceCheckTest
[INFO] Running org.sonar.java.checks.SwitchLastCaseIsDefaultCheckTest
[INFO] Tests run: 3, Failures: 0, Errors: 0, Skipped: 0, Time elapsed: 0.040 s -- in org.sonar.java.checks.SwitchLastCaseIsDefaultCheckTest
[INFO] Running org.sonar.java.checks.SwitchRedundantKeywordCheckTest
[INFO] Tests run: 2, Failures: 0, Errors: 0, Skipped: 0, Time elapsed: 0.035 s -- in org.sonar.java.checks.SwitchRedundantKeywordCheckTest
[INFO] Running org.sonar.java.checks.SwitchWithLabelsCheckTest
[INFO] Tests run: 3, Failures: 0, Errors: 0, Skipped: 0, Time elapsed: 0.061 s -- in org.sonar.java.checks.SwitchWithLabelsCheckTest
[INFO] Running org.sonar.java.checks.SwitchWithTooManyCasesCheckTest
[INFO] Tests run: 4, Failures: 0, Errors: 0, Skipped: 0, Time elapsed: 0.090 s -- in org.sonar.java.checks.SwitchWithTooManyCasesCheckTest
[INFO] Running org.sonar.java.checks.SymmetricEqualsCheckTest
[INFO] Tests run: 2, Failures: 0, Errors: 0, Skipped: 0, Time elapsed: 0.031 s -- in org.sonar.java.checks.SymmetricEqualsCheckTest
[INFO] Running org.sonar.java.checks.SyncGetterAndSetterCheckTest
[INFO] Tests run: 2, Failures: 0, Errors: 0, Skipped: 0, Time elapsed: 0.036 s -- in org.sonar.java.checks.SyncGetterAndSetterCheckTest
[INFO] Running org.sonar.java.checks.SynchronizationOnStringOrBoxedCheckTest
[INFO] Tests run: 3, Failures: 0, Errors: 0, Skipped: 0, Time elapsed: 0.061 s -- in org.sonar.java.checks.SynchronizationOnStringOrBoxedCheckTest
[INFO] Running org.sonar.java.checks.SynchronizedClassUsageCheckTest
[INFO] Tests run: 2, Failures: 0, Errors: 0, Skipped: 0, Time elapsed: 0.081 s -- in org.sonar.java.checks.SynchronizedClassUsageCheckTest
[INFO] Running org.sonar.java.checks.SynchronizedFieldAssignmentCheckTest
[INFO] Tests run: 2, Failures: 0, Errors: 0, Skipped: 0, Time elapsed: 0.029 s -- in org.sonar.java.checks.SynchronizedFieldAssignmentCheckTest
[INFO] Running org.sonar.java.checks.SynchronizedOnConcurrentObjectCheckTest
[INFO] Tests run: 2, Failures: 0, Errors: 0, Skipped: 0, Time elapsed: 0.037 s -- in org.sonar.java.checks.SynchronizedOnConcurrentObjectCheckTest
[INFO] Running org.sonar.java.checks.SynchronizedOverrideCheckTest
[INFO] Tests run: 2, Failures: 0, Errors: 0, Skipped: 0, Time elapsed: 0.032 s -- in org.sonar.java.checks.SynchronizedOverrideCheckTest
[INFO] Running org.sonar.java.checks.SystemExitCalledCheckTest
[INFO] Tests run: 2, Failures: 0, Errors: 0, Skipped: 0, Time elapsed: 0.027 s -- in org.sonar.java.checks.SystemExitCalledCheckTest
[INFO] Running org.sonar.java.checks.SystemOutOrErrUsageCheckTest
[INFO] Tests run: 6, Failures: 0, Errors: 0, Skipped: 0, Time elapsed: 0.129 s -- in org.sonar.java.checks.SystemOutOrErrUsageCheckTest
[INFO] Running org.sonar.java.checks.TabCharacterCheckTest
[INFO] Tests run: 3, Failures: 0, Errors: 0, Skipped: 0, Time elapsed: 0.049 s -- in org.sonar.java.checks.TabCharacterCheckTest
[INFO] Running org.sonar.java.checks.TernaryOperatorCheckTest
[INFO] Tests run: 2, Failures: 0, Errors: 0, Skipped: 0, Time elapsed: 0.024 s -- in org.sonar.java.checks.TernaryOperatorCheckTest
[INFO] Running org.sonar.java.checks.TernaryOperatorSameOperationCheckTest
[INFO] Tests run: 2, Failures: 0, Errors: 0, Skipped: 0, Time elapsed: 0.036 s -- in org.sonar.java.checks.TernaryOperatorSameOperationCheckTest
[INFO] Running org.sonar.java.checks.TestsInSeparateFolderCheckTest
[INFO] Tests run: 3, Failures: 0, Errors: 0, Skipped: 0, Time elapsed: 0.050 s -- in org.sonar.java.checks.TestsInSeparateFolderCheckTest
[INFO] Running org.sonar.java.checks.TextBlockTabsAndSpacesCheckTest
[INFO] Tests run: 2, Failures: 0, Errors: 0, Skipped: 0, Time elapsed: 0.029 s -- in org.sonar.java.checks.TextBlockTabsAndSpacesCheckTest
[INFO] Running org.sonar.java.checks.TextBlocksInComplexExpressionsCheckTest
[INFO] Tests run: 3, Failures: 0, Errors: 0, Skipped: 0, Time elapsed: 0.064 s -- in org.sonar.java.checks.TextBlocksInComplexExpressionsCheckTest
[INFO] Running org.sonar.java.checks.ThisExposedFromConstructorCheckTest
[INFO] Tests run: 2, Failures: 0, Errors: 0, Skipped: 0, Time elapsed: 0.029 s -- in org.sonar.java.checks.ThisExposedFromConstructorCheckTest
[INFO] Running org.sonar.java.checks.ThreadAsRunnableArgumentCheckTest
[INFO] Tests run: 2, Failures: 0, Errors: 0, Skipped: 0, Time elapsed: 0.044 s -- in org.sonar.java.checks.ThreadAsRunnableArgumentCheckTest
[INFO] Running org.sonar.java.checks.ThreadLocalCleanupCheckTest
[INFO] Tests run: 3, Failures: 0, Errors: 0, Skipped: 0, Time elapsed: 0.063 s -- in org.sonar.java.checks.ThreadLocalCleanupCheckTest
[INFO] Running org.sonar.java.checks.ThreadLocalWithInitialCheckTest
[INFO] Tests run: 3, Failures: 0, Errors: 0, Skipped: 0, Time elapsed: 0.055 s -- in org.sonar.java.checks.ThreadLocalWithInitialCheckTest
[INFO] Running org.sonar.java.checks.ThreadOverridesRunCheckTest
[INFO] Tests run: 3, Failures: 0, Errors: 0, Skipped: 0, Time elapsed: 0.066 s -- in org.sonar.java.checks.ThreadOverridesRunCheckTest
[INFO] Running org.sonar.java.checks.ThreadRunCheckTest
[INFO] Tests run: 2, Failures: 0, Errors: 0, Skipped: 0, Time elapsed: 0.033 s -- in org.sonar.java.checks.ThreadRunCheckTest
[INFO] Running org.sonar.java.checks.ThreadSleepCheckTest
[INFO] Tests run: 2, Failures: 0, Errors: 0, Skipped: 0, Time elapsed: 0.034 s -- in org.sonar.java.checks.ThreadSleepCheckTest
[INFO] Running org.sonar.java.checks.ThreadStartedInConstructorCheckTest
[INFO] Tests run: 2, Failures: 0, Errors: 0, Skipped: 0, Time elapsed: 0.036 s -- in org.sonar.java.checks.ThreadStartedInConstructorCheckTest
[INFO] Running org.sonar.java.checks.ThreadWaitCallCheckTest
[INFO] Tests run: 2, Failures: 0, Errors: 0, Skipped: 0, Time elapsed: 0.031 s -- in org.sonar.java.checks.ThreadWaitCallCheckTest
[INFO] Running org.sonar.java.checks.ThrowCheckedExceptionCheckTest
[INFO] Tests run: 2, Failures: 0, Errors: 0, Skipped: 0, Time elapsed: 0.032 s -- in org.sonar.java.checks.ThrowCheckedExceptionCheckTest
[INFO] Running org.sonar.java.checks.ThrowsFromFinallyCheckTest
[INFO] Tests run: 2, Failures: 0, Errors: 0, Skipped: 0, Time elapsed: 0.030 s -- in org.sonar.java.checks.ThrowsFromFinallyCheckTest
[INFO] Running org.sonar.java.checks.ThrowsSeveralCheckedExceptionCheckTest
[INFO] Tests run: 2, Failures: 0, Errors: 0, Skipped: 0, Time elapsed: 0.040 s -- in org.sonar.java.checks.ThrowsSeveralCheckedExceptionCheckTest
[INFO] Running org.sonar.java.checks.TimeZoneIdCheckTest
[INFO] Tests run: 4, Failures: 0, Errors: 0, Skipped: 0, Time elapsed: 0.088 s -- in org.sonar.java.checks.TimeZoneIdCheckTest
[INFO] Running org.sonar.java.checks.ToArrayCheckTest
[INFO] Tests run: 2, Failures: 0, Errors: 0, Skipped: 0, Time elapsed: 0.034 s -- in org.sonar.java.checks.ToArrayCheckTest
[INFO] Running org.sonar.java.checks.ToStringReturningNullCheckTest
[INFO] Tests run: 2, Failures: 0, Errors: 0, Skipped: 0, Time elapsed: 0.035 s -- in org.sonar.java.checks.ToStringReturningNullCheckTest
[INFO] Running org.sonar.java.checks.ToStringUsingBoxingCheckTest
[INFO] Tests run: 2, Failures: 0, Errors: 0, Skipped: 0, Time elapsed: 0.037 s -- in org.sonar.java.checks.ToStringUsingBoxingCheckTest
[INFO] Running org.sonar.java.checks.TodoTagPresenceCheckTest
[INFO] Tests run: 2, Failures: 0, Errors: 0, Skipped: 0, Time elapsed: 0.027 s -- in org.sonar.java.checks.TodoTagPresenceCheckTest
[INFO] Running org.sonar.java.checks.TooLongLineCheckTest
[INFO] Tests run: 6, Failures: 0, Errors: 0, Skipped: 0, Time elapsed: 0.122 s -- in org.sonar.java.checks.TooLongLineCheckTest
[INFO] Running org.sonar.java.checks.TooManyLinesOfCodeInFileCheckTest
[INFO] Tests run: 4, Failures: 0, Errors: 0, Skipped: 0, Time elapsed: 0.049 s -- in org.sonar.java.checks.TooManyLinesOfCodeInFileCheckTest
[INFO] Running org.sonar.java.checks.TooManyMethodsCheckTest
[INFO] Tests run: 4, Failures: 0, Errors: 0, Skipped: 0, Time elapsed: 0.090 s -- in org.sonar.java.checks.TooManyMethodsCheckTest
[INFO] Running org.sonar.java.checks.TooManyParametersCheckTest
[INFO] Tests run: 5, Failures: 0, Errors: 0, Skipped: 0, Time elapsed: 0.187 s -- in org.sonar.java.checks.TooManyParametersCheckTest
[INFO] Running org.sonar.java.checks.TooManyStatementsPerLineCheckTest
[INFO] Tests run: 2, Failures: 0, Errors: 0, Skipped: 0, Time elapsed: 0.035 s -- in org.sonar.java.checks.TooManyStatementsPerLineCheckTest
[INFO] Running org.sonar.java.checks.TrailingCommentCheckTest
[INFO] Tests run: 3, Failures: 0, Errors: 0, Skipped: 0, Time elapsed: 0.084 s -- in org.sonar.java.checks.TrailingCommentCheckTest
[INFO] Running org.sonar.java.checks.TransientFieldInNonSerializableCheckTest
[INFO] Tests run: 3, Failures: 0, Errors: 0, Skipped: 0, Time elapsed: 0.057 s -- in org.sonar.java.checks.TransientFieldInNonSerializableCheckTest
[INFO] Running org.sonar.java.checks.TryWithResourcesCheckTest
[INFO] Tests run: 5, Failures: 0, Errors: 0, Skipped: 0, Time elapsed: 0.189 s -- in org.sonar.java.checks.TryWithResourcesCheckTest
[INFO] Running org.sonar.java.checks.TypeParametersShadowingCheckTest
[INFO] Tests run: 2, Failures: 0, Errors: 0, Skipped: 0, Time elapsed: 0.037 s -- in org.sonar.java.checks.TypeParametersShadowingCheckTest
[INFO] Running org.sonar.java.checks.TypeUpperBoundNotFinalCheckTest
[INFO] Tests run: 3, Failures: 0, Errors: 0, Skipped: 0, Time elapsed: 0.067 s -- in org.sonar.java.checks.TypeUpperBoundNotFinalCheckTest
[INFO] Running org.sonar.java.checks.URLHashCodeAndEqualsCheckTest
[INFO] Tests run: 2, Failures: 0, Errors: 0, Skipped: 0, Time elapsed: 0.036 s -- in org.sonar.java.checks.URLHashCodeAndEqualsCheckTest
[INFO] Running org.sonar.java.checks.UnderscoreMisplacedOnNumberCheckTest
[INFO] Tests run: 3, Failures: 0, Errors: 0, Skipped: 0, Time elapsed: 0.047 s -- in org.sonar.java.checks.UnderscoreMisplacedOnNumberCheckTest
[INFO] Running org.sonar.java.checks.UnderscoreOnNumberCheckTest
[INFO] Tests run: 3, Failures: 0, Errors: 0, Skipped: 0, Time elapsed: 0.049 s -- in org.sonar.java.checks.UnderscoreOnNumberCheckTest
[INFO] Running org.sonar.java.checks.UndocumentedApiCheckTest
[INFO] Tests run: 9, Failures: 0, Errors: 0, Skipped: 0, Time elapsed: 0.230 s -- in org.sonar.java.checks.UndocumentedApiCheckTest
[INFO] Running org.sonar.java.checks.UnnamedVariableShouldUseVarCheckTest
[INFO] Tests run: 2, Failures: 0, Errors: 0, Skipped: 0, Time elapsed: 0.033 s -- in org.sonar.java.checks.UnnamedVariableShouldUseVarCheckTest
[INFO] Running org.sonar.java.checks.UnnecessaryBitOperationCheckTest
[INFO] Tests run: 2, Failures: 0, Errors: 0, Skipped: 0, Time elapsed: 0.033 s -- in org.sonar.java.checks.UnnecessaryBitOperationCheckTest
[INFO] Running org.sonar.java.checks.UnnecessaryEscapeSequencesInTextBlockCheckTest
[INFO] Tests run: 2, Failures: 0, Errors: 0, Skipped: 0, Time elapsed: 0.031 s -- in org.sonar.java.checks.UnnecessaryEscapeSequencesInTextBlockCheckTest
[INFO] Running org.sonar.java.checks.UnnecessarySemicolonCheckTest
[INFO] Tests run: 2, Failures: 0, Errors: 0, Skipped: 0, Time elapsed: 0.027 s -- in org.sonar.java.checks.UnnecessarySemicolonCheckTest
[INFO] Running org.sonar.java.checks.UnreachableCatchCheckTest
[INFO] Tests run: 3, Failures: 0, Errors: 0, Skipped: 0, Time elapsed: 0.068 s -- in org.sonar.java.checks.UnreachableCatchCheckTest
[INFO] Running org.sonar.java.checks.UnsupportedChronoUnitWithInstantCheckTest
[INFO] Tests run: 3, Failures: 0, Errors: 0, Skipped: 0, Time elapsed: 0.069 s -- in org.sonar.java.checks.UnsupportedChronoUnitWithInstantCheckTest
[INFO] Running org.sonar.java.checks.UnusedScopedValueWhereResultCheckTest
[INFO] Tests run: 3, Failures: 0, Errors: 0, Skipped: 0, Time elapsed: 0.057 s -- in org.sonar.java.checks.UnusedScopedValueWhereResultCheckTest
[INFO] Running org.sonar.java.checks.UppercaseSuffixesCheckTest
[INFO] Tests run: 3, Failures: 0, Errors: 0, Skipped: 0, Time elapsed: 0.050 s -- in org.sonar.java.checks.UppercaseSuffixesCheckTest
[INFO] Running org.sonar.java.checks.UseIsEmptyToTestEmptinessOfStringBuilderCheckTest
[INFO] Tests run: 4, Failures: 0, Errors: 0, Skipped: 0, Time elapsed: 0.086 s -- in org.sonar.java.checks.UseIsEmptyToTestEmptinessOfStringBuilderCheckTest
[INFO] Running org.sonar.java.checks.UseMotionSensorWithoutGyroscopeCheckTest
[INFO] Tests run: 2, Failures: 0, Errors: 0, Skipped: 0, Time elapsed: 0.029 s -- in org.sonar.java.checks.UseMotionSensorWithoutGyroscopeCheckTest
[INFO] Running org.sonar.java.checks.UseOfSequentialForSequentialGathererCheckTest
[INFO] Tests run: 2, Failures: 0, Errors: 0, Skipped: 0, Time elapsed: 0.039 s -- in org.sonar.java.checks.UseOfSequentialForSequentialGathererCheckTest
[INFO] Running org.sonar.java.checks.UseSwitchExpressionCheckTest
[INFO] Tests run: 3, Failures: 0, Errors: 0, Skipped: 0, Time elapsed: 0.121 s -- in org.sonar.java.checks.UseSwitchExpressionCheckTest
[INFO] Running org.sonar.java.checks.UseTransformClassInsteadOfBuildCheckTest
[INFO] Tests run: 2, Failures: 0, Errors: 0, Skipped: 0, Time elapsed: 0.035 s -- in org.sonar.java.checks.UseTransformClassInsteadOfBuildCheckTest
[INFO] Running org.sonar.java.checks.UselessExtendsCheckTest
[INFO] Tests run: 3, Failures: 0, Errors: 0, Skipped: 0, Time elapsed: 0.059 s -- in org.sonar.java.checks.UselessExtendsCheckTest
[INFO] Running org.sonar.java.checks.UselessImportCheckTest
[INFO] Tests run: 9, Failures: 0, Errors: 0, Skipped: 0, Time elapsed: 0.242 s -- in org.sonar.java.checks.UselessImportCheckTest
[INFO] Running org.sonar.java.checks.UselessIncrementCheckTest
[INFO] Tests run: 2, Failures: 0, Errors: 0, Skipped: 0, Time elapsed: 0.029 s -- in org.sonar.java.checks.UselessIncrementCheckTest
[INFO] Running org.sonar.java.checks.UselessMathematicalComparisonCheckTest
[INFO] Tests run: 1, Failures: 0, Errors: 0, Skipped: 0, Time elapsed: 0.032 s -- in org.sonar.java.checks.UselessMathematicalComparisonCheckTest
[INFO] Running org.sonar.java.checks.UselessPackageInfoCheckTest
[INFO] Tests run: 10, Failures: 0, Errors: 0, Skipped: 0, Time elapsed: 0.380 s -- in org.sonar.java.checks.UselessPackageInfoCheckTest
[INFO] Running org.sonar.java.checks.UselessParenthesesCheckTest
[INFO] Tests run: 2, Failures: 0, Errors: 0, Skipped: 0, Time elapsed: 0.028 s -- in org.sonar.java.checks.UselessParenthesesCheckTest
[INFO] Running org.sonar.java.checks.UtilityClassWithPublicConstructorCheckTest
[INFO] Tests run: 2, Failures: 0, Errors: 0, Skipped: 0, Time elapsed: 0.043 s -- in org.sonar.java.checks.UtilityClassWithPublicConstructorCheckTest
[INFO] Running org.sonar.java.checks.ValueBasedObjectIdentityCheckTest
[INFO] Tests run: 3, Failures: 0, Errors: 0, Skipped: 0, Time elapsed: 0.061 s -- in org.sonar.java.checks.ValueBasedObjectIdentityCheckTest
[INFO] Running org.sonar.java.checks.ValueBasedObjectsShouldNotBeSerializedCheckTest
[INFO] Tests run: 2, Failures: 0, Errors: 0, Skipped: 0, Time elapsed: 0.031 s -- in org.sonar.java.checks.ValueBasedObjectsShouldNotBeSerializedCheckTest
[INFO] Running org.sonar.java.checks.VarArgCheckTest
[INFO] Tests run: 2, Failures: 0, Errors: 0, Skipped: 0, Time elapsed: 0.031 s -- in org.sonar.java.checks.VarArgCheckTest
[INFO] Running org.sonar.java.checks.VarCanBeUsedCheckTest
[INFO] Tests run: 5, Failures: 0, Errors: 0, Skipped: 0, Time elapsed: 0.105 s -- in org.sonar.java.checks.VarCanBeUsedCheckTest
[INFO] Running org.sonar.java.checks.VariableDeclarationScopeCheckTest
[INFO] Tests run: 2, Failures: 0, Errors: 0, Skipped: 0, Time elapsed: 0.030 s -- in org.sonar.java.checks.VariableDeclarationScopeCheckTest
[INFO] Running org.sonar.java.checks.VirtualThreadNotSynchronizedCheckTest
[INFO] Tests run: 4, Failures: 0, Errors: 0, Skipped: 0, Time elapsed: 0.101 s -- in org.sonar.java.checks.VirtualThreadNotSynchronizedCheckTest
[INFO] Running org.sonar.java.checks.VirtualThreadUnsupportedMethodsCheckTest
[INFO] Tests run: 3, Failures: 0, Errors: 0, Skipped: 0, Time elapsed: 0.063 s -- in org.sonar.java.checks.VirtualThreadUnsupportedMethodsCheckTest
[INFO] Running org.sonar.java.checks.VisibleForTestingUsageCheckTest
[INFO] Tests run: 5, Failures: 0, Errors: 0, Skipped: 0, Time elapsed: 0.130 s -- in org.sonar.java.checks.VisibleForTestingUsageCheckTest
[INFO] Running org.sonar.java.checks.VolatileNonPrimitiveFieldCheckTest
[INFO] Tests run: 3, Failures: 0, Errors: 0, Skipped: 0, Time elapsed: 0.086 s -- in org.sonar.java.checks.VolatileNonPrimitiveFieldCheckTest
[INFO] Running org.sonar.java.checks.VolatileVariablesOperationsCheckTest
[INFO] Tests run: 3, Failures: 0, Errors: 0, Skipped: 0, Time elapsed: 0.050 s -- in org.sonar.java.checks.VolatileVariablesOperationsCheckTest
[INFO] Running org.sonar.java.checks.WaitInSynchronizeCheckTest
[INFO] Tests run: 2, Failures: 0, Errors: 0, Skipped: 0, Time elapsed: 0.028 s -- in org.sonar.java.checks.WaitInSynchronizeCheckTest
[INFO] Running org.sonar.java.checks.WaitInWhileLoopCheckTest
[INFO] Tests run: 2, Failures: 0, Errors: 0, Skipped: 0, Time elapsed: 0.026 s -- in org.sonar.java.checks.WaitInWhileLoopCheckTest
[INFO] Running org.sonar.java.checks.WaitOnConditionCheckTest
[INFO] Tests run: 2, Failures: 0, Errors: 0, Skipped: 0, Time elapsed: 0.031 s -- in org.sonar.java.checks.WaitOnConditionCheckTest
[INFO] Running org.sonar.java.checks.WeakSSLContextCheckTest
[INFO] Tests run: 5, Failures: 0, Errors: 0, Skipped: 0, Time elapsed: 0.097 s -- in org.sonar.java.checks.WeakSSLContextCheckTest
[INFO] Running org.sonar.java.checks.WildcardImportsShouldNotBeUsedCheckTest
[INFO] Tests run: 2, Failures: 0, Errors: 0, Skipped: 0, Time elapsed: 0.034 s -- in org.sonar.java.checks.WildcardImportsShouldNotBeUsedCheckTest
[INFO] Running org.sonar.java.checks.WildcardReturnParameterTypeCheckTest
[INFO] Tests run: 4, Failures: 0, Errors: 0, Skipped: 0, Time elapsed: 0.093 s -- in org.sonar.java.checks.WildcardReturnParameterTypeCheckTest
[INFO] Running org.sonar.java.checks.WrongAssignmentOperatorCheckTest
[INFO] Tests run: 2, Failures: 0, Errors: 0, Skipped: 0, Time elapsed: 0.025 s -- in org.sonar.java.checks.WrongAssignmentOperatorCheckTest
[INFO] Running org.sonar.java.checks.design.BrainMethodCheckTest
[INFO] Tests run: 9, Failures: 0, Errors: 0, Skipped: 0, Time elapsed: 0.251 s -- in org.sonar.java.checks.design.BrainMethodCheckTest
[INFO] Running org.sonar.java.checks.design.ClassCouplingCheckTest
[INFO] Tests run: 3, Failures: 0, Errors: 0, Skipped: 0, Time elapsed: 0.085 s -- in org.sonar.java.checks.design.ClassCouplingCheckTest
[INFO] Running org.sonar.java.checks.design.ClassImportCouplingCheckTest
[INFO] Tests run: 4, Failures: 0, Errors: 0, Skipped: 0, Time elapsed: 0.084 s -- in org.sonar.java.checks.design.ClassImportCouplingCheckTest
[INFO] Running org.sonar.java.checks.design.SingletonUsageCheckTest
[INFO] Tests run: 2, Failures: 0, Errors: 0, Skipped: 0, Time elapsed: 0.041 s -- in org.sonar.java.checks.design.SingletonUsageCheckTest
[INFO] Running org.sonar.java.checks.helpers.AnnotationsHelperTest
[INFO] Tests run: 1, Failures: 0, Errors: 0, Skipped: 0, Time elapsed: 0 s -- in org.sonar.java.checks.helpers.AnnotationsHelperTest
[INFO] Running org.sonar.java.checks.helpers.BoundedIntegerRangeTest
[INFO] Tests run: 2, Failures: 0, Errors: 0, Skipped: 0, Time elapsed: 0.002 s -- in org.sonar.java.checks.helpers.BoundedIntegerRangeTest
[INFO] Running org.sonar.java.checks.helpers.ClassPatternsUtilsTest
[INFO] Tests run: 2, Failures: 0, Errors: 0, Skipped: 0, Time elapsed: 0.005 s -- in org.sonar.java.checks.helpers.ClassPatternsUtilsTest
[INFO] Running org.sonar.java.checks.helpers.DeprecatedCheckerHelperTest
[INFO] Tests run: 20, Failures: 0, Errors: 0, Skipped: 0, Time elapsed: 0.010 s -- in org.sonar.java.checks.helpers.DeprecatedCheckerHelperTest
[INFO] Running org.sonar.java.checks.helpers.GeneratedStringLiteralRecognizerTest
[INFO] Tests run: 4, Failures: 0, Errors: 0, Skipped: 0, Time elapsed: 0.006 s -- in org.sonar.java.checks.helpers.GeneratedStringLiteralRecognizerTest
[INFO] Running org.sonar.java.checks.helpers.JavaPropertiesHelperTest
[INFO] Tests run: 10, Failures: 0, Errors: 0, Skipped: 0, Time elapsed: 0.008 s -- in org.sonar.java.checks.helpers.JavaPropertiesHelperTest
[INFO] Running org.sonar.java.checks.helpers.JavadocTest
[INFO] Tests run: 9, Failures: 0, Errors: 0, Skipped: 0, Time elapsed: 0.012 s -- in org.sonar.java.checks.helpers.JavadocTest
[INFO] Running org.sonar.java.checks.helpers.LatinAlphabetLanguagesHelperTest
[INFO] Tests run: 1, Failures: 0, Errors: 0, Skipped: 0, Time elapsed: 0.003 s -- in org.sonar.java.checks.helpers.LatinAlphabetLanguagesHelperTest
[INFO] Running org.sonar.java.checks.helpers.MethodTreeUtilsTest
[INFO] Tests run: 7, Failures: 0, Errors: 0, Skipped: 0, Time elapsed: 0.020 s -- in org.sonar.java.checks.helpers.MethodTreeUtilsTest
[INFO] Running org.sonar.java.checks.helpers.NullabilityDataUtilsTest
[INFO] Tests run: 2, Failures: 0, Errors: 0, Skipped: 0, Time elapsed: 0.002 s -- in org.sonar.java.checks.helpers.NullabilityDataUtilsTest
[INFO] Running org.sonar.java.checks.helpers.QuickFixHelperTest
[INFO] Running org.sonar.java.checks.helpers.QuickFixHelperTest$PreviousVariable
[INFO] Tests run: 42, Failures: 0, Errors: 0, Skipped: 0, Time elapsed: 0.109 s -- in org.sonar.java.checks.helpers.QuickFixHelperTest$PreviousVariable
[INFO] Running org.sonar.java.checks.helpers.QuickFixHelperTest$Imports
[INFO] Tests run: 12, Failures: 0, Errors: 0, Skipped: 0, Time elapsed: 0.009 s -- in org.sonar.java.checks.helpers.QuickFixHelperTest$Imports
[INFO] Running org.sonar.java.checks.helpers.QuickFixHelperTest$NextVariable
[INFO] Tests run: 39, Failures: 0, Errors: 0, Skipped: 0, Time elapsed: 0.030 s -- in org.sonar.java.checks.helpers.QuickFixHelperTest$NextVariable
[INFO] Tests run: 0, Failures: 0, Errors: 0, Skipped: 0, Time elapsed: 0.151 s -- in org.sonar.java.checks.helpers.QuickFixHelperTest
[INFO] Running org.sonar.java.checks.helpers.RandomnessDetectorTest
[INFO] Tests run: 24, Failures: 0, Errors: 0, Skipped: 0, Time elapsed: 0.006 s -- in org.sonar.java.checks.helpers.RandomnessDetectorTest
[INFO] Running org.sonar.java.checks.helpers.ReassignmentFinderTest
[INFO] Tests run: 16, Failures: 0, Errors: 0, Skipped: 0, Time elapsed: 0.011 s -- in org.sonar.java.checks.helpers.ReassignmentFinderTest
[INFO] Running org.sonar.java.checks.helpers.ShannonEntropyTest
[INFO] Tests run: 1, Failures: 0, Errors: 0, Skipped: 0, Time elapsed: 0.001 s -- in org.sonar.java.checks.helpers.ShannonEntropyTest
[INFO] Running org.sonar.java.checks.helpers.SpringUtilsTest
[INFO] Tests run: 1, Failures: 0, Errors: 0, Skipped: 0, Time elapsed: 0.001 s -- in org.sonar.java.checks.helpers.SpringUtilsTest
[INFO] Running org.sonar.java.checks.helpers.StringUtilsTest
[INFO] Tests run: 4, Failures: 0, Errors: 0, Skipped: 0, Time elapsed: 0.005 s -- in org.sonar.java.checks.helpers.StringUtilsTest
[INFO] Running org.sonar.java.checks.helpers.TernaryValueTest
[INFO] Tests run: 1, Failures: 0, Errors: 0, Skipped: 0, Time elapsed: 0 s -- in org.sonar.java.checks.helpers.TernaryValueTest
[INFO] Running org.sonar.java.checks.helpers.TryCatchUtilsTest
[INFO] Tests run: 1, Failures: 0, Errors: 0, Skipped: 0, Time elapsed: 0.002 s -- in org.sonar.java.checks.helpers.TryCatchUtilsTest
[INFO] Running org.sonar.java.checks.helpers.UnitTestUtilsTest
[INFO] Tests run: 1, Failures: 0, Errors: 0, Skipped: 0, Time elapsed: 0 s -- in org.sonar.java.checks.helpers.UnitTestUtilsTest
[INFO] Running org.sonar.java.checks.helpers.ValueBasedUtilsTest
[INFO] Tests run: 1, Failures: 0, Errors: 0, Skipped: 0, Time elapsed: 0.002 s -- in org.sonar.java.checks.helpers.ValueBasedUtilsTest
[INFO] Running org.sonar.java.checks.naming.BadAbstractClassNameCheckTest
[INFO] Tests run: 2, Failures: 0, Errors: 0, Skipped: 0, Time elapsed: 0.055 s -- in org.sonar.java.checks.naming.BadAbstractClassNameCheckTest
[INFO] Running org.sonar.java.checks.naming.BadClassNameCheckTest
[INFO] Tests run: 4, Failures: 0, Errors: 0, Skipped: 0, Time elapsed: 0.075 s -- in org.sonar.java.checks.naming.BadClassNameCheckTest
[INFO] Running org.sonar.java.checks.naming.BadConstantNameCheckTest
[INFO] Tests run: 3, Failures: 0, Errors: 0, Skipped: 0, Time elapsed: 0.051 s -- in org.sonar.java.checks.naming.BadConstantNameCheckTest
[INFO] Running org.sonar.java.checks.naming.BadFieldNameCheckTest
[INFO] Tests run: 3, Failures: 0, Errors: 0, Skipped: 0, Time elapsed: 0.051 s -- in org.sonar.java.checks.naming.BadFieldNameCheckTest
[INFO] Running org.sonar.java.checks.naming.BadFieldNameStaticNonFinalCheckTest
[INFO] Tests run: 3, Failures: 0, Errors: 0, Skipped: 0, Time elapsed: 0.051 s -- in org.sonar.java.checks.naming.BadFieldNameStaticNonFinalCheckTest
[INFO] Running org.sonar.java.checks.naming.BadInterfaceNameCheckTest
[INFO] Tests run: 3, Failures: 0, Errors: 0, Skipped: 0, Time elapsed: 0.050 s -- in org.sonar.java.checks.naming.BadInterfaceNameCheckTest
[INFO] Running org.sonar.java.checks.naming.BadLocalConstantNameCheckTest
[INFO] Tests run: 3, Failures: 0, Errors: 0, Skipped: 0, Time elapsed: 0.050 s -- in org.sonar.java.checks.naming.BadLocalConstantNameCheckTest
[INFO] Running org.sonar.java.checks.naming.BadLocalVariableNameCheckTest
[INFO] Tests run: 3, Failures: 0, Errors: 0, Skipped: 0, Time elapsed: 0.053 s -- in org.sonar.java.checks.naming.BadLocalVariableNameCheckTest
[INFO] Running org.sonar.java.checks.naming.BadMethodNameCheckTest
[INFO] Tests run: 4, Failures: 0, Errors: 0, Skipped: 0, Time elapsed: 0.088 s -- in org.sonar.java.checks.naming.BadMethodNameCheckTest
[INFO] Running org.sonar.java.checks.naming.BadPackageNameCheckTest
[INFO] Tests run: 7, Failures: 0, Errors: 0, Skipped: 0, Time elapsed: 0.173 s -- in org.sonar.java.checks.naming.BadPackageNameCheckTest
[INFO] Running org.sonar.java.checks.naming.BadTestClassNameCheckTest
[INFO] Tests run: 3, Failures: 0, Errors: 0, Skipped: 0, Time elapsed: 0.080 s -- in org.sonar.java.checks.naming.BadTestClassNameCheckTest
[INFO] Running org.sonar.java.checks.naming.BadTestMethodNameCheckTest
[INFO] Tests run: 3, Failures: 0, Errors: 0, Skipped: 0, Time elapsed: 0.118 s -- in org.sonar.java.checks.naming.BadTestMethodNameCheckTest
[INFO] Running org.sonar.java.checks.naming.BadTypeParameterNameCheckTest
[INFO] Tests run: 3, Failures: 0, Errors: 0, Skipped: 0, Time elapsed: 0.070 s -- in org.sonar.java.checks.naming.BadTypeParameterNameCheckTest
[INFO] Running org.sonar.java.checks.naming.BooleanMethodNameCheckTest
[INFO] Tests run: 2, Failures: 0, Errors: 0, Skipped: 0, Time elapsed: 0.028 s -- in org.sonar.java.checks.naming.BooleanMethodNameCheckTest
[INFO] Running org.sonar.java.checks.naming.ClassNamedLikeExceptionCheckTest
[INFO] Tests run: 3, Failures: 0, Errors: 0, Skipped: 0, Time elapsed: 0.051 s -- in org.sonar.java.checks.naming.ClassNamedLikeExceptionCheckTest
[INFO] Running org.sonar.java.checks.naming.FieldNameMatchingTypeNameCheckTest
[INFO] Tests run: 2, Failures: 0, Errors: 0, Skipped: 0, Time elapsed: 0.026 s -- in org.sonar.java.checks.naming.FieldNameMatchingTypeNameCheckTest
[INFO] Running org.sonar.java.checks.naming.KeywordAsIdentifierCheckTest
[INFO] Tests run: 3, Failures: 0, Errors: 0, Skipped: 0, Time elapsed: 0.049 s -- in org.sonar.java.checks.naming.KeywordAsIdentifierCheckTest
[INFO] Running org.sonar.java.checks.naming.MethodNameSameAsClassCheckTest
[INFO] Tests run: 2, Failures: 0, Errors: 0, Skipped: 0, Time elapsed: 0.025 s -- in org.sonar.java.checks.naming.MethodNameSameAsClassCheckTest
[INFO] Running org.sonar.java.checks.naming.MethodNamedEqualsCheckTest
[INFO] Tests run: 2, Failures: 0, Errors: 0, Skipped: 0, Time elapsed: 0.028 s -- in org.sonar.java.checks.naming.MethodNamedEqualsCheckTest
[INFO] Running org.sonar.java.checks.naming.MethodNamedHashcodeOrEqualCheckTest
[INFO] Tests run: 3, Failures: 0, Errors: 0, Skipped: 0, Time elapsed: 0.053 s -- in org.sonar.java.checks.naming.MethodNamedHashcodeOrEqualCheckTest
[INFO] Running org.sonar.java.checks.quarkus.CacheKeyGeneratorInstantiableCheckTest
[INFO] Tests run: 2, Failures: 0, Errors: 0, Skipped: 0, Time elapsed: 0.034 s -- in org.sonar.java.checks.quarkus.CacheKeyGeneratorInstantiableCheckTest
[INFO] Running org.sonar.java.checks.quarkus.SingletonInsteadOfApplicationScopedCheckTest
[INFO] Tests run: 3, Failures: 0, Errors: 0, Skipped: 0, Time elapsed: 0.013 s -- in org.sonar.java.checks.quarkus.SingletonInsteadOfApplicationScopedCheckTest
[INFO] Running org.sonar.java.checks.regex.AbstractRegexCheckTest
[INFO] Tests run: 16, Failures: 0, Errors: 0, Skipped: 0, Time elapsed: 0.065 s -- in org.sonar.java.checks.regex.AbstractRegexCheckTest
[INFO] Running org.sonar.java.checks.regex.AnchorPrecedenceCheckTest
[INFO] Tests run: 2, Failures: 0, Errors: 0, Skipped: 0, Time elapsed: 0.034 s -- in org.sonar.java.checks.regex.AnchorPrecedenceCheckTest
[INFO] Running org.sonar.java.checks.regex.CanonEqFlagInRegexCheckTest
[INFO] Tests run: 2, Failures: 0, Errors: 0, Skipped: 0, Time elapsed: 0.033 s -- in org.sonar.java.checks.regex.CanonEqFlagInRegexCheckTest
[INFO] Running org.sonar.java.checks.regex.DuplicatesInCharacterClassCheckTest
[INFO] Tests run: 2, Failures: 0, Errors: 0, Skipped: 0, Time elapsed: 0.044 s -- in org.sonar.java.checks.regex.DuplicatesInCharacterClassCheckTest
[INFO] Running org.sonar.java.checks.regex.EmptyLineRegexCheckTest
[INFO] Tests run: 3, Failures: 0, Errors: 0, Skipped: 0, Time elapsed: 0.086 s -- in org.sonar.java.checks.regex.EmptyLineRegexCheckTest
[INFO] Running org.sonar.java.checks.regex.EmptyRegexGroupCheckTest
[INFO] Tests run: 2, Failures: 0, Errors: 0, Skipped: 0, Time elapsed: 0.030 s -- in org.sonar.java.checks.regex.EmptyRegexGroupCheckTest
[INFO] Running org.sonar.java.checks.regex.EmptyStringRepetitionCheckTest
[INFO] Tests run: 2, Failures: 0, Errors: 0, Skipped: 0, Time elapsed: 0.031 s -- in org.sonar.java.checks.regex.EmptyStringRepetitionCheckTest
[INFO] Running org.sonar.java.checks.regex.EscapeSequenceControlCharacterCheckTest
[INFO] Tests run: 2, Failures: 0, Errors: 0, Skipped: 0, Time elapsed: 0.030 s -- in org.sonar.java.checks.regex.EscapeSequenceControlCharacterCheckTest
[INFO] Running org.sonar.java.checks.regex.GraphemeClustersInClassesCheckTest
[INFO] Tests run: 2, Failures: 0, Errors: 0, Skipped: 0, Time elapsed: 0.031 s -- in org.sonar.java.checks.regex.GraphemeClustersInClassesCheckTest
[INFO] Running org.sonar.java.checks.regex.ImpossibleBackReferenceCheckTest
[INFO] Tests run: 2, Failures: 0, Errors: 0, Skipped: 0, Time elapsed: 0.033 s -- in org.sonar.java.checks.regex.ImpossibleBackReferenceCheckTest
[INFO] Running org.sonar.java.checks.regex.ImpossibleBoundariesCheckTest
[INFO] Tests run: 2, Failures: 0, Errors: 0, Skipped: 0, Time elapsed: 0.035 s -- in org.sonar.java.checks.regex.ImpossibleBoundariesCheckTest
[INFO] Running org.sonar.java.checks.regex.InvalidRegexCheckTest
[INFO] Tests run: 2, Failures: 0, Errors: 0, Skipped: 0, Time elapsed: 0.031 s -- in org.sonar.java.checks.regex.InvalidRegexCheckTest
[INFO] Running org.sonar.java.checks.regex.MultipleWhitespaceCheckTest
[INFO] Tests run: 2, Failures: 0, Errors: 0, Skipped: 0, Time elapsed: 0.031 s -- in org.sonar.java.checks.regex.MultipleWhitespaceCheckTest
[INFO] Running org.sonar.java.checks.regex.PossessiveQuantifierContinuationCheckTest
[INFO] Tests run: 2, Failures: 0, Errors: 0, Skipped: 0, Time elapsed: 0.033 s -- in org.sonar.java.checks.regex.PossessiveQuantifierContinuationCheckTest
[INFO] Running org.sonar.java.checks.regex.RedosCheckTest
[INFO] Tests run: 4, Failures: 0, Errors: 0, Skipped: 0, Time elapsed: 0.110 s -- in org.sonar.java.checks.regex.RedosCheckTest
[INFO] Running org.sonar.java.checks.regex.RedundantRegexAlternativesCheckTest
[INFO] Tests run: 2, Failures: 0, Errors: 0, Skipped: 0, Time elapsed: 0.034 s -- in org.sonar.java.checks.regex.RedundantRegexAlternativesCheckTest
[INFO] Running org.sonar.java.checks.regex.RegexComplexityCheckTest
[INFO] Tests run: 4, Failures: 0, Errors: 0, Skipped: 0, Time elapsed: 0.093 s -- in org.sonar.java.checks.regex.RegexComplexityCheckTest
[INFO] Running org.sonar.java.checks.regex.RegexLookaheadCheckTest
[INFO] Tests run: 2, Failures: 0, Errors: 0, Skipped: 0, Time elapsed: 0.032 s -- in org.sonar.java.checks.regex.RegexLookaheadCheckTest
[INFO] Running org.sonar.java.checks.regex.RegexStackOverflowCheckTest
[INFO] Tests run: 5, Failures: 0, Errors: 0, Skipped: 0, Time elapsed: 0.399 s -- in org.sonar.java.checks.regex.RegexStackOverflowCheckTest
[INFO] Running org.sonar.java.checks.regex.ReluctantQuantifierCheckTest
[INFO] Tests run: 2, Failures: 0, Errors: 0, Skipped: 0, Time elapsed: 0.032 s -- in org.sonar.java.checks.regex.ReluctantQuantifierCheckTest
[INFO] Running org.sonar.java.checks.regex.ReluctantQuantifierWithEmptyContinuationCheckTest
[INFO] Tests run: 2, Failures: 0, Errors: 0, Skipped: 0, Time elapsed: 0.037 s -- in org.sonar.java.checks.regex.ReluctantQuantifierWithEmptyContinuationCheckTest
[INFO] Running org.sonar.java.checks.regex.SingleCharCharacterClassCheckTest
[INFO] Tests run: 2, Failures: 0, Errors: 0, Skipped: 0, Time elapsed: 0.028 s -- in org.sonar.java.checks.regex.SingleCharCharacterClassCheckTest
[INFO] Running org.sonar.java.checks.regex.SingleCharacterAlternationCheckTest
[INFO] Tests run: 3, Failures: 0, Errors: 0, Skipped: 0, Time elapsed: 0.052 s -- in org.sonar.java.checks.regex.SingleCharacterAlternationCheckTest
[INFO] Running org.sonar.java.checks.regex.StringReplaceCheckTest
[INFO] Tests run: 2, Failures: 0, Errors: 0, Skipped: 0, Time elapsed: 0.030 s -- in org.sonar.java.checks.regex.StringReplaceCheckTest
[INFO] Running org.sonar.java.checks.regex.SuperLinearRegexCheckTest
[INFO] Tests run: 4, Failures: 0, Errors: 0, Skipped: 0, Time elapsed: 0.093 s -- in org.sonar.java.checks.regex.SuperLinearRegexCheckTest
[INFO] Running org.sonar.java.checks.regex.SuperfluousCurlyBraceCheckTest
[INFO] Tests run: 2, Failures: 0, Errors: 0, Skipped: 0, Time elapsed: 0.030 s -- in org.sonar.java.checks.regex.SuperfluousCurlyBraceCheckTest
[INFO] Running org.sonar.java.checks.regex.UnicodeAwareCharClassesCheckTest
[INFO] Tests run: 2, Failures: 0, Errors: 0, Skipped: 0, Time elapsed: 0.033 s -- in org.sonar.java.checks.regex.UnicodeAwareCharClassesCheckTest
[INFO] Running org.sonar.java.checks.regex.UnicodeCaseCheckTest
[INFO] Tests run: 2, Failures: 0, Errors: 0, Skipped: 0, Time elapsed: 0.031 s -- in org.sonar.java.checks.regex.UnicodeCaseCheckTest
[INFO] Running org.sonar.java.checks.regex.UnquantifiedNonCapturingGroupCheckTest
[INFO] Tests run: 2, Failures: 0, Errors: 0, Skipped: 0, Time elapsed: 0.027 s -- in org.sonar.java.checks.regex.UnquantifiedNonCapturingGroupCheckTest
[INFO] Running org.sonar.java.checks.regex.UnusedGroupNamesCheckTest
[INFO] Tests run: 2, Failures: 0, Errors: 0, Skipped: 0, Time elapsed: 0.053 s -- in org.sonar.java.checks.regex.UnusedGroupNamesCheckTest
[INFO] Running org.sonar.java.checks.regex.VerboseRegexCheckTest
[INFO] Tests run: 2, Failures: 0, Errors: 0, Skipped: 0, Time elapsed: 0.029 s -- in org.sonar.java.checks.regex.VerboseRegexCheckTest
[INFO] Running org.sonar.java.checks.security.AndroidBiometricAuthWithoutCryptoCheckTest
[INFO] Tests run: 2, Failures: 0, Errors: 0, Skipped: 0, Time elapsed: 0.029 s -- in org.sonar.java.checks.security.AndroidBiometricAuthWithoutCryptoCheckTest
[INFO] Running org.sonar.java.checks.security.AndroidBroadcastingCheckTest
[INFO] Tests run: 2, Failures: 0, Errors: 0, Skipped: 0, Time elapsed: 0.029 s -- in org.sonar.java.checks.security.AndroidBroadcastingCheckTest
[INFO] Running org.sonar.java.checks.security.AndroidExternalStorageCheckTest
[INFO] Tests run: 2, Failures: 0, Errors: 0, Skipped: 0, Time elapsed: 0.032 s -- in org.sonar.java.checks.security.AndroidExternalStorageCheckTest
[INFO] Running org.sonar.java.checks.security.AndroidMobileDatabaseEncryptionKeysCheckTest
[INFO] Tests run: 2, Failures: 0, Errors: 0, Skipped: 0, Time elapsed: 0.031 s -- in org.sonar.java.checks.security.AndroidMobileDatabaseEncryptionKeysCheckTest
[INFO] Running org.sonar.java.checks.security.AndroidNonAuthenticatedUsersCheckTest
[INFO] Tests run: 2, Failures: 0, Errors: 0, Skipped: 0, Time elapsed: 0.030 s -- in org.sonar.java.checks.security.AndroidNonAuthenticatedUsersCheckTest
[INFO] Running org.sonar.java.checks.security.AndroidPersistentUniqueIdentifierCheckTest
[INFO] Tests run: 2, Failures: 0, Errors: 0, Skipped: 0, Time elapsed: 0.042 s -- in org.sonar.java.checks.security.AndroidPersistentUniqueIdentifierCheckTest
[INFO] Running org.sonar.java.checks.security.AuthorizationsStrongDecisionsCheckTest
[INFO] Tests run: 2, Failures: 0, Errors: 0, Skipped: 0, Time elapsed: 0.038 s -- in org.sonar.java.checks.security.AuthorizationsStrongDecisionsCheckTest
[INFO] Running org.sonar.java.checks.security.CipherBlockChainingCheckTest
[INFO] Tests run: 6, Failures: 0, Errors: 0, Skipped: 0, Time elapsed: 0.246 s -- in org.sonar.java.checks.security.CipherBlockChainingCheckTest
[INFO] Running org.sonar.java.checks.security.ClearTextProtocolCheckTest
[INFO] Tests run: 2, Failures: 0, Errors: 0, Skipped: 0, Time elapsed: 0.036 s -- in org.sonar.java.checks.security.ClearTextProtocolCheckTest
[INFO] Running org.sonar.java.checks.security.CookieHttpOnlyCheckTest
[INFO] Tests run: 3, Failures: 0, Errors: 0, Skipped: 0, Time elapsed: 0.072 s -- in org.sonar.java.checks.security.CookieHttpOnlyCheckTest
[INFO] Running org.sonar.java.checks.security.CryptographicKeySizeCheckTest
[INFO] Tests run: 2, Failures: 0, Errors: 0, Skipped: 0, Time elapsed: 0.037 s -- in org.sonar.java.checks.security.CryptographicKeySizeCheckTest
[INFO] Running org.sonar.java.checks.security.DataHashingCheckTest
[INFO] Tests run: 2, Failures: 0, Errors: 0, Skipped: 0, Time elapsed: 0.040 s -- in org.sonar.java.checks.security.DataHashingCheckTest
[INFO] Running org.sonar.java.checks.security.DebugFeatureEnabledCheckTest
[INFO] Tests run: 2, Failures: 0, Errors: 0, Skipped: 0, Time elapsed: 0.054 s -- in org.sonar.java.checks.security.DebugFeatureEnabledCheckTest
[INFO] Running org.sonar.java.checks.security.DisableAutoEscapingCheckTest
[INFO] Tests run: 3, Failures: 0, Errors: 0, Skipped: 0, Time elapsed: 0.059 s -- in org.sonar.java.checks.security.DisableAutoEscapingCheckTest
[INFO] Running org.sonar.java.checks.security.DisclosingTechnologyFingerprintsCheckTest
[INFO] Tests run: 2, Failures: 0, Errors: 0, Skipped: 0, Time elapsed: 0.032 s -- in org.sonar.java.checks.security.DisclosingTechnologyFingerprintsCheckTest
[INFO] Running org.sonar.java.checks.security.EmptyDatabasePasswordCheckTest
[INFO] Tests run: 2, Failures: 0, Errors: 0, Skipped: 0, Time elapsed: 0.030 s -- in org.sonar.java.checks.security.EmptyDatabasePasswordCheckTest
[INFO] Running org.sonar.java.checks.security.EncryptionAlgorithmCheckTest
[INFO] Tests run: 2, Failures: 0, Errors: 0, Skipped: 0, Time elapsed: 0.032 s -- in org.sonar.java.checks.security.EncryptionAlgorithmCheckTest
[INFO] Running org.sonar.java.checks.security.ExcessiveContentRequestCheckTest
[INFO] Running org.sonar.java.checks.security.ExcessiveContentRequestCheckTest$Caching
[INFO] Tests run: 15, Failures: 0, Errors: 0, Skipped: 0, Time elapsed: 0.334 s -- in org.sonar.java.checks.security.ExcessiveContentRequestCheckTest$Caching
[INFO] Tests run: 0, Failures: 0, Errors: 0, Skipped: 0, Time elapsed: 0.491 s -- in org.sonar.java.checks.security.ExcessiveContentRequestCheckTest
[INFO] Running org.sonar.java.checks.security.FilePermissionsCheckTest
[INFO] Tests run: 2, Failures: 0, Errors: 0, Skipped: 0, Time elapsed: 0.034 s -- in org.sonar.java.checks.security.FilePermissionsCheckTest
[INFO] Running org.sonar.java.checks.security.IntegerToHexStringCheckTest
[INFO] Tests run: 2, Failures: 0, Errors: 0, Skipped: 0, Time elapsed: 0.029 s -- in org.sonar.java.checks.security.IntegerToHexStringCheckTest
[INFO] Running org.sonar.java.checks.security.JWTWithStrongCipherCheckTest
[INFO] Tests run: 3, Failures: 0, Errors: 0, Skipped: 0, Time elapsed: 0.061 s -- in org.sonar.java.checks.security.JWTWithStrongCipherCheckTest
[INFO] Running org.sonar.java.checks.security.LDAPAuthenticatedConnectionCheckTest
[INFO] Tests run: 2, Failures: 0, Errors: 0, Skipped: 0, Time elapsed: 0.008 s -- in org.sonar.java.checks.security.LDAPAuthenticatedConnectionCheckTest
[INFO] Running org.sonar.java.checks.security.LDAPDeserializationCheckTest
[INFO] Tests run: 2, Failures: 0, Errors: 0, Skipped: 0, Time elapsed: 0.028 s -- in org.sonar.java.checks.security.LDAPDeserializationCheckTest
[INFO] Running org.sonar.java.checks.security.OpenSAML2AuthenticationBypassCheckTest
[INFO] Tests run: 2, Failures: 0, Errors: 0, Skipped: 0, Time elapsed: 0.201 s -- in org.sonar.java.checks.security.OpenSAML2AuthenticationBypassCheckTest
[INFO] Running org.sonar.java.checks.security.PasswordEncoderCheckTest
[INFO] Tests run: 4, Failures: 0, Errors: 0, Skipped: 0, Time elapsed: 0.073 s -- in org.sonar.java.checks.security.PasswordEncoderCheckTest
[INFO] Running org.sonar.java.checks.security.PubliclyWritableDirectoriesCheckTest
[INFO] Tests run: 3, Failures: 0, Errors: 0, Skipped: 0, Time elapsed: 0.039 s -- in org.sonar.java.checks.security.PubliclyWritableDirectoriesCheckTest
[INFO] Running org.sonar.java.checks.security.ReceivingIntentsCheckTest
[INFO] Tests run: 2, Failures: 0, Errors: 0, Skipped: 0, Time elapsed: 0.027 s -- in org.sonar.java.checks.security.ReceivingIntentsCheckTest
[INFO] Running org.sonar.java.checks.security.SecureCookieCheckTest
[INFO] Tests run: 5, Failures: 0, Errors: 0, Skipped: 0, Time elapsed: 0.100 s -- in org.sonar.java.checks.security.SecureCookieCheckTest
[INFO] Running org.sonar.java.checks.security.ServerCertificatesCheckTest
[INFO] Tests run: 2, Failures: 0, Errors: 0, Skipped: 0, Time elapsed: 0.059 s -- in org.sonar.java.checks.security.ServerCertificatesCheckTest
[INFO] Running org.sonar.java.checks.security.UnpredictableSaltCheckTest
[INFO] Tests run: 3, Failures: 0, Errors: 0, Skipped: 0, Time elapsed: 0.056 s -- in org.sonar.java.checks.security.UnpredictableSaltCheckTest
[INFO] Running org.sonar.java.checks.security.UserEnumerationCheckTest
[INFO] Tests run: 1, Failures: 0, Errors: 0, Skipped: 0, Time elapsed: 0.036 s -- in org.sonar.java.checks.security.UserEnumerationCheckTest
[INFO] Running org.sonar.java.checks.security.VerifiedServerHostnamesCheckTest
[INFO] Tests run: 4, Failures: 0, Errors: 0, Skipped: 0, Time elapsed: 0.085 s -- in org.sonar.java.checks.security.VerifiedServerHostnamesCheckTest
[INFO] Running org.sonar.java.checks.security.WebViewJavaScriptInterfaceCheckTest
[INFO] Tests run: 2, Failures: 0, Errors: 0, Skipped: 0, Time elapsed: 0.030 s -- in org.sonar.java.checks.security.WebViewJavaScriptInterfaceCheckTest
[INFO] Running org.sonar.java.checks.security.WebViewJavaScriptSupportCheckTest
[INFO] Tests run: 2, Failures: 0, Errors: 0, Skipped: 0, Time elapsed: 0.025 s -- in org.sonar.java.checks.security.WebViewJavaScriptSupportCheckTest
[INFO] Running org.sonar.java.checks.security.WebViewsFileAccessCheckTest
[INFO] Tests run: 2, Failures: 0, Errors: 0, Skipped: 0, Time elapsed: 0.026 s -- in org.sonar.java.checks.security.WebViewsFileAccessCheckTest
[INFO] Running org.sonar.java.checks.security.XmlRpcExtensionsCheckTest
[INFO] Tests run: 2, Failures: 0, Errors: 0, Skipped: 0, Time elapsed: 0.027 s -- in org.sonar.java.checks.security.XmlRpcExtensionsCheckTest
[INFO] Running org.sonar.java.checks.security.XxeActiveMQCheckTest
[INFO] Tests run: 2, Failures: 0, Errors: 0, Skipped: 0, Time elapsed: 0.033 s -- in org.sonar.java.checks.security.XxeActiveMQCheckTest
[INFO] Running org.sonar.java.checks.security.ZipEntryCheckTest
[INFO] Tests run: 2, Failures: 0, Errors: 0, Skipped: 0, Time elapsed: 0.037 s -- in org.sonar.java.checks.security.ZipEntryCheckTest
[INFO] Running org.sonar.java.checks.serialization.BlindSerialVersionUidCheckTest
[INFO] Tests run: 2, Failures: 0, Errors: 0, Skipped: 0, Time elapsed: 0.043 s -- in org.sonar.java.checks.serialization.BlindSerialVersionUidCheckTest
[INFO] Running org.sonar.java.checks.serialization.CustomSerializationMethodCheckTest
[INFO] Tests run: 2, Failures: 0, Errors: 0, Skipped: 0, Time elapsed: 0.033 s -- in org.sonar.java.checks.serialization.CustomSerializationMethodCheckTest
[INFO] Running org.sonar.java.checks.serialization.ExternalizableClassConstructorCheckTest
[INFO] Tests run: 2, Failures: 0, Errors: 0, Skipped: 0, Time elapsed: 0.032 s -- in org.sonar.java.checks.serialization.ExternalizableClassConstructorCheckTest
[INFO] Running org.sonar.java.checks.serialization.NonSerializableWriteCheckTest
[INFO] Tests run: 4, Failures: 0, Errors: 0, Skipped: 0, Time elapsed: 0.092 s -- in org.sonar.java.checks.serialization.NonSerializableWriteCheckTest
[INFO] Running org.sonar.java.checks.serialization.PrivateReadResolveCheckTest
[INFO] Tests run: 2, Failures: 0, Errors: 0, Skipped: 0, Time elapsed: 0.031 s -- in org.sonar.java.checks.serialization.PrivateReadResolveCheckTest
[INFO] Running org.sonar.java.checks.serialization.RecordSerializationIgnoredMembersCheckTest
[INFO] Tests run: 2, Failures: 0, Errors: 0, Skipped: 0, Time elapsed: 0.031 s -- in org.sonar.java.checks.serialization.RecordSerializationIgnoredMembersCheckTest
[INFO] Running org.sonar.java.checks.serialization.SerialVersionUidCheckTest
[INFO] Tests run: 2, Failures: 0, Errors: 0, Skipped: 0, Time elapsed: 0.038 s -- in org.sonar.java.checks.serialization.SerialVersionUidCheckTest
[INFO] Running org.sonar.java.checks.serialization.SerialVersionUidInRecordCheckTest
[INFO] Tests run: 3, Failures: 0, Errors: 0, Skipped: 0, Time elapsed: 0.053 s -- in org.sonar.java.checks.serialization.SerialVersionUidInRecordCheckTest
[INFO] Running org.sonar.java.checks.serialization.SerializableComparatorCheckTest
[INFO] Tests run: 2, Failures: 0, Errors: 0, Skipped: 0, Time elapsed: 0.035 s -- in org.sonar.java.checks.serialization.SerializableComparatorCheckTest
[INFO] Running org.sonar.java.checks.serialization.SerializableContractTest
[INFO] Tests run: 1, Failures: 0, Errors: 0, Skipped: 0, Time elapsed: 0.001 s -- in org.sonar.java.checks.serialization.SerializableContractTest
[INFO] Running org.sonar.java.checks.serialization.SerializableFieldInSerializableClassCheckTest
[INFO] Tests run: 4, Failures: 0, Errors: 0, Skipped: 0, Time elapsed: 0.084 s -- in org.sonar.java.checks.serialization.SerializableFieldInSerializableClassCheckTest
[INFO] Running org.sonar.java.checks.serialization.SerializableObjectInSessionCheckTest
[INFO] Tests run: 4, Failures: 0, Errors: 0, Skipped: 0, Time elapsed: 0.181 s -- in org.sonar.java.checks.serialization.SerializableObjectInSessionCheckTest
[INFO] Running org.sonar.java.checks.serialization.SerializableSuperConstructorCheckTest
[INFO] Tests run: 3, Failures: 0, Errors: 0, Skipped: 0, Time elapsed: 0.056 s -- in org.sonar.java.checks.serialization.SerializableSuperConstructorCheckTest
[INFO] Running org.sonar.java.checks.spring.AsyncMethodsCalledViaThisCheckTest
[INFO] Tests run: 2, Failures: 0, Errors: 0, Skipped: 0, Time elapsed: 0.028 s -- in org.sonar.java.checks.spring.AsyncMethodsCalledViaThisCheckTest
[INFO] Running org.sonar.java.checks.spring.AsyncMethodsOnConfigurationClassCheckTest
[INFO] Tests run: 2, Failures: 0, Errors: 0, Skipped: 0, Time elapsed: 0.029 s -- in org.sonar.java.checks.spring.AsyncMethodsOnConfigurationClassCheckTest
[INFO] Running org.sonar.java.checks.spring.AsyncMethodsReturnTypeCheckTest
[INFO] Tests run: 3, Failures: 0, Errors: 0, Skipped: 0, Time elapsed: 0.057 s -- in org.sonar.java.checks.spring.AsyncMethodsReturnTypeCheckTest
[INFO] Running org.sonar.java.checks.spring.AutowiredOnConstructorWhenMultipleConstructorsCheckTest
[INFO] Tests run: 2, Failures: 0, Errors: 0, Skipped: 0, Time elapsed: 0.031 s -- in org.sonar.java.checks.spring.AutowiredOnConstructorWhenMultipleConstructorsCheckTest
[INFO] Running org.sonar.java.checks.spring.AutowiredOnMultipleConstructorsCheckTest
[INFO] Tests run: 2, Failures: 0, Errors: 0, Skipped: 0, Time elapsed: 0.029 s -- in org.sonar.java.checks.spring.AutowiredOnMultipleConstructorsCheckTest
[INFO] Running org.sonar.java.checks.spring.AvoidQualifierOnBeanMethodsCheckTest
[INFO] Tests run: 2, Failures: 0, Errors: 0, Skipped: 0, Time elapsed: 0.029 s -- in org.sonar.java.checks.spring.AvoidQualifierOnBeanMethodsCheckTest
[INFO] Running org.sonar.java.checks.spring.BeforeAndAfterTransactionContractCheckTest
[INFO] Tests run: 2, Failures: 0, Errors: 0, Skipped: 0, Time elapsed: 0.030 s -- in org.sonar.java.checks.spring.BeforeAndAfterTransactionContractCheckTest
[INFO] Running org.sonar.java.checks.spring.CacheAnnotationsShouldOnlyBeAppliedToConcreteClassesCheckTest
[INFO] Tests run: 2, Failures: 0, Errors: 0, Skipped: 0, Time elapsed: 0.035 s -- in org.sonar.java.checks.spring.CacheAnnotationsShouldOnlyBeAppliedToConcreteClassesCheckTest
[INFO] Running org.sonar.java.checks.spring.ConfigurationClassShouldNotBeFinalCheckTest
[INFO] Tests run: 1, Failures: 0, Errors: 0, Skipped: 0, Time elapsed: 0.028 s -- in org.sonar.java.checks.spring.ConfigurationClassShouldNotBeFinalCheckTest
[INFO] Running org.sonar.java.checks.spring.ControllerWithRestControllerReplacementCheckTest
[INFO] Tests run: 2, Failures: 0, Errors: 0, Skipped: 0, Time elapsed: 0.031 s -- in org.sonar.java.checks.spring.ControllerWithRestControllerReplacementCheckTest
[INFO] Running org.sonar.java.checks.spring.ControllerWithSessionAttributesCheckTest
[INFO] Tests run: 1, Failures: 0, Errors: 0, Skipped: 0, Time elapsed: 0.032 s -- in org.sonar.java.checks.spring.ControllerWithSessionAttributesCheckTest
[INFO] Running org.sonar.java.checks.spring.DirectBeanMethodInvocationWithoutProxyCheckTest
[INFO] Tests run: 2, Failures: 0, Errors: 0, Skipped: 0, Time elapsed: 0.031 s -- in org.sonar.java.checks.spring.DirectBeanMethodInvocationWithoutProxyCheckTest
[INFO] Running org.sonar.java.checks.spring.DirtyContextShouldUseCorrectControlModeCheckTest
[INFO] Tests run: 2, Failures: 0, Errors: 0, Skipped: 0, Time elapsed: 0.028 s -- in org.sonar.java.checks.spring.DirtyContextShouldUseCorrectControlModeCheckTest
[INFO] Running org.sonar.java.checks.spring.EventListenerMethodOneArgCheckTest
[INFO] Tests run: 2, Failures: 0, Errors: 0, Skipped: 0, Time elapsed: 0.027 s -- in org.sonar.java.checks.spring.EventListenerMethodOneArgCheckTest
[INFO] Running org.sonar.java.checks.spring.FieldDependencyInjectionCheckTest
[INFO] Tests run: 4, Failures: 0, Errors: 0, Skipped: 0, Time elapsed: 0.092 s -- in org.sonar.java.checks.spring.FieldDependencyInjectionCheckTest
[INFO] Running org.sonar.java.checks.spring.InitBinderMethodsMustBeVoidCheckTest
[INFO] Tests run: 2, Failures: 0, Errors: 0, Skipped: 0, Time elapsed: 0.030 s -- in org.sonar.java.checks.spring.InitBinderMethodsMustBeVoidCheckTest
[INFO] Running org.sonar.java.checks.spring.MissingPathVariableAnnotationCheckTest
[INFO] Tests run: 22, Failures: 0, Errors: 0, Skipped: 0, Time elapsed: 0.137 s -- in org.sonar.java.checks.spring.MissingPathVariableAnnotationCheckTest
[INFO] Running org.sonar.java.checks.spring.ModelAttributeNamingConventionForSpELCheckTest
[INFO] Tests run: 1, Failures: 0, Errors: 0, Skipped: 0, Time elapsed: 0.031 s -- in org.sonar.java.checks.spring.ModelAttributeNamingConventionForSpELCheckTest
[INFO] Running org.sonar.java.checks.spring.NonSingletonAutowiredInSingletonCheckTest
[INFO] Tests run: 2, Failures: 0, Errors: 0, Skipped: 0, Time elapsed: 0.035 s -- in org.sonar.java.checks.spring.NonSingletonAutowiredInSingletonCheckTest
[INFO] Running org.sonar.java.checks.spring.NullableInjectedFieldsHaveDefaultValueCheckTest
[INFO] Tests run: 2, Failures: 0, Errors: 0, Skipped: 0, Time elapsed: 0.035 s -- in org.sonar.java.checks.spring.NullableInjectedFieldsHaveDefaultValueCheckTest
[INFO] Running org.sonar.java.checks.spring.OptionalRestParametersShouldBeObjectsCheckTest
[INFO] Tests run: 2, Failures: 0, Errors: 0, Skipped: 0, Time elapsed: 0.035 s -- in org.sonar.java.checks.spring.OptionalRestParametersShouldBeObjectsCheckTest
[INFO] Running org.sonar.java.checks.spring.PersistentEntityUsedAsRequestParameterCheckTest
[INFO] Tests run: 1, Failures: 0, Errors: 0, Skipped: 0, Time elapsed: 0.033 s -- in org.sonar.java.checks.spring.PersistentEntityUsedAsRequestParameterCheckTest
[INFO] Running org.sonar.java.checks.spring.RedundantSpringAnnotationCheckTest
[INFO] Tests run: 2, Failures: 0, Errors: 0, Skipped: 0, Time elapsed: 0.044 s -- in org.sonar.java.checks.spring.RedundantSpringAnnotationCheckTest
[INFO] Running org.sonar.java.checks.spring.RequestMappingMethodPublicCheckTest
[INFO] Tests run: 1, Failures: 0, Errors: 0, Skipped: 0, Time elapsed: 0.029 s -- in org.sonar.java.checks.spring.RequestMappingMethodPublicCheckTest
[INFO] Running org.sonar.java.checks.spring.ScheduledOnlyOnNoArgMethodCheckTest
[INFO] Tests run: 2, Failures: 0, Errors: 0, Skipped: 0, Time elapsed: 0.027 s -- in org.sonar.java.checks.spring.ScheduledOnlyOnNoArgMethodCheckTest
[INFO] Running org.sonar.java.checks.spring.SpelExpressionCheckTest
[INFO] Tests run: 2, Failures: 0, Errors: 0, Skipped: 0, Time elapsed: 0.066 s -- in org.sonar.java.checks.spring.SpelExpressionCheckTest
[INFO] Running org.sonar.java.checks.spring.SpringAntMatcherOrderCheckTest
[INFO] Tests run: 6, Failures: 0, Errors: 0, Skipped: 0, Time elapsed: 0.033 s -- in org.sonar.java.checks.spring.SpringAntMatcherOrderCheckTest
[INFO] Running org.sonar.java.checks.spring.SpringAutoConfigurationCheckTest
[INFO] Tests run: 1, Failures: 0, Errors: 0, Skipped: 0, Time elapsed: 0.034 s -- in org.sonar.java.checks.spring.SpringAutoConfigurationCheckTest
[INFO] Running org.sonar.java.checks.spring.SpringBeanNamingConventionCheckTest
[INFO] Tests run: 2, Failures: 0, Errors: 0, Skipped: 0, Time elapsed: 0.033 s -- in org.sonar.java.checks.spring.SpringBeanNamingConventionCheckTest
[INFO] Running org.sonar.java.checks.spring.SpringBeansShouldBeAccessibleCheckTest
[INFO] Tests run: 10, Failures: 0, Errors: 0, Skipped: 0, Time elapsed: 1.212 s -- in org.sonar.java.checks.spring.SpringBeansShouldBeAccessibleCheckTest
[INFO] Running org.sonar.java.checks.spring.SpringCacheableWithCachePutCheckTest
[INFO] Tests run: 2, Failures: 0, Errors: 0, Skipped: 0, Time elapsed: 0.030 s -- in org.sonar.java.checks.spring.SpringCacheableWithCachePutCheckTest
[INFO] Running org.sonar.java.checks.spring.SpringComponentSpecializationCheckTest
[INFO] Tests run: 1, Failures: 0, Errors: 0, Skipped: 0, Time elapsed: 0.032 s -- in org.sonar.java.checks.spring.SpringComponentSpecializationCheckTest
[INFO] Running org.sonar.java.checks.spring.SpringComponentWithNonAutowiredMembersCheckTest
[INFO] Tests run: 2, Failures: 0, Errors: 0, Skipped: 0, Time elapsed: 0.037 s -- in org.sonar.java.checks.spring.SpringComponentWithNonAutowiredMembersCheckTest
[INFO] Running org.sonar.java.checks.spring.SpringComponentWithWrongScopeCheckTest
[INFO] Tests run: 1, Failures: 0, Errors: 0, Skipped: 0, Time elapsed: 0.026 s -- in org.sonar.java.checks.spring.SpringComponentWithWrongScopeCheckTest
[INFO] Running org.sonar.java.checks.spring.SpringComposedRequestMappingCheckTest
[INFO] Tests run: 2, Failures: 0, Errors: 0, Skipped: 0, Time elapsed: 0.030 s -- in org.sonar.java.checks.spring.SpringComposedRequestMappingCheckTest
[INFO] Running org.sonar.java.checks.spring.SpringConfigurationWithAutowiredFieldsCheckTest
[INFO] Tests run: 1, Failures: 0, Errors: 0, Skipped: 0, Time elapsed: 0.031 s -- in org.sonar.java.checks.spring.SpringConfigurationWithAutowiredFieldsCheckTest
[INFO] Running org.sonar.java.checks.spring.SpringConstructorInjectionCheckTest
[INFO] Tests run: 1, Failures: 0, Errors: 0, Skipped: 0, Time elapsed: 0.027 s -- in org.sonar.java.checks.spring.SpringConstructorInjectionCheckTest
[INFO] Running org.sonar.java.checks.spring.SpringIncompatibleTransactionalCheckTest
[INFO] Tests run: 3, Failures: 0, Errors: 0, Skipped: 0, Time elapsed: 0.063 s -- in org.sonar.java.checks.spring.SpringIncompatibleTransactionalCheckTest
[INFO] Running org.sonar.java.checks.spring.SpringRequestMappingMethodCheckTest
[INFO] Tests run: 2, Failures: 0, Errors: 0, Skipped: 0, Time elapsed: 0.030 s -- in org.sonar.java.checks.spring.SpringRequestMappingMethodCheckTest
[INFO] Running org.sonar.java.checks.spring.SpringScanDefaultPackageCheckTest
[INFO] Tests run: 2, Failures: 0, Errors: 0, Skipped: 0, Time elapsed: 0.055 s -- in org.sonar.java.checks.spring.SpringScanDefaultPackageCheckTest
[INFO] Running org.sonar.java.checks.spring.SpringSecurityDisableCSRFCheckTest
[INFO] Tests run: 2, Failures: 0, Errors: 0, Skipped: 0, Time elapsed: 0.033 s -- in org.sonar.java.checks.spring.SpringSecurityDisableCSRFCheckTest
[INFO] Running org.sonar.java.checks.spring.SpringSessionFixationCheckTest
[INFO] Tests run: 2, Failures: 0, Errors: 0, Skipped: 0, Time elapsed: 0.033 s -- in org.sonar.java.checks.spring.SpringSessionFixationCheckTest
[INFO] Running org.sonar.java.checks.spring.StaticFieldInjectionNotSupportedCheckTest
[INFO] Tests run: 3, Failures: 0, Errors: 0, Skipped: 0, Time elapsed: 0.054 s -- in org.sonar.java.checks.spring.StaticFieldInjectionNotSupportedCheckTest
[INFO] Running org.sonar.java.checks.spring.StatusCodesOnResponseCheckTest
[INFO] Tests run: 2, Failures: 0, Errors: 0, Skipped: 0, Time elapsed: 0.034 s -- in org.sonar.java.checks.spring.StatusCodesOnResponseCheckTest
[INFO] Running org.sonar.java.checks.spring.SuperfluousResponseBodyAnnotationCheckTest
[INFO] Tests run: 2, Failures: 0, Errors: 0, Skipped: 0, Time elapsed: 0.029 s -- in org.sonar.java.checks.spring.SuperfluousResponseBodyAnnotationCheckTest
[INFO] Running org.sonar.java.checks.spring.TransactionalMethodCheckedExceptionCheckTest
[INFO] Tests run: 4, Failures: 0, Errors: 0, Skipped: 0, Time elapsed: 0.077 s -- in org.sonar.java.checks.spring.TransactionalMethodCheckedExceptionCheckTest
[INFO] Running org.sonar.java.checks.spring.TransactionalMethodVisibilityCheckTest
[INFO] Tests run: 5, Failures: 0, Errors: 0, Skipped: 0, Time elapsed: 0.062 s -- in org.sonar.java.checks.spring.TransactionalMethodVisibilityCheckTest
[INFO] Running org.sonar.java.checks.spring.UsePageableParameterForPagedQueryCheckTest
[INFO] Tests run: 2, Failures: 0, Errors: 0, Skipped: 0, Time elapsed: 0.033 s -- in org.sonar.java.checks.spring.UsePageableParameterForPagedQueryCheckTest
[INFO] Running org.sonar.java.checks.spring.ValueAnnotationShouldInjectPropertyOrSpELCheckTest
[INFO] Tests run: 3, Failures: 0, Errors: 0, Skipped: 0, Time elapsed: 0.056 s -- in org.sonar.java.checks.spring.ValueAnnotationShouldInjectPropertyOrSpELCheckTest
[INFO] Running org.sonar.java.checks.sustainability.AndroidExactAlarmCheckTest
[INFO] Tests run: 3, Failures: 0, Errors: 0, Skipped: 0, Time elapsed: 0.055 s -- in org.sonar.java.checks.sustainability.AndroidExactAlarmCheckTest
[INFO] Running org.sonar.java.checks.sustainability.AndroidFusedLocationProviderClientCheckTest
[INFO] Tests run: 3, Failures: 0, Errors: 0, Skipped: 0, Time elapsed: 0.051 s -- in org.sonar.java.checks.sustainability.AndroidFusedLocationProviderClientCheckTest
[INFO] Running org.sonar.java.checks.synchronization.DoubleCheckedLockingCheckTest
[INFO] Tests run: 3, Failures: 0, Errors: 0, Skipped: 0, Time elapsed: 0.065 s -- in org.sonar.java.checks.synchronization.DoubleCheckedLockingCheckTest
[INFO] Running org.sonar.java.checks.synchronization.SynchronizationOnGetClassCheckTest
[INFO] Tests run: 2, Failures: 0, Errors: 0, Skipped: 0, Time elapsed: 0.029 s -- in org.sonar.java.checks.synchronization.SynchronizationOnGetClassCheckTest
[INFO] Running org.sonar.java.checks.synchronization.TwoLocksWaitCheckTest
[INFO] Tests run: 2, Failures: 0, Errors: 0, Skipped: 0, Time elapsed: 0.035 s -- in org.sonar.java.checks.synchronization.TwoLocksWaitCheckTest
[INFO] Running org.sonar.java.checks.synchronization.ValueBasedObjectUsedForLockCheckTest
[INFO] Tests run: 3, Failures: 0, Errors: 0, Skipped: 0, Time elapsed: 0.051 s -- in org.sonar.java.checks.synchronization.ValueBasedObjectUsedForLockCheckTest
[INFO] Running org.sonar.java.checks.synchronization.WriteObjectTheOnlySynchronizedMethodCheckTest
[INFO] Tests run: 2, Failures: 0, Errors: 0, Skipped: 0, Time elapsed: 0.034 s -- in org.sonar.java.checks.synchronization.WriteObjectTheOnlySynchronizedMethodCheckTest
[INFO] Running org.sonar.java.checks.tests.AssertJApplyConfigurationCheckTest
[INFO] Tests run: 2, Failures: 0, Errors: 0, Skipped: 0, Time elapsed: 0.027 s -- in org.sonar.java.checks.tests.AssertJApplyConfigurationCheckTest
[INFO] Running org.sonar.java.checks.tests.AssertJAssertionsInConsumerCheckTest
[INFO] Tests run: 3, Failures: 0, Errors: 0, Skipped: 0, Time elapsed: 0.090 s -- in org.sonar.java.checks.tests.AssertJAssertionsInConsumerCheckTest
[INFO] Running org.sonar.java.checks.tests.AssertJChainSimplificationCheckTest
[INFO] Tests run: 5, Failures: 0, Errors: 0, Skipped: 0, Time elapsed: 0.240 s -- in org.sonar.java.checks.tests.AssertJChainSimplificationCheckTest
[INFO] Running org.sonar.java.checks.tests.AssertJConsecutiveAssertionCheckTest
[INFO] Tests run: 2, Failures: 0, Errors: 0, Skipped: 0, Time elapsed: 0.066 s -- in org.sonar.java.checks.tests.AssertJConsecutiveAssertionCheckTest
[INFO] Running org.sonar.java.checks.tests.AssertJContextBeforeAssertionCheckTest
[INFO] Tests run: 2, Failures: 0, Errors: 0, Skipped: 0, Time elapsed: 0.052 s -- in org.sonar.java.checks.tests.AssertJContextBeforeAssertionCheckTest
[INFO] Running org.sonar.java.checks.tests.AssertJTestForEmptinessCheckTest
[INFO] Tests run: 2, Failures: 0, Errors: 0, Skipped: 0, Time elapsed: 0.054 s -- in org.sonar.java.checks.tests.AssertJTestForEmptinessCheckTest
[INFO] Running org.sonar.java.checks.tests.AssertThatThrownByAloneCheckTest
[INFO] Tests run: 2, Failures: 0, Errors: 0, Skipped: 0, Time elapsed: 0.032 s -- in org.sonar.java.checks.tests.AssertThatThrownByAloneCheckTest
[INFO] Running org.sonar.java.checks.tests.AssertTrueInsteadOfDedicatedAssertCheckTest
[INFO] Tests run: 2, Failures: 0, Errors: 0, Skipped: 0, Time elapsed: 0.035 s -- in org.sonar.java.checks.tests.AssertTrueInsteadOfDedicatedAssertCheckTest
[INFO] Running org.sonar.java.checks.tests.AssertionArgumentOrderCheckTest
[INFO] Tests run: 5, Failures: 0, Errors: 0, Skipped: 0, Time elapsed: 0.139 s -- in org.sonar.java.checks.tests.AssertionArgumentOrderCheckTest
[INFO] Running org.sonar.java.checks.tests.AssertionCompareToSelfCheckTest
[INFO] Tests run: 5, Failures: 0, Errors: 0, Skipped: 0, Time elapsed: 0.130 s -- in org.sonar.java.checks.tests.AssertionCompareToSelfCheckTest
[INFO] Running org.sonar.java.checks.tests.AssertionFailInCatchBlockCheckTest
[INFO] Tests run: 2, Failures: 0, Errors: 0, Skipped: 0, Time elapsed: 0.038 s -- in org.sonar.java.checks.tests.AssertionFailInCatchBlockCheckTest
[INFO] Running org.sonar.java.checks.tests.AssertionInThreadRunCheckTest
[INFO] Tests run: 1, Failures: 0, Errors: 0, Skipped: 0, Time elapsed: 0.034 s -- in org.sonar.java.checks.tests.AssertionInThreadRunCheckTest
[INFO] Running org.sonar.java.checks.tests.AssertionInTryCatchCheckTest
[INFO] Tests run: 2, Failures: 0, Errors: 0, Skipped: 0, Time elapsed: 0.039 s -- in org.sonar.java.checks.tests.AssertionInTryCatchCheckTest
[INFO] Running org.sonar.java.checks.tests.AssertionTypesCheckTest
[INFO] Tests run: 8, Failures: 0, Errors: 0, Skipped: 0, Time elapsed: 0.198 s -- in org.sonar.java.checks.tests.AssertionTypesCheckTest
[INFO] Running org.sonar.java.checks.tests.AssertionsCompletenessCheckTest
[INFO] Tests run: 2, Failures: 0, Errors: 0, Skipped: 0, Time elapsed: 0.143 s -- in org.sonar.java.checks.tests.AssertionsCompletenessCheckTest
[INFO] Running org.sonar.java.checks.tests.AssertionsInTestsCheckTest
[INFO] Tests run: 28, Failures: 0, Errors: 0, Skipped: 0, Time elapsed: 0.930 s -- in org.sonar.java.checks.tests.AssertionsInTestsCheckTest
[INFO] Running org.sonar.java.checks.tests.AssertionsWithoutMessageCheckTest
[INFO] Tests run: 3, Failures: 0, Errors: 0, Skipped: 0, Time elapsed: 0.094 s -- in org.sonar.java.checks.tests.AssertionsWithoutMessageCheckTest
[INFO] Running org.sonar.java.checks.tests.BooleanOrNullLiteralInAssertionsCheckTest
[INFO] Tests run: 2, Failures: 0, Errors: 0, Skipped: 0, Time elapsed: 0.038 s -- in org.sonar.java.checks.tests.BooleanOrNullLiteralInAssertionsCheckTest
[INFO] Running org.sonar.java.checks.tests.CallSuperInTestCaseCheckTest
[INFO] Tests run: 1, Failures: 0, Errors: 0, Skipped: 0, Time elapsed: 0.029 s -- in org.sonar.java.checks.tests.CallSuperInTestCaseCheckTest
[INFO] Running org.sonar.java.checks.tests.ExpectedExceptionCheckTest
[INFO] Tests run: 2, Failures: 0, Errors: 0, Skipped: 0, Time elapsed: 0.030 s -- in org.sonar.java.checks.tests.ExpectedExceptionCheckTest
[INFO] Running org.sonar.java.checks.tests.IgnoredTestsCheckTest
[INFO] Tests run: 2, Failures: 0, Errors: 0, Skipped: 0, Time elapsed: 0.031 s -- in org.sonar.java.checks.tests.IgnoredTestsCheckTest
[INFO] Running org.sonar.java.checks.tests.JUnit45MethodAnnotationCheckTest
[INFO] Tests run: 3, Failures: 0, Errors: 0, Skipped: 0, Time elapsed: 0.064 s -- in org.sonar.java.checks.tests.JUnit45MethodAnnotationCheckTest
[INFO] Running org.sonar.java.checks.tests.JUnit4AnnotationsCheckTest
[INFO] Tests run: 2, Failures: 0, Errors: 0, Skipped: 0, Time elapsed: 0.030 s -- in org.sonar.java.checks.tests.JUnit4AnnotationsCheckTest
[INFO] Running org.sonar.java.checks.tests.JUnit5DefaultPackageClassAndMethodCheckTest
[INFO] Tests run: 2, Failures: 0, Errors: 0, Skipped: 0, Time elapsed: 0.036 s -- in org.sonar.java.checks.tests.JUnit5DefaultPackageClassAndMethodCheckTest
[INFO] Running org.sonar.java.checks.tests.JUnit5SilentlyIgnoreClassAndMethodCheckTest
[INFO] Tests run: 3, Failures: 0, Errors: 0, Skipped: 0, Time elapsed: 0.063 s -- in org.sonar.java.checks.tests.JUnit5SilentlyIgnoreClassAndMethodCheckTest
[INFO] Running org.sonar.java.checks.tests.JUnitCompatibleAnnotationsCheckTest
[INFO] Tests run: 2, Failures: 0, Errors: 0, Skipped: 0, Time elapsed: 0.028 s -- in org.sonar.java.checks.tests.JUnitCompatibleAnnotationsCheckTest
[INFO] Running org.sonar.java.checks.tests.JunitNestedAnnotationCheckTest
[INFO] Tests run: 2, Failures: 0, Errors: 0, Skipped: 0, Time elapsed: 0.032 s -- in org.sonar.java.checks.tests.JunitNestedAnnotationCheckTest
[INFO] Running org.sonar.java.checks.tests.MockFieldShouldUseMockAnnotationCheckTest
[INFO] Tests run: 2, Failures: 0, Errors: 0, Skipped: 0, Time elapsed: 0.033 s -- in org.sonar.java.checks.tests.MockFieldShouldUseMockAnnotationCheckTest
[INFO] Running org.sonar.java.checks.tests.MockingAllMethodsCheckTest
[INFO] Tests run: 2, Failures: 0, Errors: 0, Skipped: 0, Time elapsed: 0.037 s -- in org.sonar.java.checks.tests.MockingAllMethodsCheckTest
[INFO] Running org.sonar.java.checks.tests.MockitoAnnotatedObjectsShouldBeInitializedCheckTest
[INFO] Tests run: 2, Failures: 0, Errors: 0, Skipped: 0, Time elapsed: 0.016 s -- in org.sonar.java.checks.tests.MockitoAnnotatedObjectsShouldBeInitializedCheckTest
[INFO] Running org.sonar.java.checks.tests.MockitoArgumentMatchersUsedOnAllParametersCheckTest
[INFO] Tests run: 3, Failures: 0, Errors: 0, Skipped: 0, Time elapsed: 0.082 s -- in org.sonar.java.checks.tests.MockitoArgumentMatchersUsedOnAllParametersCheckTest
[INFO] Running org.sonar.java.checks.tests.MockitoEqSimplificationCheckTest
[INFO] Tests run: 3, Failures: 0, Errors: 0, Skipped: 0, Time elapsed: 0.041 s -- in org.sonar.java.checks.tests.MockitoEqSimplificationCheckTest
[INFO] Running org.sonar.java.checks.tests.MockitoInjectMocksShouldBeUsedCheckTest
[INFO] Tests run: 2, Failures: 0, Errors: 0, Skipped: 0, Time elapsed: 0.039 s -- in org.sonar.java.checks.tests.MockitoInjectMocksShouldBeUsedCheckTest
[INFO] Running org.sonar.java.checks.tests.MockitoInlineMockInThenReturnCheckTest
[INFO] Tests run: 2, Failures: 0, Errors: 0, Skipped: 0, Time elapsed: 0.031 s -- in org.sonar.java.checks.tests.MockitoInlineMockInThenReturnCheckTest
[INFO] Running org.sonar.java.checks.tests.MockitoStaticImportCheckTest
[INFO] Tests run: 4, Failures: 0, Errors: 0, Skipped: 0, Time elapsed: 0.091 s -- in org.sonar.java.checks.tests.MockitoStaticImportCheckTest
[INFO] Running org.sonar.java.checks.tests.MockitoStubbingChainCheckTest
[INFO] Tests run: 2, Failures: 0, Errors: 0, Skipped: 0, Time elapsed: 0.034 s -- in org.sonar.java.checks.tests.MockitoStubbingChainCheckTest
[INFO] Running org.sonar.java.checks.tests.NoJUnit4AssertionsInJUnit5TestsCheckTest
[INFO] Tests run: 4, Failures: 0, Errors: 0, Skipped: 0, Time elapsed: 0.079 s -- in org.sonar.java.checks.tests.NoJUnit4AssertionsInJUnit5TestsCheckTest
[INFO] Running org.sonar.java.checks.tests.NoTestInTestClassCheckTest
[INFO] Tests run: 11, Failures: 0, Errors: 0, Skipped: 0, Time elapsed: 0.265 s -- in org.sonar.java.checks.tests.NoTestInTestClassCheckTest
[INFO] Running org.sonar.java.checks.tests.OneExpectedCheckedExceptionCheckTest
[INFO] Tests run: 2, Failures: 0, Errors: 0, Skipped: 0, Time elapsed: 0.047 s -- in org.sonar.java.checks.tests.OneExpectedCheckedExceptionCheckTest
[INFO] Running org.sonar.java.checks.tests.OneExpectedRuntimeExceptionCheckTest
[INFO] Tests run: 2, Failures: 0, Errors: 0, Skipped: 0, Time elapsed: 0.058 s -- in org.sonar.java.checks.tests.OneExpectedRuntimeExceptionCheckTest
[INFO] Running org.sonar.java.checks.tests.OneTestLifecycleAnnotationCheckTest
[INFO] Tests run: 2, Failures: 0, Errors: 0, Skipped: 0, Time elapsed: 0.030 s -- in org.sonar.java.checks.tests.OneTestLifecycleAnnotationCheckTest
[INFO] Running org.sonar.java.checks.tests.ParameterizedTestCheckTest
[INFO] Tests run: 2, Failures: 0, Errors: 0, Skipped: 0, Time elapsed: 0.042 s -- in org.sonar.java.checks.tests.ParameterizedTestCheckTest
[INFO] Running org.sonar.java.checks.tests.RandomizedTestDataCheckTest
[INFO] Tests run: 3, Failures: 0, Errors: 0, Skipped: 0, Time elapsed: 0.057 s -- in org.sonar.java.checks.tests.RandomizedTestDataCheckTest
[INFO] Running org.sonar.java.checks.tests.SpringAssertionsSimplificationCheckTest
[INFO] Tests run: 2, Failures: 0, Errors: 0, Skipped: 0, Time elapsed: 0.044 s -- in org.sonar.java.checks.tests.SpringAssertionsSimplificationCheckTest
[INFO] Running org.sonar.java.checks.tests.SystemClockCheckTest
[INFO] Tests run: 2, Failures: 0, Errors: 0, Skipped: 0, Time elapsed: 0.036 s -- in org.sonar.java.checks.tests.SystemClockCheckTest
[INFO] Running org.sonar.java.checks.tests.TestAnnotationWithExpectedExceptionCheckTest
[INFO] Tests run: 3, Failures: 0, Errors: 0, Skipped: 0, Time elapsed: 0.060 s -- in org.sonar.java.checks.tests.TestAnnotationWithExpectedExceptionCheckTest
[INFO] Running org.sonar.java.checks.tests.TestsStabilityCheckTest
[INFO] Tests run: 2, Failures: 0, Errors: 0, Skipped: 0, Time elapsed: 0.026 s -- in org.sonar.java.checks.tests.TestsStabilityCheckTest
[INFO] Running org.sonar.java.checks.tests.ThreadSleepInTestsCheckTest
[INFO] Tests run: 2, Failures: 0, Errors: 0, Skipped: 0, Time elapsed: 0.027 s -- in org.sonar.java.checks.tests.ThreadSleepInTestsCheckTest
[INFO] Running org.sonar.java.checks.tests.TooManyAssertionsCheckTest
[INFO] Tests run: 5, Failures: 0, Errors: 0, Skipped: 0, Time elapsed: 0.139 s -- in org.sonar.java.checks.tests.TooManyAssertionsCheckTest
[INFO] Running org.sonar.java.checks.unused.UnusedCollectionCheckTest
[INFO] Tests run: 2, Failures: 0, Errors: 0, Skipped: 0, Time elapsed: 0.037 s -- in org.sonar.java.checks.unused.UnusedCollectionCheckTest
[INFO] Running org.sonar.java.checks.unused.UnusedLabelCheckTest
[INFO] Tests run: 2, Failures: 0, Errors: 0, Skipped: 0, Time elapsed: 0.029 s -- in org.sonar.java.checks.unused.UnusedLabelCheckTest
[INFO] Running org.sonar.java.checks.unused.UnusedLocalVariableCheckTest
[INFO] Tests run: 6, Failures: 0, Errors: 0, Skipped: 0, Time elapsed: 0.220 s -- in org.sonar.java.checks.unused.UnusedLocalVariableCheckTest
[INFO] Running org.sonar.java.checks.unused.UnusedMethodParameterCheckTest
[INFO] Tests run: 5, Failures: 0, Errors: 0, Skipped: 0, Time elapsed: 0.127 s -- in org.sonar.java.checks.unused.UnusedMethodParameterCheckTest
[INFO] Running org.sonar.java.checks.unused.UnusedPrivateClassCheckTest
[INFO] Tests run: 3, Failures: 0, Errors: 0, Skipped: 0, Time elapsed: 0.062 s -- in org.sonar.java.checks.unused.UnusedPrivateClassCheckTest
[INFO] Running org.sonar.java.checks.unused.UnusedPrivateFieldCheckTest
[INFO] Tests run: 9, Failures: 0, Errors: 0, Skipped: 0, Time elapsed: 0.246 s -- in org.sonar.java.checks.unused.UnusedPrivateFieldCheckTest
[INFO] Running org.sonar.java.checks.unused.UnusedPrivateMethodCheckTest
[INFO] Tests run: 7, Failures: 0, Errors: 0, Skipped: 0, Time elapsed: 0.194 s -- in org.sonar.java.checks.unused.UnusedPrivateMethodCheckTest
[INFO] Running org.sonar.java.checks.unused.UnusedReturnedDataCheckTest
[INFO] Tests run: 2, Failures: 0, Errors: 0, Skipped: 0, Time elapsed: 0.029 s -- in org.sonar.java.checks.unused.UnusedReturnedDataCheckTest
[INFO] Running org.sonar.java.checks.unused.UnusedStringBuilderCheckTest
[INFO] Tests run: 2, Failures: 0, Errors: 0, Skipped: 0, Time elapsed: 0.036 s -- in org.sonar.java.checks.unused.UnusedStringBuilderCheckTest
[INFO] Running org.sonar.java.checks.unused.UnusedTestRuleCheckTest
[INFO] Tests run: 4, Failures: 0, Errors: 0, Skipped: 0, Time elapsed: 0.081 s -- in org.sonar.java.checks.unused.UnusedTestRuleCheckTest
[INFO] Running org.sonar.java.checks.unused.UnusedThrowableCheckTest
[INFO] Tests run: 2, Failures: 0, Errors: 0, Skipped: 0, Time elapsed: 0.028 s -- in org.sonar.java.checks.unused.UnusedThrowableCheckTest
[INFO] Running org.sonar.java.checks.unused.UnusedTypeParameterCheckTest
[INFO] Tests run: 3, Failures: 0, Errors: 0, Skipped: 0, Time elapsed: 0.059 s -- in org.sonar.java.checks.unused.UnusedTypeParameterCheckTest
[INFO] Running org.sonar.java.checks.unused.utils.AnnotationFieldReferenceFinderTest
[INFO] Tests run: 1, Failures: 0, Errors: 0, Skipped: 0, Time elapsed: 0.003 s -- in org.sonar.java.checks.unused.utils.AnnotationFieldReferenceFinderTest
[INFO] Running org.sonar.java.filters.AnyRuleIssueFilterTest
[INFO] Tests run: 4, Failures: 0, Errors: 0, Skipped: 0, Time elapsed: 0.055 s -- in org.sonar.java.filters.AnyRuleIssueFilterTest
[INFO] Running org.sonar.java.filters.BaseTreeVisitorIssueFilterTest
[INFO] Tests run: 5, Failures: 0, Errors: 0, Skipped: 0, Time elapsed: 0.012 s -- in org.sonar.java.filters.BaseTreeVisitorIssueFilterTest
[INFO] Running org.sonar.java.filters.EclipseI18NFilterTest
[INFO] Tests run: 1, Failures: 0, Errors: 0, Skipped: 0, Time elapsed: 0.040 s -- in org.sonar.java.filters.EclipseI18NFilterTest
[INFO] Running org.sonar.java.filters.ExpectedExceptionFilterTest
[INFO] Tests run: 2, Failures: 0, Errors: 0, Skipped: 0, Time elapsed: 0.052 s -- in org.sonar.java.filters.ExpectedExceptionFilterTest
[INFO] Running org.sonar.java.filters.FilterVerifierTest
[INFO] Tests run: 2, Failures: 0, Errors: 0, Skipped: 0, Time elapsed: 0.025 s -- in org.sonar.java.filters.FilterVerifierTest
[INFO] Running org.sonar.java.filters.GeneratedCodeFilterTest
[INFO] Tests run: 1, Failures: 0, Errors: 0, Skipped: 0, Time elapsed: 0.030 s -- in org.sonar.java.filters.GeneratedCodeFilterTest
[INFO] Running org.sonar.java.filters.GoogleAutoFilterTest
[INFO] Tests run: 1, Failures: 0, Errors: 0, Skipped: 0, Time elapsed: 0.030 s -- in org.sonar.java.filters.GoogleAutoFilterTest
[INFO] Running org.sonar.java.filters.LombokFilterTest
[INFO] Tests run: 2, Failures: 0, Errors: 0, Skipped: 0, Time elapsed: 0.088 s -- in org.sonar.java.filters.LombokFilterTest
[INFO] Running org.sonar.java.filters.PostAnalysisIssueFilterTest
[INFO] Tests run: 6, Failures: 0, Errors: 0, Skipped: 0, Time elapsed: 0.083 s -- in org.sonar.java.filters.PostAnalysisIssueFilterTest
[INFO] Running org.sonar.java.filters.SpringFilterTest
[INFO] Tests run: 2, Failures: 0, Errors: 0, Skipped: 0, Time elapsed: 0.063 s -- in org.sonar.java.filters.SpringFilterTest
[INFO] Running org.sonar.java.filters.SuppressWarningFilterTest
[INFO] Tests run: 5, Failures: 0, Errors: 0, Skipped: 0, Time elapsed: 0.160 s -- in org.sonar.java.filters.SuppressWarningFilterTest
[INFO] 
[INFO] Results:
[INFO] 
[INFO] Tests run: 2361, Failures: 0, Errors: 0, Skipped: 0
[INFO] 
[INFO] 
[INFO] ----------------< org.sonarsource.java:java-checks-aws >----------------
[INFO] Building SonarQube Java :: AWS Checks 8.44.0-SNAPSHOT            [14/27]
[INFO]   from java-checks-aws/pom.xml
[INFO] --------------------------------[ jar ]---------------------------------
[INFO] 
[INFO] --- buildnumber:3.2.1:create (default) @ java-checks-aws ---
[INFO] 
[INFO] --- enforcer:3.5.0:enforce (enforce) @ java-checks-aws ---
[INFO] Rule 0: org.apache.maven.enforcer.rules.property.RequireProperty passed
[INFO] Rule 1: org.apache.maven.enforcer.rules.property.RequireProperty passed
[INFO] Rule 2: org.apache.maven.enforcer.rules.property.RequireProperty passed
[INFO] Rule 3: org.apache.maven.enforcer.rules.property.RequireProperty passed
[INFO] Rule 4: org.apache.maven.enforcer.rules.property.RequireProperty passed
[INFO] Rule 5: org.apache.maven.enforcer.rules.property.RequireProperty passed
[INFO] Rule 8: org.apache.maven.enforcer.rules.RequirePluginVersions passed
[INFO] 
[INFO] --- license:4.6:check (enforce-license-headers) @ java-checks-aws ---
[INFO] Checking licenses...
[INFO] 
[INFO] --- bsh:1.4:run (compute-artifact-display-version) @ java-checks-aws ---
[INFO] Executing Script
[INFO] file class java.lang.Object
[INFO] script class java.lang.String
[INFO] evaluating script if (! "8.44.0-SNAPSHOT".endsWith("-SNAPSHOT")) { [+ 14 omitted line(s)]
[INFO] 
[INFO] --- resources:3.3.1:resources (default-resources) @ java-checks-aws ---
[INFO] Copying 1 resource from src/main/resources to target/classes
[INFO] 
[INFO] --- compiler:3.13.0:compile (default-compile) @ java-checks-aws ---
[INFO] Recompiling the module because of changed dependency.
[INFO] Compiling 12 source files with javac [debug release 21] to target/classes
[INFO] 
[INFO] --- resources:3.3.1:testResources (default-testResources) @ java-checks-aws ---
[INFO] skip non existing resourceDirectory /home/jenkins/agent/workspace/EI-11-Job-C/java-checks-aws/src/test/resources
[INFO] 
[INFO] --- dependency:3.8.1:copy (download-jacoco-agent) @ java-checks-aws ---
[INFO] Configured Artifact: org.jacoco:org.jacoco.agent:runtime:0.8.15:jar
[INFO] Configured Artifact: org.mockito:mockito-core:5.23.0:jar
[INFO] 
[INFO] --- compiler:3.13.0:testCompile (default-testCompile) @ java-checks-aws ---
[INFO] Recompiling the module because of changed dependency.
[INFO] Compiling 8 source files with javac [debug release 21] to target/test-classes
[INFO] 
[INFO] --- surefire:3.5.2:test (default-test) @ java-checks-aws ---
[INFO] Using auto detected provider org.apache.maven.surefire.junitplatform.JUnitPlatformProvider
[INFO] Using auto detected provider org.apache.maven.surefire.junitplatform.JUnitPlatformProvider
[INFO] Using auto detected provider org.apache.maven.surefire.junitplatform.JUnitPlatformProvider
[INFO] 
[INFO] -------------------------------------------------------
[INFO]  T E S T S
[INFO] -------------------------------------------------------
Picked up JAVA_TOOL_OPTIONS: -Xmx1024m
[INFO] Running org.sonar.java.checks.aws.AwsConsumerBuilderUsageCheckTest
[INFO] Tests run: 2, Failures: 0, Errors: 0, Skipped: 0, Time elapsed: 0.854 s -- in org.sonar.java.checks.aws.AwsConsumerBuilderUsageCheckTest
[INFO] Running org.sonar.java.checks.aws.AwsCredentialsShouldBeSetExplicitlyCheckTest
[INFO] Tests run: 1, Failures: 0, Errors: 0, Skipped: 0, Time elapsed: 0.120 s -- in org.sonar.java.checks.aws.AwsCredentialsShouldBeSetExplicitlyCheckTest
[INFO] Running org.sonar.java.checks.aws.AwsLambdaSyncCallCheckTest
[INFO] Tests run: 1, Failures: 0, Errors: 0, Skipped: 0, Time elapsed: 0.130 s -- in org.sonar.java.checks.aws.AwsLambdaSyncCallCheckTest
[INFO] Running org.sonar.java.checks.aws.AwsLongTermAccessKeysCheckTest
[INFO] Tests run: 1, Failures: 0, Errors: 0, Skipped: 0, Time elapsed: 0.074 s -- in org.sonar.java.checks.aws.AwsLongTermAccessKeysCheckTest
[INFO] Running org.sonar.java.checks.aws.AwsRegionSetterCheckTest
[INFO] Tests run: 1, Failures: 0, Errors: 0, Skipped: 0, Time elapsed: 0.081 s -- in org.sonar.java.checks.aws.AwsRegionSetterCheckTest
[INFO] Running org.sonar.java.checks.aws.AwsRegionShouldBeSetExplicitlyCheckTest
[INFO] Tests run: 1, Failures: 0, Errors: 0, Skipped: 0, Time elapsed: 0.093 s -- in org.sonar.java.checks.aws.AwsRegionShouldBeSetExplicitlyCheckTest
[INFO] Running org.sonar.java.checks.aws.AwsReusableResourcesInitializedOnceCheckTest
[INFO] Tests run: 1, Failures: 0, Errors: 0, Skipped: 0, Time elapsed: 0.102 s -- in org.sonar.java.checks.aws.AwsReusableResourcesInitializedOnceCheckTest
[INFO] Running org.sonar.java.checks.security.HardCodedCredentialsShouldNotBeUsedCheckTest
WARNING: Final field cls in class org.sonar.java.checks.helpers.CredentialMethod has been mutated reflectively by class com.google.gson.internal.bind.ReflectiveTypeAdapterFactory$2 in unnamed module @42b02722 (file:/home/jenkins/.m2/repository/com/google/code/gson/gson/2.14.0/gson-2.14.0.jar)
WARNING: Use --enable-final-field-mutation=ALL-UNNAMED to avoid a warning
WARNING: Mutating final fields will be blocked in a future release unless final field mutation is enabled
[INFO] Tests run: 4, Failures: 0, Errors: 0, Skipped: 0, Time elapsed: 0.385 s -- in org.sonar.java.checks.security.HardCodedCredentialsShouldNotBeUsedCheckTest
[INFO] 
[INFO] Results:
[INFO] 
[INFO] Tests run: 12, Failures: 0, Errors: 0, Skipped: 0
[INFO] 
[INFO] 
[INFO] ------------------< org.sonarsource.java:check-list >-------------------
[INFO] Building SonarQube Java :: Check List 8.44.0-SNAPSHOT            [15/27]
[INFO]   from check-list/pom.xml
[INFO] --------------------------------[ jar ]---------------------------------
[INFO] 
[INFO] --- buildnumber:3.2.1:create (default) @ check-list ---
[INFO] 
[INFO] --- enforcer:3.5.0:enforce (enforce) @ check-list ---
[INFO] Rule 0: org.apache.maven.enforcer.rules.property.RequireProperty passed
[INFO] Rule 1: org.apache.maven.enforcer.rules.property.RequireProperty passed
[INFO] Rule 2: org.apache.maven.enforcer.rules.property.RequireProperty passed
[INFO] Rule 3: org.apache.maven.enforcer.rules.property.RequireProperty passed
[INFO] Rule 4: org.apache.maven.enforcer.rules.property.RequireProperty passed
[INFO] Rule 5: org.apache.maven.enforcer.rules.property.RequireProperty passed
[INFO] Rule 8: org.apache.maven.enforcer.rules.RequirePluginVersions passed
[INFO] 
[INFO] --- license:4.6:check (enforce-license-headers) @ check-list ---
[INFO] Checking licenses...
[INFO] 
[INFO] --- bsh:1.4:run (compute-artifact-display-version) @ check-list ---
[INFO] Executing Script
[INFO] file class java.lang.Object
[INFO] script class java.lang.String
[INFO] evaluating script if (! "8.44.0-SNAPSHOT".endsWith("-SNAPSHOT")) { [+ 14 omitted line(s)]
[INFO] 
[INFO] --- resources:3.3.1:resources (default-resources) @ check-list ---
[INFO] skip non existing resourceDirectory /home/jenkins/agent/workspace/EI-11-Job-C/check-list/src/main/resources
[INFO] 
[INFO] --- compiler:3.13.0:compile (default-compile) @ check-list ---
[INFO] Recompiling the module because of changed dependency.
[INFO] Compiling 2 source files with javac [debug release 21] to target/classes
[INFO] 
[INFO] --- exec:3.6.3:java (default) @ check-list ---
SLF4J(W): No SLF4J providers were found.
SLF4J(W): Defaulting to no-operation (NOP) logger implementation
SLF4J(W): See https://www.slf4j.org/codes.html#noProviders for further details.
[INFO] 
[INFO] --- build-helper:3.6.1:add-source (default) @ check-list ---
[INFO] Source directory: /home/jenkins/agent/workspace/EI-11-Job-C/check-list/target/generated-sources added.
[INFO] 
[INFO] --- compiler:3.13.0:compile (default) @ check-list ---
[INFO] Recompiling the module because of changed dependency.
[INFO] Compiling 3 source files with javac [debug release 21] to target/classes
[INFO] 
[INFO] --- resources:3.3.1:testResources (default-testResources) @ check-list ---
[INFO] skip non existing resourceDirectory /home/jenkins/agent/workspace/EI-11-Job-C/check-list/src/test/resources
[INFO] 
[INFO] --- dependency:3.8.1:copy (download-jacoco-agent) @ check-list ---
[INFO] Configured Artifact: org.jacoco:org.jacoco.agent:runtime:0.8.15:jar
[INFO] Configured Artifact: org.mockito:mockito-core:5.23.0:jar
[INFO] 
[INFO] --- compiler:3.13.0:testCompile (default-testCompile) @ check-list ---
[INFO] Recompiling the module because of changed dependency.
[INFO] Compiling 1 source file with javac [debug release 21] to target/test-classes
[INFO] 
[INFO] --- surefire:3.5.2:test (default-test) @ check-list ---
[INFO] Using auto detected provider org.apache.maven.surefire.junitplatform.JUnitPlatformProvider
[INFO] Using auto detected provider org.apache.maven.surefire.junitplatform.JUnitPlatformProvider
[INFO] Using auto detected provider org.apache.maven.surefire.junitplatform.JUnitPlatformProvider
[INFO] 
[INFO] -------------------------------------------------------
[INFO]  T E S T S
[INFO] -------------------------------------------------------
Picked up JAVA_TOOL_OPTIONS: -Xmx1024m
[INFO] Running org.sonar.java.CheckListGeneratorTest
[INFO] Tests run: 15, Failures: 0, Errors: 0, Skipped: 0, Time elapsed: 0.312 s -- in org.sonar.java.CheckListGeneratorTest
[INFO] 
[INFO] Results:
[INFO] 
[INFO] Tests run: 15, Failures: 0, Errors: 0, Skipped: 0
[INFO] 
[INFO] 
[INFO] ---------------< org.sonarsource.java:external-reports >----------------
[INFO] Building SonarQube Java :: External Reports Sensor 8.44.0-SNAPSHOT [16/27]
[INFO]   from external-reports/pom.xml
[INFO] --------------------------------[ jar ]---------------------------------
[INFO] 
[INFO] --- buildnumber:3.2.1:create (default) @ external-reports ---
[INFO] 
[INFO] --- enforcer:3.5.0:enforce (enforce) @ external-reports ---
[INFO] Rule 0: org.apache.maven.enforcer.rules.property.RequireProperty passed
[INFO] Rule 1: org.apache.maven.enforcer.rules.property.RequireProperty passed
[INFO] Rule 2: org.apache.maven.enforcer.rules.property.RequireProperty passed
[INFO] Rule 3: org.apache.maven.enforcer.rules.property.RequireProperty passed
[INFO] Rule 4: org.apache.maven.enforcer.rules.property.RequireProperty passed
[INFO] Rule 5: org.apache.maven.enforcer.rules.property.RequireProperty passed
[INFO] Rule 8: org.apache.maven.enforcer.rules.RequirePluginVersions passed
[INFO] 
[INFO] --- license:4.6:check (enforce-license-headers) @ external-reports ---
[INFO] Checking licenses...
[INFO] 
[INFO] --- bsh:1.4:run (compute-artifact-display-version) @ external-reports ---
[INFO] Executing Script
[INFO] file class java.lang.Object
[INFO] script class java.lang.String
[INFO] evaluating script if (! "8.44.0-SNAPSHOT".endsWith("-SNAPSHOT")) { [+ 14 omitted line(s)]
[INFO] 
[INFO] --- resources:3.3.1:resources (default-resources) @ external-reports ---
[INFO] Copying 5 resources from src/main/resources to target/classes
[INFO] 
[INFO] --- compiler:3.13.0:compile (default-compile) @ external-reports ---
[INFO] Recompiling the module because of changed source code.
[INFO] Compiling 9 source files with javac [debug release 21] to target/classes
[INFO] 
[INFO] --- resources:3.3.1:testResources (default-testResources) @ external-reports ---
[INFO] Copying 23 resources from src/test/resources to target/test-classes
[INFO] 
[INFO] --- dependency:3.8.1:copy (download-jacoco-agent) @ external-reports ---
[INFO] Configured Artifact: org.jacoco:org.jacoco.agent:runtime:0.8.15:jar
[INFO] Configured Artifact: org.mockito:mockito-core:5.23.0:jar
[INFO] 
[INFO] --- compiler:3.13.0:testCompile (default-testCompile) @ external-reports ---
[INFO] Recompiling the module because of changed dependency.
[INFO] Compiling 6 source files with javac [debug release 21] to target/test-classes
[INFO] 
[INFO] --- surefire:3.5.2:test (default-test) @ external-reports ---
[INFO] Using auto detected provider org.apache.maven.surefire.junitplatform.JUnitPlatformProvider
[INFO] Using auto detected provider org.apache.maven.surefire.junitplatform.JUnitPlatformProvider
[INFO] Using auto detected provider org.apache.maven.surefire.junitplatform.JUnitPlatformProvider
[INFO] 
[INFO] -------------------------------------------------------
[INFO]  T E S T S
[INFO] -------------------------------------------------------
Picked up JAVA_TOOL_OPTIONS: -Xmx1024m
[INFO] Running org.sonar.java.externalreport.CheckstyleSensorTest
[INFO] Tests run: 9, Failures: 0, Errors: 0, Skipped: 0, Time elapsed: 0.213 s -- in org.sonar.java.externalreport.CheckstyleSensorTest
[INFO] Running org.sonar.java.externalreport.ExternalRulesDefinitionTest
[INFO] Tests run: 1, Failures: 0, Errors: 0, Skipped: 0, Time elapsed: 0.008 s -- in org.sonar.java.externalreport.ExternalRulesDefinitionTest
[INFO] Running org.sonar.java.externalreport.PmdSensorTest
[INFO] Tests run: 8, Failures: 0, Errors: 0, Skipped: 0, Time elapsed: 0.032 s -- in org.sonar.java.externalreport.PmdSensorTest
[INFO] Running org.sonar.java.externalreport.SpotBugsSensorTest
[INFO] Tests run: 12, Failures: 0, Errors: 0, Skipped: 0, Time elapsed: 0.046 s -- in org.sonar.java.externalreport.SpotBugsSensorTest
[INFO] 
[INFO] Results:
[INFO] 
[INFO] Tests run: 30, Failures: 0, Errors: 0, Skipped: 0
[INFO] 
[INFO] 
[INFO] -----------------< org.sonarsource.java:java-surefire >-----------------
[INFO] Building SonarQube Java :: Surefire 8.44.0-SNAPSHOT              [17/27]
[INFO]   from java-surefire/pom.xml
[INFO] --------------------------------[ jar ]---------------------------------
[INFO] 
[INFO] --- buildnumber:3.2.1:create (default) @ java-surefire ---
[INFO] 
[INFO] --- enforcer:3.5.0:enforce (enforce) @ java-surefire ---
[INFO] Rule 0: org.apache.maven.enforcer.rules.property.RequireProperty passed
[INFO] Rule 1: org.apache.maven.enforcer.rules.property.RequireProperty passed
[INFO] Rule 2: org.apache.maven.enforcer.rules.property.RequireProperty passed
[INFO] Rule 3: org.apache.maven.enforcer.rules.property.RequireProperty passed
[INFO] Rule 4: org.apache.maven.enforcer.rules.property.RequireProperty passed
[INFO] Rule 5: org.apache.maven.enforcer.rules.property.RequireProperty passed
[INFO] Rule 8: org.apache.maven.enforcer.rules.RequirePluginVersions passed
[INFO] 
[INFO] --- license:4.6:check (enforce-license-headers) @ java-surefire ---
[INFO] Checking licenses...
[INFO] 
[INFO] --- bsh:1.4:run (compute-artifact-display-version) @ java-surefire ---
[INFO] Executing Script
[INFO] file class java.lang.Object
[INFO] script class java.lang.String
[INFO] evaluating script if (! "8.44.0-SNAPSHOT".endsWith("-SNAPSHOT")) { [+ 14 omitted line(s)]
[INFO] 
[INFO] --- resources:3.3.1:resources (default-resources) @ java-surefire ---
[INFO] skip non existing resourceDirectory /home/jenkins/agent/workspace/EI-11-Job-C/java-surefire/src/main/resources
[INFO] 
[INFO] --- compiler:3.13.0:compile (default-compile) @ java-surefire ---
[INFO] Recompiling the module because of changed dependency.
[INFO] Compiling 12 source files with javac [debug release 21] to target/classes
[INFO] /home/jenkins/agent/workspace/EI-11-Job-C/java-surefire/src/main/java/org/sonar/plugins/surefire/SurefireJavaParser.java: /home/jenkins/agent/workspace/EI-11-Job-C/java-surefire/src/main/java/org/sonar/plugins/surefire/SurefireJavaParser.java uses or overrides a deprecated API.
[INFO] /home/jenkins/agent/workspace/EI-11-Job-C/java-surefire/src/main/java/org/sonar/plugins/surefire/SurefireJavaParser.java: Recompile with -Xlint:deprecation for details.
[INFO] 
[INFO] --- resources:3.3.1:testResources (default-testResources) @ java-surefire ---
[INFO] skip non existing resourceDirectory /home/jenkins/agent/workspace/EI-11-Job-C/java-surefire/src/main/resources
[INFO] Copying 68 resources from src/test/resources to target/test-classes
[INFO] 
[INFO] --- dependency:3.8.1:copy (download-jacoco-agent) @ java-surefire ---
[INFO] Configured Artifact: org.jacoco:org.jacoco.agent:runtime:0.8.15:jar
[INFO] Configured Artifact: org.mockito:mockito-core:5.23.0:jar
[INFO] 
[INFO] --- compiler:3.13.0:testCompile (default-testCompile) @ java-surefire ---
[INFO] Recompiling the module because of changed dependency.
[INFO] Compiling 8 source files with javac [debug release 21] to target/test-classes
[INFO] /home/jenkins/agent/workspace/EI-11-Job-C/java-surefire/src/test/java/org/sonar/plugins/surefire/SurefireExtensionsTest.java: /home/jenkins/agent/workspace/EI-11-Job-C/java-surefire/src/test/java/org/sonar/plugins/surefire/SurefireExtensionsTest.java uses unchecked or unsafe operations.
[INFO] /home/jenkins/agent/workspace/EI-11-Job-C/java-surefire/src/test/java/org/sonar/plugins/surefire/SurefireExtensionsTest.java: Recompile with -Xlint:unchecked for details.
[INFO] 
[INFO] --- surefire:3.5.2:test (default-test) @ java-surefire ---
[INFO] Using auto detected provider org.apache.maven.surefire.junitplatform.JUnitPlatformProvider
[INFO] Using auto detected provider org.apache.maven.surefire.junitplatform.JUnitPlatformProvider
[INFO] Using auto detected provider org.apache.maven.surefire.junitplatform.JUnitPlatformProvider
[INFO] 
[INFO] -------------------------------------------------------
[INFO]  T E S T S
[INFO] -------------------------------------------------------
Picked up JAVA_TOOL_OPTIONS: -Xmx1024m
[INFO] Running org.sonar.plugins.surefire.SurefireExtensionsTest
[INFO] Tests run: 1, Failures: 0, Errors: 0, Skipped: 0, Time elapsed: 0.062 s -- in org.sonar.plugins.surefire.SurefireExtensionsTest
[INFO] Running org.sonar.plugins.surefire.SurefireJavaParserTest
OpenJDK 64-Bit Server VM warning: Sharing is only supported for boot loader classes because bootstrap classpath has been appended
[INFO] Tests run: 12, Failures: 0, Errors: 0, Skipped: 0, Time elapsed: 0.453 s -- in org.sonar.plugins.surefire.SurefireJavaParserTest
[INFO] Running org.sonar.plugins.surefire.SurefireSensorTest
[INFO] Tests run: 10, Failures: 0, Errors: 0, Skipped: 0, Time elapsed: 0.084 s -- in org.sonar.plugins.surefire.SurefireSensorTest
[INFO] Running org.sonar.plugins.surefire.api.SurefireUtilsTest
[INFO] Tests run: 2, Failures: 0, Errors: 0, Skipped: 0, Time elapsed: 0.009 s -- in org.sonar.plugins.surefire.api.SurefireUtilsTest
[INFO] Running org.sonar.plugins.surefire.data.SurefireStaxHandlerTest
[INFO] Tests run: 8, Failures: 0, Errors: 0, Skipped: 0, Time elapsed: 0.009 s -- in org.sonar.plugins.surefire.data.SurefireStaxHandlerTest
[INFO] Running org.sonar.plugins.surefire.data.UnitTestClassReportTest
[INFO] Tests run: 2, Failures: 0, Errors: 0, Skipped: 0, Time elapsed: 0.001 s -- in org.sonar.plugins.surefire.data.UnitTestClassReportTest
[INFO] Running org.sonar.plugins.surefire.data.UnitTestIndexTest
[INFO] Tests run: 6, Failures: 0, Errors: 0, Skipped: 0, Time elapsed: 0.004 s -- in org.sonar.plugins.surefire.data.UnitTestIndexTest
[INFO] Running org.sonar.plugins.surefire.data.UnitTestResultTest
[INFO] Tests run: 3, Failures: 0, Errors: 0, Skipped: 0, Time elapsed: 0.002 s -- in org.sonar.plugins.surefire.data.UnitTestResultTest
[INFO] 
[INFO] Results:
[INFO] 
[INFO] Tests run: 44, Failures: 0, Errors: 0, Skipped: 0
[INFO] 
[INFO] 
[INFO] -------------------< org.sonarsource.java:java-jsp >--------------------
[INFO] Building SonarQube Java :: JSP 8.44.0-SNAPSHOT                   [18/27]
[INFO]   from java-jsp/pom.xml
[INFO] --------------------------------[ jar ]---------------------------------
[INFO] 
[INFO] --- buildnumber:3.2.1:create (default) @ java-jsp ---
[INFO] 
[INFO] --- enforcer:3.5.0:enforce (enforce) @ java-jsp ---
[INFO] Rule 0: org.apache.maven.enforcer.rules.property.RequireProperty passed
[INFO] Rule 1: org.apache.maven.enforcer.rules.property.RequireProperty passed
[INFO] Rule 2: org.apache.maven.enforcer.rules.property.RequireProperty passed
[INFO] Rule 3: org.apache.maven.enforcer.rules.property.RequireProperty passed
[INFO] Rule 4: org.apache.maven.enforcer.rules.property.RequireProperty passed
[INFO] Rule 5: org.apache.maven.enforcer.rules.property.RequireProperty passed
[INFO] Rule 8: org.apache.maven.enforcer.rules.RequirePluginVersions passed
[INFO] 
[INFO] --- license:4.6:check (enforce-license-headers) @ java-jsp ---
[INFO] Checking licenses...
[INFO] 
[INFO] --- bsh:1.4:run (compute-artifact-display-version) @ java-jsp ---
[INFO] Executing Script
[INFO] file class java.lang.Object
[INFO] script class java.lang.String
[INFO] evaluating script if (! "8.44.0-SNAPSHOT".endsWith("-SNAPSHOT")) { [+ 14 omitted line(s)]
[INFO] 
[INFO] --- resources:3.3.1:resources (default-resources) @ java-jsp ---
[INFO] skip non existing resourceDirectory /home/jenkins/agent/workspace/EI-11-Job-C/java-jsp/src/main/resources
[INFO] 
[INFO] --- compiler:3.13.0:compile (default-compile) @ java-jsp ---
[INFO] Recompiling the module because of changed dependency.
[INFO] Compiling 3 source files with javac [debug release 21] to target/classes
[INFO] /home/jenkins/agent/workspace/EI-11-Job-C/java-jsp/src/main/java/org/sonar/java/jsp/Jasper.java: Some input files use or override a deprecated API.
[INFO] /home/jenkins/agent/workspace/EI-11-Job-C/java-jsp/src/main/java/org/sonar/java/jsp/Jasper.java: Recompile with -Xlint:deprecation for details.
[INFO] 
[INFO] --- resources:3.3.1:testResources (default-testResources) @ java-jsp ---
[INFO] skip non existing resourceDirectory /home/jenkins/agent/workspace/EI-11-Job-C/java-jsp/src/test/resources
[INFO] 
[INFO] --- dependency:3.8.1:copy (download-jacoco-agent) @ java-jsp ---
[INFO] Configured Artifact: org.jacoco:org.jacoco.agent:runtime:0.8.15:jar
[INFO] Configured Artifact: org.mockito:mockito-core:5.23.0:jar
[INFO] 
[INFO] --- compiler:3.13.0:testCompile (default-testCompile) @ java-jsp ---
[INFO] Recompiling the module because of changed dependency.
[INFO] Compiling 2 source files with javac [debug release 21] to target/test-classes
[INFO] /home/jenkins/agent/workspace/EI-11-Job-C/java-jsp/src/test/java/org/sonar/java/jsp/JasperTest.java: /home/jenkins/agent/workspace/EI-11-Job-C/java-jsp/src/test/java/org/sonar/java/jsp/JasperTest.java uses or overrides a deprecated API.
[INFO] /home/jenkins/agent/workspace/EI-11-Job-C/java-jsp/src/test/java/org/sonar/java/jsp/JasperTest.java: Recompile with -Xlint:deprecation for details.
[INFO] 
[INFO] --- dependency:3.8.1:copy (copy) @ java-jsp ---
[INFO] Configured Artifact: org.springframework:spring-webmvc:5.2.3.RELEASE:jar
[INFO] Configured Artifact: javax:javaee-web-api:6.0:jar
[INFO] Configured Artifact: javax.servlet:jstl:1.2:jar
[INFO] 
[INFO] --- surefire:3.5.2:test (default-test) @ java-jsp ---
[INFO] Using auto detected provider org.apache.maven.surefire.junitplatform.JUnitPlatformProvider
[INFO] Using auto detected provider org.apache.maven.surefire.junitplatform.JUnitPlatformProvider
[INFO] Using auto detected provider org.apache.maven.surefire.junitplatform.JUnitPlatformProvider
[INFO] 
[INFO] -------------------------------------------------------
[INFO]  T E S T S
[INFO] -------------------------------------------------------
Picked up JAVA_TOOL_OPTIONS: -Xmx1024m
[INFO] Running org.sonar.java.jsp.JasperOptionsTest
OpenJDK 64-Bit Server VM warning: Sharing is only supported for boot loader classes because bootstrap classpath has been appended
[INFO] Tests run: 2, Failures: 0, Errors: 0, Skipped: 0, Time elapsed: 0.430 s -- in org.sonar.java.jsp.JasperOptionsTest
[INFO] Running org.sonar.java.jsp.JasperTest
[INFO] Tests run: 16, Failures: 0, Errors: 0, Skipped: 0, Time elapsed: 0.722 s -- in org.sonar.java.jsp.JasperTest
[INFO] 
[INFO] Results:
[INFO] 
[INFO] Tests run: 18, Failures: 0, Errors: 0, Skipped: 0
[INFO] 
[INFO] 
[INFO] ---------------< org.sonarsource.java:sonar-java-plugin >---------------
[INFO] Building SonarQube Java :: Plugin 8.44.0-SNAPSHOT                [19/27]
[INFO]   from sonar-java-plugin/pom.xml
[INFO] ----------------------------[ sonar-plugin ]----------------------------
[INFO] 
[INFO] --- buildnumber:3.2.1:create (default) @ sonar-java-plugin ---
[INFO] 
[INFO] --- enforcer:3.5.0:enforce (enforce) @ sonar-java-plugin ---
[INFO] Rule 0: org.apache.maven.enforcer.rules.property.RequireProperty passed
[INFO] Rule 1: org.apache.maven.enforcer.rules.property.RequireProperty passed
[INFO] Rule 2: org.apache.maven.enforcer.rules.property.RequireProperty passed
[INFO] Rule 3: org.apache.maven.enforcer.rules.property.RequireProperty passed
[INFO] Rule 4: org.apache.maven.enforcer.rules.property.RequireProperty passed
[INFO] Rule 5: org.apache.maven.enforcer.rules.property.RequireProperty passed
[INFO] Rule 8: org.apache.maven.enforcer.rules.RequirePluginVersions passed
[INFO] 
[INFO] --- license:4.6:check (enforce-license-headers) @ sonar-java-plugin ---
[INFO] Checking licenses...
[INFO] 
[INFO] --- sonar-packaging:1.25.0.11:check (default-check) @ sonar-java-plugin ---
[INFO] 
[INFO] --- bsh:1.4:run (compute-artifact-display-version) @ sonar-java-plugin ---
[INFO] Executing Script
[INFO] file class java.lang.Object
[INFO] script class java.lang.String
[INFO] evaluating script if (! "8.44.0-SNAPSHOT".endsWith("-SNAPSHOT")) { [+ 14 omitted line(s)]
[INFO] 
[INFO] --- license:2.7.1:download-licenses (download-licenses) @ sonar-java-plugin ---
[INFO] 
[INFO] --- exec:3.6.3:exec (generate-built-in-profiles) @ sonar-java-plugin ---
[ERROR] Picked up JAVA_TOOL_OPTIONS: -Xmx1024m
[INFO] 
[INFO] --- resources:3.5.0:copy-resources (copy-main-license) @ sonar-java-plugin ---
[INFO] Copying 1 resource from .. to target/temp-licenses
[INFO] 
[INFO] --- resources:3.5.0:resources (default-resources) @ sonar-java-plugin ---
[INFO] Copying 2554 resources from src/main/resources to target/classes
[INFO] Copying 2 resources from target/generated-resources/profiles to target/classes
[INFO] 
[INFO] --- compiler:3.13.0:compile (default-compile) @ sonar-java-plugin ---
[INFO] Recompiling the module because of changed dependency.
[INFO] Compiling 11 source files with javac [debug release 21] to target/classes
[INFO] /home/jenkins/agent/workspace/EI-11-Job-C/sonar-java-plugin/src/main/java/org/sonar/plugins/java/BuiltInJavaQualityProfile.java: /home/jenkins/agent/workspace/EI-11-Job-C/sonar-java-plugin/src/main/java/org/sonar/plugins/java/BuiltInJavaQualityProfile.java uses unchecked or unsafe operations.
[INFO] /home/jenkins/agent/workspace/EI-11-Job-C/sonar-java-plugin/src/main/java/org/sonar/plugins/java/BuiltInJavaQualityProfile.java: Recompile with -Xlint:unchecked for details.
[INFO] 
[INFO] --- resources:3.5.0:testResources (default-testResources) @ sonar-java-plugin ---
[INFO] skip non existing resourceDirectory /home/jenkins/agent/workspace/EI-11-Job-C/sonar-java-plugin/src/test/resources
[INFO] 
[INFO] --- dependency:3.8.1:copy (download-jacoco-agent) @ sonar-java-plugin ---
[INFO] Configured Artifact: org.jacoco:org.jacoco.agent:runtime:0.8.15:jar
[INFO] Configured Artifact: org.mockito:mockito-core:5.23.0:jar
[INFO] 
[INFO] --- compiler:3.13.0:testCompile (default-testCompile) @ sonar-java-plugin ---
[INFO] Recompiling the module because of changed dependency.
[INFO] Compiling 13 source files with javac [debug release 21] to target/test-classes
[WARNING] /home/jenkins/agent/workspace/EI-11-Job-C/sonar-java-plugin/src/test/java/org/sonar/plugins/java/GeneratedCheckListTest.java:[99,15] setMarkdownDescription(java.lang.String) in org.sonar.api.server.rule.RulesDefinition.NewRule has been deprecated and marked for removal
[WARNING] /home/jenkins/agent/workspace/EI-11-Job-C/sonar-java-plugin/src/test/java/org/sonar/plugins/java/GeneratedCheckListTest.java:[145,22] markdownDescription() in org.sonar.api.server.rule.RulesDefinition.Rule has been deprecated and marked for removal
[INFO] /home/jenkins/agent/workspace/EI-11-Job-C/sonar-java-plugin/src/test/java/org/sonar/plugins/java/JavaPluginTest.java: Some input files use unchecked or unsafe operations.
[INFO] /home/jenkins/agent/workspace/EI-11-Job-C/sonar-java-plugin/src/test/java/org/sonar/plugins/java/JavaPluginTest.java: Recompile with -Xlint:unchecked for details.
[INFO] 
[INFO] --- surefire:3.5.2:test (default-test) @ sonar-java-plugin ---
[INFO] Using auto detected provider org.apache.maven.surefire.junitplatform.JUnitPlatformProvider
[INFO] Using auto detected provider org.apache.maven.surefire.junitplatform.JUnitPlatformProvider
[INFO] Using auto detected provider org.apache.maven.surefire.junitplatform.JUnitPlatformProvider
[INFO] 
[INFO] -------------------------------------------------------
[INFO]  T E S T S
[INFO] -------------------------------------------------------
Picked up JAVA_TOOL_OPTIONS: -Xmx1024m
[INFO] Running org.sonar.plugins.java.DroppedPropertiesSensorTest
[INFO] Tests run: 5, Failures: 0, Errors: 0, Skipped: 0, Time elapsed: 0.114 s -- in org.sonar.plugins.java.DroppedPropertiesSensorTest
[INFO] Running org.sonar.plugins.java.GeneratedCheckListTest
[INFO] Tests run: 5, Failures: 0, Errors: 0, Skipped: 0, Time elapsed: 0.310 s -- in org.sonar.plugins.java.GeneratedCheckListTest
[INFO] Running org.sonar.plugins.java.JavaAgenticWayProfileTest
[WARNING] Tests run: 2, Failures: 0, Errors: 0, Skipped: 1, Time elapsed: 0.017 s -- in org.sonar.plugins.java.JavaAgenticWayProfileTest
[INFO] Running org.sonar.plugins.java.JavaPluginTest
[INFO] Tests run: 3, Failures: 0, Errors: 0, Skipped: 0, Time elapsed: 0.026 s -- in org.sonar.plugins.java.JavaPluginTest
[INFO] Running org.sonar.plugins.java.JavaRulesDefinitionTest
OpenJDK 64-Bit Server VM warning: Sharing is only supported for boot loader classes because bootstrap classpath has been appended
[INFO] Tests run: 8, Failures: 0, Errors: 0, Skipped: 0, Time elapsed: 0.613 s -- in org.sonar.plugins.java.JavaRulesDefinitionTest
[INFO] Running org.sonar.plugins.java.JavaSensorTest
WARNING: Final field cls in class org.sonar.java.checks.helpers.CredentialMethod has been mutated reflectively by class com.google.gson.internal.bind.ReflectiveTypeAdapterFactory$2 in unnamed module @2f16c6b3 (file:/home/jenkins/.m2/repository/com/google/code/gson/gson/2.14.0/gson-2.14.0.jar)
WARNING: Use --enable-final-field-mutation=ALL-UNNAMED to avoid a warning
WARNING: Mutating final fields will be blocked in a future release unless final field mutation is enabled
[INFO] Tests run: 16, Failures: 0, Errors: 0, Skipped: 0, Time elapsed: 1.935 s -- in org.sonar.plugins.java.JavaSensorTest
[INFO] Running org.sonar.plugins.java.JavaSonarWayProfileTest
[INFO] Tests run: 7, Failures: 0, Errors: 0, Skipped: 0, Time elapsed: 0.006 s -- in org.sonar.plugins.java.JavaSonarWayProfileTest
[INFO] Running org.sonar.plugins.java.JavaTest
[INFO] Tests run: 1, Failures: 0, Errors: 0, Skipped: 0, Time elapsed: 0.001 s -- in org.sonar.plugins.java.JavaTest
[INFO] Running org.sonar.plugins.java.MetadataTest
WARNING: A terminally deprecated method in sun.misc.Unsafe has been called
WARNING: sun.misc.Unsafe::objectFieldOffset has been called by net.bytebuddy.dynamic.loading.ClassInjector$UsingUnsafe$Dispatcher$CreationAction (file:/home/jenkins/.m2/repository/net/bytebuddy/byte-buddy/1.17.7/byte-buddy-1.17.7.jar)
WARNING: Please consider reporting this to the maintainers of class net.bytebuddy.dynamic.loading.ClassInjector$UsingUnsafe$Dispatcher$CreationAction
WARNING: sun.misc.Unsafe::objectFieldOffset will be removed in a future release
[INFO] Tests run: 1, Failures: 0, Errors: 0, Skipped: 0, Time elapsed: 0.386 s -- in org.sonar.plugins.java.MetadataTest
[INFO] Running org.sonar.plugins.java.ProjectEndOfAnalysisSensorTest
[INFO] Tests run: 2, Failures: 0, Errors: 0, Skipped: 0, Time elapsed: 0.004 s -- in org.sonar.plugins.java.ProjectEndOfAnalysisSensorTest
[INFO] Running org.sonar.plugins.java.SanityTest
[WARNING] Tests run: 2, Failures: 0, Errors: 0, Skipped: 2, Time elapsed: 0.002 s -- in org.sonar.plugins.java.SanityTest
[INFO] 
[INFO] Results:
[INFO] 
[WARNING] Tests run: 52, Failures: 0, Errors: 0, Skipped: 3
[INFO] 
[INFO] 
[INFO] -------------------< org.sonarsource.java:java-its >--------------------
[INFO] Building SonarQube Java :: ITs 8.44.0-SNAPSHOT                   [20/27]
[INFO]   from its/pom.xml
[INFO] --------------------------------[ pom ]---------------------------------
[INFO] 
[INFO] --- buildnumber:3.2.1:create (default) @ java-its ---
[INFO] 
[INFO] --- enforcer:3.5.0:enforce (enforce) @ java-its ---
[INFO] Rule 0: org.apache.maven.enforcer.rules.property.RequireProperty passed
[INFO] Rule 1: org.apache.maven.enforcer.rules.property.RequireProperty passed
[INFO] Rule 2: org.apache.maven.enforcer.rules.property.RequireProperty passed
[INFO] Rule 3: org.apache.maven.enforcer.rules.property.RequireProperty passed
[INFO] Rule 4: org.apache.maven.enforcer.rules.property.RequireProperty passed
[INFO] Rule 5: org.apache.maven.enforcer.rules.property.RequireProperty passed
[INFO] Rule 8: org.apache.maven.enforcer.rules.RequirePluginVersions passed
[INFO] 
[INFO] --- license:4.6:check (enforce-license-headers) @ java-its ---
[INFO] Checking licenses...
[INFO] 
[INFO] --- bsh:1.4:run (compute-artifact-display-version) @ java-its ---
[INFO] Executing Script
[INFO] file class java.lang.Object
[INFO] script class java.lang.String
[INFO] evaluating script if (! "8.44.0-SNAPSHOT".endsWith("-SNAPSHOT")) { [+ 14 omitted line(s)]
[INFO] 
[INFO] --- dependency:3.8.1:copy (download-jacoco-agent) @ java-its ---
[INFO] Configured Artifact: org.jacoco:org.jacoco.agent:runtime:0.8.15:jar
[INFO] Configured Artifact: org.mockito:mockito-core:5.23.0:jar
[INFO] 
[INFO] ----------------< org.sonarsource.java:it-java-plugin >-----------------
[INFO] Building SonarQube Java :: ITs :: Plugin 8.44.0-SNAPSHOT         [21/27]
[INFO]   from its/plugin/pom.xml
[INFO] --------------------------------[ pom ]---------------------------------
[INFO] 
[INFO] --- buildnumber:3.2.1:create (default) @ it-java-plugin ---
[INFO] 
[INFO] --- enforcer:3.5.0:enforce (enforce) @ it-java-plugin ---
[INFO] Rule 0: org.apache.maven.enforcer.rules.property.RequireProperty passed
[INFO] Rule 1: org.apache.maven.enforcer.rules.property.RequireProperty passed
[INFO] Rule 2: org.apache.maven.enforcer.rules.property.RequireProperty passed
[INFO] Rule 3: org.apache.maven.enforcer.rules.property.RequireProperty passed
[INFO] Rule 4: org.apache.maven.enforcer.rules.property.RequireProperty passed
[INFO] Rule 5: org.apache.maven.enforcer.rules.property.RequireProperty passed
[INFO] Rule 8: org.apache.maven.enforcer.rules.RequirePluginVersions passed
[INFO] 
[INFO] --- license:4.6:check (enforce-license-headers) @ it-java-plugin ---
[INFO] Checking licenses...
[INFO] 
[INFO] --- bsh:1.4:run (compute-artifact-display-version) @ it-java-plugin ---
[INFO] Executing Script
[INFO] file class java.lang.Object
[INFO] script class java.lang.String
[INFO] evaluating script if (! "8.44.0-SNAPSHOT".endsWith("-SNAPSHOT")) { [+ 14 omitted line(s)]
[INFO] 
[INFO] --- dependency:3.8.1:copy (download-jacoco-agent) @ it-java-plugin ---
[INFO] Configured Artifact: org.jacoco:org.jacoco.agent:runtime:0.8.15:jar
[INFO] Configured Artifact: org.mockito:mockito-core:5.23.0:jar
[INFO] 
[INFO] ------------< org.sonarsource.java:it-java-plugin-plugins >-------------
[INFO] Building SonarQube Java :: ITs :: Plugin :: Plugins 8.44.0-SNAPSHOT [22/27]
[INFO]   from its/plugin/plugins/pom.xml
[INFO] --------------------------------[ pom ]---------------------------------
[INFO] 
[INFO] --- buildnumber:3.2.1:create (default) @ it-java-plugin-plugins ---
[INFO] 
[INFO] --- enforcer:3.5.0:enforce (enforce) @ it-java-plugin-plugins ---
[INFO] Rule 0: org.apache.maven.enforcer.rules.property.RequireProperty passed
[INFO] Rule 1: org.apache.maven.enforcer.rules.property.RequireProperty passed
[INFO] Rule 2: org.apache.maven.enforcer.rules.property.RequireProperty passed
[INFO] Rule 3: org.apache.maven.enforcer.rules.property.RequireProperty passed
[INFO] Rule 4: org.apache.maven.enforcer.rules.property.RequireProperty passed
[INFO] Rule 5: org.apache.maven.enforcer.rules.property.RequireProperty passed
[INFO] Rule 8: org.apache.maven.enforcer.rules.RequirePluginVersions passed
[INFO] 
[INFO] --- license:4.6:check (enforce-license-headers) @ it-java-plugin-plugins ---
[INFO] Checking licenses...
[INFO] 
[INFO] --- bsh:1.4:run (compute-artifact-display-version) @ it-java-plugin-plugins ---
[INFO] Executing Script
[INFO] file class java.lang.Object
[INFO] script class java.lang.String
[INFO] evaluating script if (! "8.44.0-SNAPSHOT".endsWith("-SNAPSHOT")) { [+ 14 omitted line(s)]
[INFO] 
[INFO] --- dependency:3.8.1:copy (download-jacoco-agent) @ it-java-plugin-plugins ---
[INFO] Configured Artifact: org.jacoco:org.jacoco.agent:runtime:0.8.15:jar
[INFO] Configured Artifact: org.mockito:mockito-core:5.23.0:jar
[INFO] 
[INFO] -------------< org.sonarsource.java:java-extension-plugin >-------------
[INFO] Building SonarQube Java :: ITS :: Plugin :: Java Extension Plugin 8.44.0-SNAPSHOT [23/27]
[INFO]   from its/plugin/plugins/java-extension-plugin/pom.xml
[INFO] ----------------------------[ sonar-plugin ]----------------------------
[INFO] 
[INFO] --- buildnumber:3.2.1:create (default) @ java-extension-plugin ---
[INFO] 
[INFO] --- enforcer:3.5.0:enforce (enforce) @ java-extension-plugin ---
[INFO] Rule 0: org.apache.maven.enforcer.rules.property.RequireProperty passed
[INFO] Rule 1: org.apache.maven.enforcer.rules.property.RequireProperty passed
[INFO] Rule 2: org.apache.maven.enforcer.rules.property.RequireProperty passed
[INFO] Rule 3: org.apache.maven.enforcer.rules.property.RequireProperty passed
[INFO] Rule 4: org.apache.maven.enforcer.rules.property.RequireProperty passed
[INFO] Rule 5: org.apache.maven.enforcer.rules.property.RequireProperty passed
[INFO] Rule 8: org.apache.maven.enforcer.rules.RequirePluginVersions passed
[INFO] 
[INFO] --- license:4.6:check (enforce-license-headers) @ java-extension-plugin ---
[INFO] Checking licenses...
[INFO] 
[INFO] --- sonar-packaging:1.25.0.11:check (default-check) @ java-extension-plugin ---
[INFO] 
[INFO] --- bsh:1.4:run (compute-artifact-display-version) @ java-extension-plugin ---
[INFO] Executing Script
[INFO] file class java.lang.Object
[INFO] script class java.lang.String
[INFO] evaluating script if (! "8.44.0-SNAPSHOT".endsWith("-SNAPSHOT")) { [+ 14 omitted line(s)]
[INFO] 
[INFO] --- resources:3.3.1:resources (default-resources) @ java-extension-plugin ---
[INFO] skip non existing resourceDirectory /home/jenkins/agent/workspace/EI-11-Job-C/its/plugin/plugins/java-extension-plugin/src/main/resources
[INFO] 
[INFO] --- compiler:3.13.0:compile (default-compile) @ java-extension-plugin ---
[INFO] Recompiling the module because of changed dependency.
[INFO] Compiling 9 source files with javac [debug release 21] to target/classes
[INFO] /home/jenkins/agent/workspace/EI-11-Job-C/its/plugin/plugins/java-extension-plugin/src/main/java/org/sonar/samples/java/JspCodeCheck.java: Some input files use or override a deprecated API.
[INFO] /home/jenkins/agent/workspace/EI-11-Job-C/its/plugin/plugins/java-extension-plugin/src/main/java/org/sonar/samples/java/JspCodeCheck.java: Recompile with -Xlint:deprecation for details.
[INFO] /home/jenkins/agent/workspace/EI-11-Job-C/its/plugin/plugins/java-extension-plugin/src/main/java/org/sonar/samples/java/JavaExtensionsCheckRegistrar.java: /home/jenkins/agent/workspace/EI-11-Job-C/its/plugin/plugins/java-extension-plugin/src/main/java/org/sonar/samples/java/JavaExtensionsCheckRegistrar.java uses unchecked or unsafe operations.
[INFO] /home/jenkins/agent/workspace/EI-11-Job-C/its/plugin/plugins/java-extension-plugin/src/main/java/org/sonar/samples/java/JavaExtensionsCheckRegistrar.java: Recompile with -Xlint:unchecked for details.
[INFO] 
[INFO] --- resources:3.3.1:testResources (default-testResources) @ java-extension-plugin ---
[INFO] skip non existing resourceDirectory /home/jenkins/agent/workspace/EI-11-Job-C/its/plugin/plugins/java-extension-plugin/src/test/resources
[INFO] 
[INFO] --- dependency:3.8.1:copy (download-jacoco-agent) @ java-extension-plugin ---
[INFO] Configured Artifact: org.jacoco:org.jacoco.agent:runtime:0.8.15:jar
[INFO] Configured Artifact: org.mockito:mockito-core:5.23.0:jar
[INFO] 
[INFO] --- compiler:3.13.0:testCompile (default-testCompile) @ java-extension-plugin ---
[INFO] Recompiling the module because of changed dependency.
[INFO] Compiling 1 source file with javac [debug release 21] to target/test-classes
[INFO] 
[INFO] --- surefire:3.5.2:test (default-test) @ java-extension-plugin ---
[INFO] Skipped
[INFO] 
[INFO] ---------------------< org.sonarsource.java:docs >----------------------
[INFO] Building SonarQube Java :: Documentation 8.44.0-SNAPSHOT         [24/27]
[INFO]   from docs/pom.xml
[INFO] --------------------------------[ pom ]---------------------------------
[INFO] 
[INFO] --- buildnumber:3.2.1:create (default) @ docs ---
[INFO] 
[INFO] --- enforcer:3.5.0:enforce (enforce) @ docs ---
[INFO] Rule 0: org.apache.maven.enforcer.rules.property.RequireProperty passed
[INFO] Rule 1: org.apache.maven.enforcer.rules.property.RequireProperty passed
[INFO] Rule 2: org.apache.maven.enforcer.rules.property.RequireProperty passed
[INFO] Rule 3: org.apache.maven.enforcer.rules.property.RequireProperty passed
[INFO] Rule 4: org.apache.maven.enforcer.rules.property.RequireProperty passed
[INFO] Rule 5: org.apache.maven.enforcer.rules.property.RequireProperty passed
[INFO] Rule 8: org.apache.maven.enforcer.rules.RequirePluginVersions passed
[INFO] 
[INFO] --- license:4.6:check (enforce-license-headers) @ docs ---
[INFO] Checking licenses...
[INFO] 
[INFO] --- bsh:1.4:run (compute-artifact-display-version) @ docs ---
[INFO] Executing Script
[INFO] file class java.lang.Object
[INFO] script class java.lang.String
[INFO] evaluating script if (! "8.44.0-SNAPSHOT".endsWith("-SNAPSHOT")) { [+ 14 omitted line(s)]
[INFO] 
[INFO] --- dependency:3.8.1:copy (download-jacoco-agent) @ docs ---
[INFO] Configured Artifact: org.jacoco:org.jacoco.agent:runtime:0.8.15:jar
[INFO] Configured Artifact: org.mockito:mockito-core:5.23.0:jar
[INFO] 
[INFO] -----------< org.sonarsource.java:java-custom-rules-example >-----------
[INFO] Building SonarQube Java :: Documentation :: Custom Rules Example 8.44.0-SNAPSHOT [25/27]
[INFO]   from docs/java-custom-rules-example/pom.xml
[INFO] ----------------------------[ sonar-plugin ]----------------------------
[INFO] 
[INFO] --- buildnumber:3.2.1:create (default) @ java-custom-rules-example ---
[INFO] 
[INFO] --- enforcer:3.5.0:enforce (enforce) @ java-custom-rules-example ---
[INFO] Rule 0: org.apache.maven.enforcer.rules.property.RequireProperty passed
[INFO] Rule 1: org.apache.maven.enforcer.rules.property.RequireProperty passed
[INFO] Rule 2: org.apache.maven.enforcer.rules.property.RequireProperty passed
[INFO] Rule 3: org.apache.maven.enforcer.rules.property.RequireProperty passed
[INFO] Rule 4: org.apache.maven.enforcer.rules.property.RequireProperty passed
[INFO] Rule 5: org.apache.maven.enforcer.rules.property.RequireProperty passed
[INFO] Rule 8: org.apache.maven.enforcer.rules.RequirePluginVersions passed
[INFO] 
[INFO] --- license:4.6:check (enforce-license-headers) @ java-custom-rules-example ---
[INFO] Checking licenses...
[INFO] 
[INFO] --- sonar-packaging:1.25.0.11:check (default-check) @ java-custom-rules-example ---
[INFO] 
[INFO] --- jacoco:0.8.13:prepare-agent (prepare-agent) @ java-custom-rules-example ---
[INFO] argLine set to -javaagent:/home/jenkins/.m2/repository/org/jacoco/org.jacoco.agent/0.8.13/org.jacoco.agent-0.8.13-runtime.jar=destfile=/home/jenkins/agent/workspace/EI-11-Job-C/docs/java-custom-rules-example/target/jacoco.exec -Xmx512m
[INFO] 
[INFO] --- bsh:1.4:run (compute-artifact-display-version) @ java-custom-rules-example ---
[INFO] Executing Script
[INFO] file class java.lang.Object
[INFO] script class java.lang.String
[INFO] evaluating script if (! "8.44.0-SNAPSHOT".endsWith("-SNAPSHOT")) { [+ 14 omitted line(s)]
[INFO] 
[INFO] --- resources:3.3.1:resources (default-resources) @ java-custom-rules-example ---
[INFO] Copying 19 resources from src/main/resources to target/classes
[INFO] 
[INFO] --- compiler:3.13.0:compile (default-compile) @ java-custom-rules-example ---
[INFO] Recompiling the module because of changed dependency.
[INFO] Compiling 18 source files with javac [debug release 21] to target/classes
[INFO] 
[INFO] --- resources:3.3.1:testResources (default-testResources) @ java-custom-rules-example ---
[INFO] skip non existing resourceDirectory /home/jenkins/agent/workspace/EI-11-Job-C/docs/java-custom-rules-example/src/test/resources
[INFO] 
[INFO] --- dependency:3.8.1:copy (download-jacoco-agent) @ java-custom-rules-example ---
[INFO] Configured Artifact: org.jacoco:org.jacoco.agent:runtime:0.8.15:jar
[INFO] Configured Artifact: org.mockito:mockito-core:5.23.0:jar
[INFO] 
[INFO] --- compiler:3.13.0:testCompile (default-testCompile) @ java-custom-rules-example ---
[INFO] Recompiling the module because of changed dependency.
[INFO] Compiling 14 source files with javac [debug release 21] to target/test-classes
[INFO] /home/jenkins/agent/workspace/EI-11-Job-C/docs/java-custom-rules-example/src/test/java/org/sonar/samples/java/MyJavaRulesDefinitionTest.java: /home/jenkins/agent/workspace/EI-11-Job-C/docs/java-custom-rules-example/src/test/java/org/sonar/samples/java/MyJavaRulesDefinitionTest.java uses or overrides a deprecated API.
[INFO] /home/jenkins/agent/workspace/EI-11-Job-C/docs/java-custom-rules-example/src/test/java/org/sonar/samples/java/MyJavaRulesDefinitionTest.java: Recompile with -Xlint:deprecation for details.
[INFO] /home/jenkins/agent/workspace/EI-11-Job-C/docs/java-custom-rules-example/src/test/java/org/sonar/samples/java/MyJavaRulesPluginTest.java: /home/jenkins/agent/workspace/EI-11-Job-C/docs/java-custom-rules-example/src/test/java/org/sonar/samples/java/MyJavaRulesPluginTest.java uses unchecked or unsafe operations.
[INFO] /home/jenkins/agent/workspace/EI-11-Job-C/docs/java-custom-rules-example/src/test/java/org/sonar/samples/java/MyJavaRulesPluginTest.java: Recompile with -Xlint:unchecked for details.
[INFO] 
[INFO] --- dependency:3.8.1:copy (copy) @ java-custom-rules-example ---
[INFO] Configured Artifact: org.slf4j:slf4j-api:1.7.30:jar
[INFO] Configured Artifact: org.apache.commons:commons-collections4:4.0:jar
[INFO] Configured Artifact: javax:javaee-api:6.0:jar
[INFO] Configured Artifact: org.springframework:spring-webmvc:4.3.3.RELEASE:jar
[INFO] Configured Artifact: org.springframework:spring-web:4.3.3.RELEASE:jar
[INFO] Configured Artifact: org.springframework:spring-context:4.3.3.RELEASE:jar
[INFO] Configured Artifact: junit:junit:4.13.2:jar
[INFO] 
[INFO] --- surefire:3.5.2:test (default-test) @ java-custom-rules-example ---
[INFO] Using auto detected provider org.apache.maven.surefire.junitplatform.JUnitPlatformProvider
[INFO] Using auto detected provider org.apache.maven.surefire.junitplatform.JUnitPlatformProvider
[INFO] Using auto detected provider org.apache.maven.surefire.junitplatform.JUnitPlatformProvider
[INFO] 
[INFO] -------------------------------------------------------
[INFO]  T E S T S
[INFO] -------------------------------------------------------
Picked up JAVA_TOOL_OPTIONS: -Xmx1024m
[INFO] Running org.sonar.samples.java.MyJavaFileCheckRegistrarTest
[INFO] Tests run: 1, Failures: 0, Errors: 0, Skipped: 0, Time elapsed: 0.091 s -- in org.sonar.samples.java.MyJavaFileCheckRegistrarTest
[INFO] Running org.sonar.samples.java.MyJavaRulesDefinitionTest
[INFO] Tests run: 1, Failures: 0, Errors: 0, Skipped: 0, Time elapsed: 0.025 s -- in org.sonar.samples.java.MyJavaRulesDefinitionTest
[INFO] Running org.sonar.samples.java.MyJavaRulesPluginTest
[INFO] Tests run: 1, Failures: 0, Errors: 0, Skipped: 0, Time elapsed: 0.002 s -- in org.sonar.samples.java.MyJavaRulesPluginTest
[INFO] Running org.sonar.samples.java.checks.AvoidAnnotationRuleTest
[INFO] Tests run: 1, Failures: 0, Errors: 0, Skipped: 0, Time elapsed: 0.551 s -- in org.sonar.samples.java.checks.AvoidAnnotationRuleTest
[INFO] Running org.sonar.samples.java.checks.AvoidBrandInMethodNamesRuleTest
[INFO] Tests run: 1, Failures: 0, Errors: 0, Skipped: 0, Time elapsed: 0.038 s -- in org.sonar.samples.java.checks.AvoidBrandInMethodNamesRuleTest
[INFO] Running org.sonar.samples.java.checks.AvoidMethodDeclarationRuleTest
[INFO] Tests run: 1, Failures: 0, Errors: 0, Skipped: 0, Time elapsed: 0.030 s -- in org.sonar.samples.java.checks.AvoidMethodDeclarationRuleTest
[INFO] Running org.sonar.samples.java.checks.AvoidSuperClassRuleTest
[INFO] Tests run: 1, Failures: 0, Errors: 0, Skipped: 0, Time elapsed: 0.024 s -- in org.sonar.samples.java.checks.AvoidSuperClassRuleTest
[INFO] Running org.sonar.samples.java.checks.AvoidTreeListRuleTest
[INFO] Tests run: 1, Failures: 0, Errors: 0, Skipped: 0, Time elapsed: 0.026 s -- in org.sonar.samples.java.checks.AvoidTreeListRuleTest
[INFO] Running org.sonar.samples.java.checks.MyCustomSubscriptionRuleTest
[INFO] Tests run: 1, Failures: 0, Errors: 0, Skipped: 0, Time elapsed: 0.036 s -- in org.sonar.samples.java.checks.MyCustomSubscriptionRuleTest
[INFO] Running org.sonar.samples.java.checks.NoIfStatementInTestsRuleTest
[INFO] Tests run: 1, Failures: 0, Errors: 0, Skipped: 0, Time elapsed: 0.029 s -- in org.sonar.samples.java.checks.NoIfStatementInTestsRuleTest
[INFO] Running org.sonar.samples.java.checks.SecurityAnnotationMandatoryRuleTest
[INFO] Tests run: 2, Failures: 0, Errors: 0, Skipped: 0, Time elapsed: 0.065 s -- in org.sonar.samples.java.checks.SecurityAnnotationMandatoryRuleTest
[INFO] Running org.sonar.samples.java.checks.SpringControllerRequestMappingEntityRuleTest
[INFO] Tests run: 1, Failures: 0, Errors: 0, Skipped: 0, Time elapsed: 0.011 s -- in org.sonar.samples.java.checks.SpringControllerRequestMappingEntityRuleTest
[INFO] Running org.sonar.samples.java.utils.StringUtilsTest
[INFO] Tests run: 2, Failures: 0, Errors: 0, Skipped: 0, Time elapsed: 0.002 s -- in org.sonar.samples.java.utils.StringUtilsTest
[INFO] 
[INFO] Results:
[INFO] 
[INFO] Tests run: 15, Failures: 0, Errors: 0, Skipped: 0
[INFO] 
[INFO] 
[INFO] -------------< org.sonarsource.java:it-java-plugin-tests >--------------
[INFO] Building SonarQube Java :: ITs :: Plugin :: Tests 8.44.0-SNAPSHOT [26/27]
[INFO]   from its/plugin/tests/pom.xml
[INFO] --------------------------------[ jar ]---------------------------------
[INFO] 
[INFO] --- buildnumber:3.2.1:create (default) @ it-java-plugin-tests ---
[INFO] 
[INFO] --- enforcer:3.5.0:enforce (enforce) @ it-java-plugin-tests ---
[INFO] Rule 0: org.apache.maven.enforcer.rules.property.RequireProperty passed
[INFO] Rule 1: org.apache.maven.enforcer.rules.property.RequireProperty passed
[INFO] Rule 2: org.apache.maven.enforcer.rules.property.RequireProperty passed
[INFO] Rule 3: org.apache.maven.enforcer.rules.property.RequireProperty passed
[INFO] Rule 4: org.apache.maven.enforcer.rules.property.RequireProperty passed
[INFO] Rule 5: org.apache.maven.enforcer.rules.property.RequireProperty passed
[INFO] Rule 8: org.apache.maven.enforcer.rules.RequirePluginVersions passed
[INFO] 
[INFO] --- license:4.6:check (enforce-license-headers) @ it-java-plugin-tests ---
[INFO] Checking licenses...
[INFO] 
[INFO] --- bsh:1.4:run (compute-artifact-display-version) @ it-java-plugin-tests ---
[INFO] Executing Script
[INFO] file class java.lang.Object
[INFO] script class java.lang.String
[INFO] evaluating script if (! "8.44.0-SNAPSHOT".endsWith("-SNAPSHOT")) { [+ 14 omitted line(s)]
[INFO] 
[INFO] --- resources:3.3.1:resources (default-resources) @ it-java-plugin-tests ---
[INFO] skip non existing resourceDirectory /home/jenkins/agent/workspace/EI-11-Job-C/its/plugin/tests/src/main/resources
[INFO] 
[INFO] --- compiler:3.13.0:compile (default-compile) @ it-java-plugin-tests ---
[INFO] No sources to compile
[INFO] 
[INFO] --- download:1.13.0:wget (unpack-jre) @ it-java-plugin-tests ---
[INFO] Expanding: /home/jenkins/.m2/repository/.cache/download-maven-plugin/OpenJDK8U-jre_x64_linux_hotspot_8u265b01.tar.gz_b16e3dc421b290af208693f1c3a376ef into /home/jenkins/agent/workspace/EI-11-Job-C/its/plugin/tests/target/jre
[INFO] 
[INFO] --- resources:3.3.1:testResources (default-testResources) @ it-java-plugin-tests ---
[INFO] Copying 16 resources from src/test/resources to target/test-classes
[INFO] 
[INFO] --- dependency:3.8.1:copy (download-jacoco-agent) @ it-java-plugin-tests ---
[INFO] Configured Artifact: org.jacoco:org.jacoco.agent:runtime:0.8.15:jar
[INFO] Configured Artifact: org.mockito:mockito-core:5.23.0:jar
[INFO] 
[INFO] --- compiler:3.13.0:testCompile (default-testCompile) @ it-java-plugin-tests ---
[INFO] Recompiling the module because of changed dependency.
[INFO] Compiling 18 source files with javac [debug release 21] to target/test-classes
[INFO] 
[INFO] --- surefire:3.5.2:test (default-test) @ it-java-plugin-tests ---
[INFO] Skipped
[INFO] 
[INFO] ----------------< org.sonarsource.java:it-java-ruling >-----------------
[INFO] Building SonarQube Java :: ITs :: Ruling 8.44.0-SNAPSHOT         [27/27]
[INFO]   from its/ruling/pom.xml
[INFO] --------------------------------[ jar ]---------------------------------
[INFO] 
[INFO] --- buildnumber:3.2.1:create (default) @ it-java-ruling ---
[INFO] 
[INFO] --- enforcer:3.5.0:enforce (enforce) @ it-java-ruling ---
[INFO] Rule 0: org.apache.maven.enforcer.rules.property.RequireProperty passed
[INFO] Rule 1: org.apache.maven.enforcer.rules.property.RequireProperty passed
[INFO] Rule 2: org.apache.maven.enforcer.rules.property.RequireProperty passed
[INFO] Rule 3: org.apache.maven.enforcer.rules.property.RequireProperty passed
[INFO] Rule 4: org.apache.maven.enforcer.rules.property.RequireProperty passed
[INFO] Rule 5: org.apache.maven.enforcer.rules.property.RequireProperty passed
[INFO] Rule 8: org.apache.maven.enforcer.rules.RequirePluginVersions passed
[INFO] 
[INFO] --- license:4.6:check (enforce-license-headers) @ it-java-ruling ---
[INFO] Checking licenses...
[INFO] 
[INFO] --- bsh:1.4:run (compute-artifact-display-version) @ it-java-ruling ---
[INFO] Executing Script
[INFO] file class java.lang.Object
[INFO] script class java.lang.String
[INFO] evaluating script if (! "8.44.0-SNAPSHOT".endsWith("-SNAPSHOT")) { [+ 14 omitted line(s)]
[INFO] 
[INFO] --- resources:3.3.1:resources (default-resources) @ it-java-ruling ---
[INFO] skip non existing resourceDirectory /home/jenkins/agent/workspace/EI-11-Job-C/its/ruling/src/main/resources
[INFO] 
[INFO] --- compiler:3.13.0:compile (default-compile) @ it-java-ruling ---
[INFO] No sources to compile
[INFO] 
[INFO] --- resources:3.3.1:testResources (default-testResources) @ it-java-ruling ---
[INFO] Copying 1233 resources from src/test/resources to target/test-classes
[INFO] 
[INFO] --- dependency:3.8.1:copy (download-jacoco-agent) @ it-java-ruling ---
[INFO] Configured Artifact: org.jacoco:org.jacoco.agent:runtime:0.8.15:jar
[INFO] Configured Artifact: org.mockito:mockito-core:5.23.0:jar
[INFO] 
[INFO] --- compiler:3.13.0:testCompile (default-testCompile) @ it-java-ruling ---
[INFO] Recompiling the module because of changed dependency.
[INFO] Compiling 3 source files with javac [debug release 21] to target/test-classes
[INFO] /home/jenkins/agent/workspace/EI-11-Job-C/its/ruling/src/test/java/org/sonar/java/it/ProfileGenerator.java: /home/jenkins/agent/workspace/EI-11-Job-C/its/ruling/src/test/java/org/sonar/java/it/ProfileGenerator.java uses or overrides a deprecated API.
[INFO] /home/jenkins/agent/workspace/EI-11-Job-C/its/ruling/src/test/java/org/sonar/java/it/ProfileGenerator.java: Recompile with -Xlint:deprecation for details.
[INFO] 
[INFO] --- surefire:3.5.2:test (default-test) @ it-java-ruling ---
[INFO] Skipped
[INFO] ------------------------------------------------------------------------
[INFO] Reactor Summary for SonarJava 8.44.0-SNAPSHOT:
[INFO] 
[INFO] SonarJava .......................................... SUCCESS [  0.516 s]
[INFO] SonarQube Java :: Checks Test Sources :: Parent Pom  SUCCESS [  0.026 s]
[INFO] SonarQube Java :: Checks Test Sources :: AWS ....... SUCCESS [  2.687 s]
[INFO] SonarQube Java :: Checks Test Sources :: Default ... SUCCESS [  4.867 s]
[INFO] SonarQube Java :: Checks Test Sources :: Java 17 ... SUCCESS [  0.094 s]
[INFO] SonarQube Java :: Checks Test Sources :: Spring Boot 3.2 SUCCESS [  0.080 s]
[INFO] SonarQube Java :: Checks Test Sources :: Spring Web 4.0 SUCCESS [  0.042 s]
[INFO] SonarQube Java :: Checks Test Sources :: Quarkus ArC 3.15 SUCCESS [  0.127 s]
[INFO] SonarQube Java :: Checks Test Sources :: Test Classpath Reader SUCCESS [  0.755 s]
[INFO] SonarQube Java :: Front-end ........................ SUCCESS [ 16.956 s]
[INFO] SonarQube Java :: Checks Test tool kit ............. SUCCESS [  4.080 s]
[INFO] SonarQube Java :: Checks Common .................... SUCCESS [  1.825 s]
[INFO] SonarQube Java :: Checks ........................... SUCCESS [ 53.325 s]
[INFO] SonarQube Java :: AWS Checks ....................... SUCCESS [  2.451 s]
[INFO] SonarQube Java :: Check List ....................... SUCCESS [  1.094 s]
[INFO] SonarQube Java :: External Reports Sensor .......... SUCCESS [  0.866 s]
[INFO] SonarQube Java :: Surefire ......................... SUCCESS [  1.243 s]
[INFO] SonarQube Java :: JSP .............................. SUCCESS [  1.754 s]
[INFO] SonarQube Java :: Plugin ........................... SUCCESS [  5.018 s]
[INFO] SonarQube Java :: ITs .............................. SUCCESS [  0.009 s]
[INFO] SonarQube Java :: ITs :: Plugin .................... SUCCESS [  0.050 s]
[INFO] SonarQube Java :: ITs :: Plugin :: Plugins ......... SUCCESS [  0.011 s]
[INFO] SonarQube Java :: ITS :: Plugin :: Java Extension Plugin SUCCESS [  0.216 s]
[INFO] SonarQube Java :: Documentation .................... SUCCESS [  0.008 s]
[INFO] SonarQube Java :: Documentation :: Custom Rules Example SUCCESS [  1.585 s]
[INFO] SonarQube Java :: ITs :: Plugin :: Tests ........... SUCCESS [  0.713 s]
[INFO] SonarQube Java :: ITs :: Ruling .................... SUCCESS [  0.159 s]
[INFO] ------------------------------------------------------------------------
[INFO] BUILD SUCCESS
[INFO] ------------------------------------------------------------------------
[INFO] Total time:  01:51 min
[INFO] Finished at: 2026-09-13T15:28:51Z
[INFO] ------------------------------------------------------------------------
[INFO] 263 goals, 263 executed
[WARNING] Unexpected error while contacting Develocity server at https://develocity.sonar.build/
[WARNING] No build scan will be published: Develocity features were not enabled due to an unexpected error while contacting Develocity.
[Pipeline] }
[Pipeline] // stage
[Pipeline] stage
[Pipeline] { (Create full-suite execution evidence)
[Pipeline] sh
+ python3 -
EI11_FULL_EXECUTED 4179
EI11_FULL_SKIPPED 4
+ sha256sum full-r1-execution.json
7257ebfdf2a1e76ce0c22825feddba7e2bb521938d59bde5f653a3a719244209  full-r1-execution.json
[Pipeline] archiveArtifacts
Archiving artifacts
Recording fingerprints
[Pipeline] }
[Pipeline] // stage
[Pipeline] }
[Pipeline] // node
[Pipeline] End of Pipeline
Finished: SUCCESS
